record_id,subject,predicate,object,effect_direction,effect_size,dose,experimental_system,mechanism_class,direct_or_inferred,evidence_method,evidence_quality,supporting_quote,paper_id,extraction_source,prompt_version,confidence,edge_raw
R0001,Spirogyra maxima,INHIBITS,methane yield,decrease,Not stated,"multiple doses tested, optimum dose observed",in_vitro,['Unknown/unclear mechanism'],Inferred,in vitro gas production,Medium,Algal mix 1 (predominantly Spirogyra maxima) reduced methane yield,10.1016/j.scitotenv.2023.169296,auto,v2.0-126corpus,0.7,"{""source"": ""Spirogyra maxima"", ""target"": ""methane yield"", ""edge_type"": ""INHIBITS"", ""effect_direction"": ""decrease"", ""effect_size"": ""Not stated"", ""dose"": ""multiple doses tested, optimum dose observed"", ""experimental_system"": ""in_vitro"", ""mechanism_class"": [""Unknown/unclear mechanism""], ""direct_or_inferred"": ""Inferred"", ""evidence_method"": ""in vitro gas production"", ""evidence_quality"": ""Medium"", ""supporting_quote"": ""Algal mix 1 (predominantly Spirogyra maxima) reduced methane yield"", ""paper_id"": ""10.1016/j.scitotenv.2023.169296"", ""extraction_source"": ""auto"", ""prompt_version"": ""v2.0-126corpus"", ""confidence"": 0.7}"
R0001,Montia australasica,INHIBITS,methane yield,decrease,Not stated,"multiple doses tested, optimum dose observed",in_vitro,['Unknown/unclear mechanism'],Inferred,in vitro gas production,Medium,M. australasica reduced methane yield in in vitro batch assay trials,10.1016/j.scitotenv.2023.169296,auto,v2.0-126corpus,0.7,"{""source"": ""Montia australasica"", ""target"": ""methane yield"", ""edge_type"": ""INHIBITS"", ""effect_direction"": ""decrease"", ""effect_size"": ""Not stated"", ""dose"": ""multiple doses tested, optimum dose observed"", ""experimental_system"": ""in_vitro"", ""mechanism_class"": [""Unknown/unclear mechanism""], ""direct_or_inferred"": ""Inferred"", ""evidence_method"": ""in vitro gas production"", ""evidence_quality"": ""Medium"", ""supporting_quote"": ""M. australasica reduced methane yield in in vitro batch assay trials"", ""paper_id"": ""10.1016/j.scitotenv.2023.169296"", ""extraction_source"": ""auto"", ""prompt_version"": ""v2.0-126corpus"", ""confidence"": 0.7}"
R0002,Ascophyllum nodosum,MODULATES,methane yield,no_change,Not stated,5% inclusion rate,in_vitro,['Unknown/unclear mechanism'],Direct,Not stated,Medium,"The seaweeds had no substantial effect on rumen fermentation, feed degradability or methane emissions.",10.3389/fmicb.2016.00299,auto,v2.0-126corpus,0.85,"{""source"": ""Ascophyllum nodosum"", ""target"": ""methane yield"", ""edge_type"": ""MODULATES"", ""effect_direction"": ""no_change"", ""effect_size"": ""Not stated"", ""dose"": ""5% inclusion rate"", ""experimental_system"": ""in_vitro"", ""mechanism_class"": [""Unknown/unclear mechanism""], ""direct_or_inferred"": ""Direct"", ""evidence_method"": ""Not stated"", ""evidence_quality"": ""Medium"", ""supporting_quote"": ""The seaweeds had no substantial effect on rumen fermentation, feed degradability or methane emissions."", ""paper_id"": ""10.3389/fmicb.2016.00299"", ""extraction_source"": ""auto"", ""prompt_version"": ""v2.0-126corpus"", ""confidence"": 0.85}"
R0002,Laminaria digitata,MODULATES,methane yield,no_change,Not stated,5% inclusion rate,in_vitro,['Unknown/unclear mechanism'],Direct,Not stated,Medium,"The seaweeds had no substantial effect on rumen fermentation, feed degradability or methane emissions.",10.3389/fmicb.2016.00299,auto,v2.0-126corpus,0.85,"{""source"": ""Laminaria digitata"", ""target"": ""methane yield"", ""edge_type"": ""MODULATES"", ""effect_direction"": ""no_change"", ""effect_size"": ""Not stated"", ""dose"": ""5% inclusion rate"", ""experimental_system"": ""in_vitro"", ""mechanism_class"": [""Unknown/unclear mechanism""], ""direct_or_inferred"": ""Direct"", ""evidence_method"": ""Not stated"", ""evidence_quality"": ""Medium"", ""supporting_quote"": ""The seaweeds had no substantial effect on rumen fermentation, feed degradability or methane emissions."", ""paper_id"": ""10.3389/fmicb.2016.00299"", ""extraction_source"": ""auto"", ""prompt_version"": ""v2.0-126corpus"", ""confidence"": 0.85}"
R0002,Ascophyllum nodosum,INHIBITS,N degradability,decrease,24%,5% inclusion rate,in_vitro,['Unknown/unclear mechanism'],Direct,Not stated,Medium,ASC promoted a substantial decrease in N degradability (−24%) due to its high phlorotannins content.,10.3389/fmicb.2016.00299,auto,v2.0-126corpus,0.9,"{""source"": ""Ascophyllum nodosum"", ""target"": ""N degradability"", ""edge_type"": ""INHIBITS"", ""effect_direction"": ""decrease"", ""effect_size"": ""24%"", ""dose"": ""5% inclusion rate"", ""experimental_system"": ""in_vitro"", ""mechanism_class"": [""Unknown/unclear mechanism""], ""direct_or_inferred"": ""Direct"", ""evidence_method"": ""Not stated"", ""evidence_quality"": ""Medium"", ""supporting_quote"": ""ASC promoted a substantial decrease in N degradability (−24%) due to its high phlorotannins content."", ""paper_id"": ""10.3389/fmicb.2016.00299"", ""extraction_source"": ""auto"", ""prompt_version"": ""v2.0-126corpus"", ""confidence"": 0.9}"
R0002,Laminaria digitata,PROMOTES,xylan digestibility,increase,70%,5% inclusion rate,in_vitro,['Unknown/unclear mechanism'],Direct,Not stated,Medium,This adaptation of the microbial community to LAM diets led to a greater microbial ability to digest xylan (+70%),10.3389/fmicb.2016.00299,auto,v2.0-126corpus,0.85,"{""source"": ""Laminaria digitata"", ""target"": ""xylan digestibility"", ""edge_type"": ""PROMOTES"", ""effect_direction"": ""increase"", ""effect_size"": ""70%"", ""dose"": ""5% inclusion rate"", ""experimental_system"": ""in_vitro"", ""mechanism_class"": [""Unknown/unclear mechanism""], ""direct_or_inferred"": ""Direct"", ""evidence_method"": ""Not stated"", ""evidence_quality"": ""Medium"", ""supporting_quote"": ""This adaptation of the microbial community to LAM diets led to a greater microbial ability to digest xylan (+70%)"", ""paper_id"": ""10.3389/fmicb.2016.00299"", ""extraction_source"": ""auto"", ""prompt_version"": ""v2.0-126corpus"", ""confidence"": 0.85}"
R0002,Laminaria digitata,PROMOTES,carboxy-methyl-cellulose digestibility,increase,41%,5% inclusion rate,in_vitro,['Unknown/unclear mechanism'],Direct,Not stated,Medium,This adaptation of the microbial community to LAM diets led to a greater microbial ability to digest ... carboxy-methyl-cellulose (+41%),10.3389/fmicb.2016.00299,auto,v2.0-126corpus,0.85,"{""source"": ""Laminaria digitata"", ""target"": ""carboxy-methyl-cellulose digestibility"", ""edge_type"": ""PROMOTES"", ""effect_direction"": ""increase"", ""effect_size"": ""41%"", ""dose"": ""5% inclusion rate"", ""experimental_system"": ""in_vitro"", ""mechanism_class"": [""Unknown/unclear mechanism""], ""direct_or_inferred"": ""Direct"", ""evidence_method"": ""Not stated"", ""evidence_quality"": ""Medium"", ""supporting_quote"": ""This adaptation of the microbial community to LAM diets led to a greater microbial ability to digest ... carboxy-methyl-cellulose (+41%)"", ""paper_id"": ""10.3389/fmicb.2016.00299"", ""extraction_source"": ""auto"", ""prompt_version"": ""v2.0-126corpus"", ""confidence"": 0.85}"
R0002,Laminaria digitata,PROMOTES,microbial protein synthesis,increase,15%,5% inclusion rate,in_vitro,['Unknown/unclear mechanism'],Direct,Not stated,Medium,These differences among brown seaweeds resulted in greater microbial protein synthesis (+15%),10.3389/fmicb.2016.00299,auto,v2.0-126corpus,0.85,"{""source"": ""Laminaria digitata"", ""target"": ""microbial protein synthesis"", ""edge_type"": ""PROMOTES"", ""effect_direction"": ""increase"", ""effect_size"": ""15%"", ""dose"": ""5% inclusion rate"", ""experimental_system"": ""in_vitro"", ""mechanism_class"": [""Unknown/unclear mechanism""], ""direct_or_inferred"": ""Direct"", ""evidence_method"": ""Not stated"", ""evidence_quality"": ""Medium"", ""supporting_quote"": ""These differences among brown seaweeds resulted in greater microbial protein synthesis (+15%)"", ""paper_id"": ""10.3389/fmicb.2016.00299"", ""extraction_source"": ""auto"", ""prompt_version"": ""v2.0-126corpus"", ""confidence"": 0.85}"
R0002,Laminaria digitata,PROMOTES,non-ammonia N flow,increase,11%,5% inclusion rate,in_vitro,['Unknown/unclear mechanism'],Direct,Not stated,Medium,These differences among brown seaweeds resulted in greater ... non-ammonia N flow (+11%),10.3389/fmicb.2016.00299,auto,v2.0-126corpus,0.85,"{""source"": ""Laminaria digitata"", ""target"": ""non-ammonia N flow"", ""edge_type"": ""PROMOTES"", ""effect_direction"": ""increase"", ""effect_size"": ""11%"", ""dose"": ""5% inclusion rate"", ""experimental_system"": ""in_vitro"", ""mechanism_class"": [""Unknown/unclear mechanism""], ""direct_or_inferred"": ""Direct"", ""evidence_method"": ""Not stated"", ""evidence_quality"": ""Medium"", ""supporting_quote"": ""These differences among brown seaweeds resulted in greater ... non-ammonia N flow (+11%)"", ""paper_id"": ""10.3389/fmicb.2016.00299"", ""extraction_source"": ""auto"", ""prompt_version"": ""v2.0-126corpus"", ""confidence"": 0.85}"
R0003,seaweed-based feed additive,INHIBITS,methane yield,decrease,73.6%,280 mg bromoform/head per day,in_vivo,['Unknown/unclear mechanism'],Inferred,GreenFeed,High,"methane emissions in the SBFA treatment group were significantly lower than in the control group, averaging 53.7 g/d versus 203.2 g/d, corresponding to a 73.6% reduction",10.3390/ani15243625,auto,v2.0-126corpus,0.92,"{""source"": ""seaweed-based feed additive"", ""target"": ""methane yield"", ""edge_type"": ""INHIBITS"", ""effect_direction"": ""decrease"", ""effect_size"": ""73.6%"", ""dose"": ""280 mg bromoform/head per day"", ""experimental_system"": ""in_vivo"", ""mechanism_class"": [""Unknown/unclear mechanism""], ""direct_or_inferred"": ""Inferred"", ""evidence_method"": ""GreenFeed"", ""evidence_quality"": ""High"", ""supporting_quote"": ""methane emissions in the SBFA treatment group were significantly lower than in the control group, averaging 53.7 g/d versus 203.2 g/d, corresponding to a 73.6% reduction"", ""paper_id"": ""10.3390/ani15243625"", ""extraction_source"": ""auto"", ""prompt_version"": ""v2.0-126corpus"", ""confidence"": 0.92}"
R0004,Asparagopsis taxiformis,INHIBITS,Methanogens,decrease,Not stated,Not specified,in_vitro,['Microbial community restructuring'],Direct,16S rRNA,High,"A. taxiformis reduced the abundance of all major archaeal species (p < 0.05), leading to an almost total disappearance of the methanogens.",10.3389/fmicb.2023.1104667,auto,v2.0-126corpus,0.92,"{""source"": ""Asparagopsis taxiformis"", ""target"": ""Methanogens"", ""edge_type"": ""INHIBITS"", ""effect_direction"": ""decrease"", ""effect_size"": ""Not stated"", ""dose"": ""Not specified"", ""experimental_system"": ""in_vitro"", ""mechanism_class"": [""Microbial community restructuring""], ""direct_or_inferred"": ""Direct"", ""evidence_method"": ""16S rRNA"", ""evidence_quality"": ""High"", ""supporting_quote"": ""A. taxiformis reduced the abundance of all major archaeal species (p < 0.05), leading to an almost total disappearance of the methanogens."", ""paper_id"": ""10.3389/fmicb.2023.1104667"", ""extraction_source"": ""auto"", ""prompt_version"": ""v2.0-126corpus"", ""confidence"": 0.92}"
R0004,Asparagopsis taxiformis,INHIBITS,Fibrobacter,decrease,Not stated,Not specified,in_vitro,['Microbial community restructuring'],Direct,16S rRNA,High,Prominent fiber-degrading ... bacteria including Fibrobacter ... were also inhibited by A. taxiformis (p < 0.05),10.3389/fmicb.2023.1104667,auto,v2.0-126corpus,0.92,"{""source"": ""Asparagopsis taxiformis"", ""target"": ""Fibrobacter"", ""edge_type"": ""INHIBITS"", ""effect_direction"": ""decrease"", ""effect_size"": ""Not stated"", ""dose"": ""Not specified"", ""experimental_system"": ""in_vitro"", ""mechanism_class"": [""Microbial community restructuring""], ""direct_or_inferred"": ""Direct"", ""evidence_method"": ""16S rRNA"", ""evidence_quality"": ""High"", ""supporting_quote"": ""Prominent fiber-degrading ... bacteria including Fibrobacter ... were also inhibited by A. taxiformis (p < 0.05)"", ""paper_id"": ""10.3389/fmicb.2023.1104667"", ""extraction_source"": ""auto"", ""prompt_version"": ""v2.0-126corpus"", ""confidence"": 0.92}"
R0004,Asparagopsis taxiformis,INHIBITS,Ruminococcus,decrease,Not stated,Not specified,in_vitro,['Microbial community restructuring'],Direct,16S rRNA,High,Prominent fiber-degrading and volatile fatty acid (VFA)-producing bacteria including ... Ruminococcus were also inhibited by A. taxiformis (p < 0.05),10.3389/fmicb.2023.1104667,auto,v2.0-126corpus,0.92,"{""source"": ""Asparagopsis taxiformis"", ""target"": ""Ruminococcus"", ""edge_type"": ""INHIBITS"", ""effect_direction"": ""decrease"", ""effect_size"": ""Not stated"", ""dose"": ""Not specified"", ""experimental_system"": ""in_vitro"", ""mechanism_class"": [""Microbial community restructuring""], ""direct_or_inferred"": ""Direct"", ""evidence_method"": ""16S rRNA"", ""evidence_quality"": ""High"", ""supporting_quote"": ""Prominent fiber-degrading and volatile fatty acid (VFA)-producing bacteria including ... Ruminococcus were also inhibited by A. taxiformis (p < 0.05)"", ""paper_id"": ""10.3389/fmicb.2023.1104667"", ""extraction_source"": ""auto"", ""prompt_version"": ""v2.0-126corpus"", ""confidence"": 0.92}"
R0004,Asparagopsis taxiformis,PROMOTES,Prevotella,increase,Not stated,Not specified,in_vitro,['Microbial community restructuring'],Direct,16S rRNA,High,The relative abundance of several other bacteria including Prevotella ... were increased by A. taxiformis,10.3389/fmicb.2023.1104667,auto,v2.0-126corpus,0.92,"{""source"": ""Asparagopsis taxiformis"", ""target"": ""Prevotella"", ""edge_type"": ""PROMOTES"", ""effect_direction"": ""increase"", ""effect_size"": ""Not stated"", ""dose"": ""Not specified"", ""experimental_system"": ""in_vitro"", ""mechanism_class"": [""Microbial community restructuring""], ""direct_or_inferred"": ""Direct"", ""evidence_method"": ""16S rRNA"", ""evidence_quality"": ""High"", ""supporting_quote"": ""The relative abundance of several other bacteria including Prevotella ... were increased by A. taxiformis"", ""paper_id"": ""10.3389/fmicb.2023.1104667"", ""extraction_source"": ""auto"", ""prompt_version"": ""v2.0-126corpus"", ""confidence"": 0.92}"
R0004,Asparagopsis taxiformis,PROMOTES,Bifidobacterium,increase,Not stated,Not specified,in_vitro,['Microbial community restructuring'],Direct,16S rRNA,High,The relative abundance of several other bacteria including ... Bifidobacterium ... were increased by A. taxiformis,10.3389/fmicb.2023.1104667,auto,v2.0-126corpus,0.92,"{""source"": ""Asparagopsis taxiformis"", ""target"": ""Bifidobacterium"", ""edge_type"": ""PROMOTES"", ""effect_direction"": ""increase"", ""effect_size"": ""Not stated"", ""dose"": ""Not specified"", ""experimental_system"": ""in_vitro"", ""mechanism_class"": [""Microbial community restructuring""], ""direct_or_inferred"": ""Direct"", ""evidence_method"": ""16S rRNA"", ""evidence_quality"": ""High"", ""supporting_quote"": ""The relative abundance of several other bacteria including ... Bifidobacterium ... were increased by A. taxiformis"", ""paper_id"": ""10.3389/fmicb.2023.1104667"", ""extraction_source"": ""auto"", ""prompt_version"": ""v2.0-126corpus"", ""confidence"": 0.92}"
R0004,Asparagopsis taxiformis,PROMOTES,Succinivibrio,increase,Not stated,Not specified,in_vitro,['Microbial community restructuring'],Direct,16S rRNA,High,The relative abundance of several other bacteria including ... Succinivibrio ... were increased by A. taxiformis,10.3389/fmicb.2023.1104667,auto,v2.0-126corpus,0.92,"{""source"": ""Asparagopsis taxiformis"", ""target"": ""Succinivibrio"", ""edge_type"": ""PROMOTES"", ""effect_direction"": ""increase"", ""effect_size"": ""Not stated"", ""dose"": ""Not specified"", ""experimental_system"": ""in_vitro"", ""mechanism_class"": [""Microbial community restructuring""], ""direct_or_inferred"": ""Direct"", ""evidence_method"": ""16S rRNA"", ""evidence_quality"": ""High"", ""supporting_quote"": ""The relative abundance of several other bacteria including ... Succinivibrio ... were increased by A. taxiformis"", ""paper_id"": ""10.3389/fmicb.2023.1104667"", ""extraction_source"": ""auto"", ""prompt_version"": ""v2.0-126corpus"", ""confidence"": 0.92}"
R0004,Asparagopsis taxiformis,PROMOTES,Ruminobacter,increase,Not stated,Not specified,in_vitro,['Microbial community restructuring'],Direct,16S rRNA,High,The relative abundance of several other bacteria including ... Ruminobacter ... were increased by A. taxiformis,10.3389/fmicb.2023.1104667,auto,v2.0-126corpus,0.92,"{""source"": ""Asparagopsis taxiformis"", ""target"": ""Ruminobacter"", ""edge_type"": ""PROMOTES"", ""effect_direction"": ""increase"", ""effect_size"": ""Not stated"", ""dose"": ""Not specified"", ""experimental_system"": ""in_vitro"", ""mechanism_class"": [""Microbial community restructuring""], ""direct_or_inferred"": ""Direct"", ""evidence_method"": ""16S rRNA"", ""evidence_quality"": ""High"", ""supporting_quote"": ""The relative abundance of several other bacteria including ... Ruminobacter ... were increased by A. taxiformis"", ""paper_id"": ""10.3389/fmicb.2023.1104667"", ""extraction_source"": ""auto"", ""prompt_version"": ""v2.0-126corpus"", ""confidence"": 0.92}"
R0004,Asparagopsis taxiformis,PROMOTES,unclassified Lachnospiraceae,increase,Not stated,Not specified,in_vitro,['Microbial community restructuring'],Direct,16S rRNA,High,The relative abundance of several other bacteria including ... unclassified Lachnospiraceae were increased by A. taxiformis,10.3389/fmicb.2023.1104667,auto,v2.0-126corpus,0.92,"{""source"": ""Asparagopsis taxiformis"", ""target"": ""unclassified Lachnospiraceae"", ""edge_type"": ""PROMOTES"", ""effect_direction"": ""increase"", ""effect_size"": ""Not stated"", ""dose"": ""Not specified"", ""experimental_system"": ""in_vitro"", ""mechanism_class"": [""Microbial community restructuring""], ""direct_or_inferred"": ""Direct"", ""evidence_method"": ""16S rRNA"", ""evidence_quality"": ""High"", ""supporting_quote"": ""The relative abundance of several other bacteria including ... unclassified Lachnospiraceae were increased by A. taxiformis"", ""paper_id"": ""10.3389/fmicb.2023.1104667"", ""extraction_source"": ""auto"", ""prompt_version"": ""v2.0-126corpus"", ""confidence"": 0.92}"
R0004,Palmaria mollis,MODULATES,Methanogens,no_change,Not stated,Not specified,in_vitro,['Microbial community restructuring'],Direct,16S rRNA,High,Neither P. mollis nor M. japonica had a substantial effect on the microbiome (p > 0.05),10.3389/fmicb.2023.1104667,auto,v2.0-126corpus,0.85,"{""source"": ""Palmaria mollis"", ""target"": ""Methanogens"", ""edge_type"": ""MODULATES"", ""effect_direction"": ""no_change"", ""effect_size"": ""Not stated"", ""dose"": ""Not specified"", ""experimental_system"": ""in_vitro"", ""mechanism_class"": [""Microbial community restructuring""], ""direct_or_inferred"": ""Direct"", ""evidence_method"": ""16S rRNA"", ""evidence_quality"": ""High"", ""supporting_quote"": ""Neither P. mollis nor M. japonica had a substantial effect on the microbiome (p > 0.05)"", ""paper_id"": ""10.3389/fmicb.2023.1104667"", ""extraction_source"": ""auto"", ""prompt_version"": ""v2.0-126corpus"", ""confidence"": 0.85}"
R0004,Mazzaella japonica,MODULATES,Methanogens,no_change,Not stated,Not specified,in_vitro,['Microbial community restructuring'],Direct,16S rRNA,High,Neither P. mollis nor M. japonica had a substantial effect on the microbiome (p > 0.05),10.3389/fmicb.2023.1104667,auto,v2.0-126corpus,0.85,"{""source"": ""Mazzaella japonica"", ""target"": ""Methanogens"", ""edge_type"": ""MODULATES"", ""effect_direction"": ""no_change"", ""effect_size"": ""Not stated"", ""dose"": ""Not specified"", ""experimental_system"": ""in_vitro"", ""mechanism_class"": [""Microbial community restructuring""], ""direct_or_inferred"": ""Direct"", ""evidence_method"": ""16S rRNA"", ""evidence_quality"": ""High"", ""supporting_quote"": ""Neither P. mollis nor M. japonica had a substantial effect on the microbiome (p > 0.05)"", ""paper_id"": ""10.3389/fmicb.2023.1104667"", ""extraction_source"": ""auto"", ""prompt_version"": ""v2.0-126corpus"", ""confidence"": 0.85}"
R0005,Asparagopsis taxiformis,PRODUCES,bromoform,increase,19.2 mg g-1 dw algae,Not specified,ex_vivo,['Unknown/unclear mechanism'],Direct,chemical analysis,High,homogenise freshly-collected Asparagopsis in oil resulted in highest concentration of bromoform (19.2 ± 2.1 mg g-1 dw algae),10.1016/j.algal.2020.102065,auto,v2.0-126corpus,0.95,"{""source"": ""Asparagopsis taxiformis"", ""target"": ""bromoform"", ""edge_type"": ""PRODUCES"", ""effect_direction"": ""increase"", ""effect_size"": ""19.2 mg g-1 dw algae"", ""dose"": ""Not specified"", ""experimental_system"": ""ex_vivo"", ""mechanism_class"": [""Unknown/unclear mechanism""], ""direct_or_inferred"": ""Direct"", ""evidence_method"": ""chemical analysis"", ""evidence_quality"": ""High"", ""supporting_quote"": ""homogenise freshly-collected Asparagopsis in oil resulted in highest concentration of bromoform (19.2 ± 2.1 mg g-1 dw algae)"", ""paper_id"": ""10.1016/j.algal.2020.102065"", ""extraction_source"": ""auto"", ""prompt_version"": ""v2.0-126corpus"", ""confidence"": 0.95}"
R0006,Ecklonia stolonifera,PROMOTES,methane yield,increase,Not stated,"1%, 3%, and 5% on timothy hay basis",in_vitro,['Microbial community restructuring'],Direct,real-time polymerase chain reaction,Medium,E. stolonifera extracts appeared to increase both methane emissions and hydrogen production,10.5713/ajas.19.0092,auto,v2.0-126corpus,0.8,"{""source"": ""Ecklonia stolonifera"", ""target"": ""methane yield"", ""edge_type"": ""PROMOTES"", ""effect_direction"": ""increase"", ""effect_size"": ""Not stated"", ""dose"": ""1%, 3%, and 5% on timothy hay basis"", ""experimental_system"": ""in_vitro"", ""mechanism_class"": [""Microbial community restructuring""], ""direct_or_inferred"": ""Direct"", ""evidence_method"": ""real-time polymerase chain reaction"", ""evidence_quality"": ""Medium"", ""supporting_quote"": ""E. stolonifera extracts appeared to increase both methane emissions and hydrogen production"", ""paper_id"": ""10.5713/ajas.19.0092"", ""extraction_source"": ""auto"", ""prompt_version"": ""v2.0-126corpus"", ""confidence"": 0.8}"
R0006,Ecklonia stolonifera,PROMOTES,hydrogen production,increase,Not stated,"1%, 3%, and 5% on timothy hay basis",in_vitro,['Unknown/unclear mechanism'],Inferred,in vitro gas production,Medium,E. stolonifera extracts appeared to increase both methane emissions and hydrogen production,10.5713/ajas.19.0092,auto,v2.0-126corpus,0.7,"{""source"": ""Ecklonia stolonifera"", ""target"": ""hydrogen production"", ""edge_type"": ""PROMOTES"", ""effect_direction"": ""increase"", ""effect_size"": ""Not stated"", ""dose"": ""1%, 3%, and 5% on timothy hay basis"", ""experimental_system"": ""in_vitro"", ""mechanism_class"": [""Unknown/unclear mechanism""], ""direct_or_inferred"": ""Inferred"", ""evidence_method"": ""in vitro gas production"", ""evidence_quality"": ""Medium"", ""supporting_quote"": ""E. stolonifera extracts appeared to increase both methane emissions and hydrogen production"", ""paper_id"": ""10.5713/ajas.19.0092"", ""extraction_source"": ""auto"", ""prompt_version"": ""v2.0-126corpus"", ""confidence"": 0.7}"
R0006,Ecklonia stolonifera,INHIBITS,ciliate-associated methanogen,decrease,Not stated,"1%, 3%, and 5% on timothy hay basis",in_vitro,['Microbial community restructuring'],Direct,real-time polymerase chain reaction,Medium,ciliate-associated methanogen populations decreased,10.5713/ajas.19.0092,auto,v2.0-126corpus,0.85,"{""source"": ""Ecklonia stolonifera"", ""target"": ""ciliate-associated methanogen"", ""edge_type"": ""INHIBITS"", ""effect_direction"": ""decrease"", ""effect_size"": ""Not stated"", ""dose"": ""1%, 3%, and 5% on timothy hay basis"", ""experimental_system"": ""in_vitro"", ""mechanism_class"": [""Microbial community restructuring""], ""direct_or_inferred"": ""Direct"", ""evidence_method"": ""real-time polymerase chain reaction"", ""evidence_quality"": ""Medium"", ""supporting_quote"": ""ciliate-associated methanogen populations decreased"", ""paper_id"": ""10.5713/ajas.19.0092"", ""extraction_source"": ""auto"", ""prompt_version"": ""v2.0-126corpus"", ""confidence"": 0.85}"
R0006,Ecklonia stolonifera,INHIBITS,Fibrobacter succinogenes,decrease,Not stated,"1%, 3%, and 5% on timothy hay basis",in_vitro,['Microbial community restructuring'],Direct,real-time polymerase chain reaction,Medium,Fibrobacter succinogenes populations decreased,10.5713/ajas.19.0092,auto,v2.0-126corpus,0.85,"{""source"": ""Ecklonia stolonifera"", ""target"": ""Fibrobacter succinogenes"", ""edge_type"": ""INHIBITS"", ""effect_direction"": ""decrease"", ""effect_size"": ""Not stated"", ""dose"": ""1%, 3%, and 5% on timothy hay basis"", ""experimental_system"": ""in_vitro"", ""mechanism_class"": [""Microbial community restructuring""], ""direct_or_inferred"": ""Direct"", ""evidence_method"": ""real-time polymerase chain reaction"", ""evidence_quality"": ""Medium"", ""supporting_quote"": ""Fibrobacter succinogenes populations decreased"", ""paper_id"": ""10.5713/ajas.19.0092"", ""extraction_source"": ""auto"", ""prompt_version"": ""v2.0-126corpus"", ""confidence"": 0.85}"
R0006,Ecklonia stolonifera,PROMOTES,Ruminococcus flavefaciens,increase,Not stated,"1%, 3%, and 5% on timothy hay basis",in_vitro,['Microbial community restructuring'],Direct,real-time polymerase chain reaction,Medium,Ruminococcus flavefaciens population increased,10.5713/ajas.19.0092,auto,v2.0-126corpus,0.85,"{""source"": ""Ecklonia stolonifera"", ""target"": ""Ruminococcus flavefaciens"", ""edge_type"": ""PROMOTES"", ""effect_direction"": ""increase"", ""effect_size"": ""Not stated"", ""dose"": ""1%, 3%, and 5% on timothy hay basis"", ""experimental_system"": ""in_vitro"", ""mechanism_class"": [""Microbial community restructuring""], ""direct_or_inferred"": ""Direct"", ""evidence_method"": ""real-time polymerase chain reaction"", ""evidence_quality"": ""Medium"", ""supporting_quote"": ""Ruminococcus flavefaciens population increased"", ""paper_id"": ""10.5713/ajas.19.0092"", ""extraction_source"": ""auto"", ""prompt_version"": ""v2.0-126corpus"", ""confidence"": 0.85}"
R0008,Asparagopsis taxiformis,INHIBITS,methane yield,decrease,80%,0.5% OM,in_vivo,['Hydrogen sink redistribution'],Direct,respiration chamber,High,Supplementing low forage TMR reduced CH4 yield 69.8% (P<0.01) for Low and 80% (P<0.01) for High treatments.,10.1371/journal.pone.0247820,auto,v2.0-126corpus,0.92,"{""source"": ""Asparagopsis taxiformis"", ""target"": ""methane yield"", ""edge_type"": ""INHIBITS"", ""effect_direction"": ""decrease"", ""effect_size"": ""80%"", ""dose"": ""0.5% OM"", ""experimental_system"": ""in_vivo"", ""mechanism_class"": [""Hydrogen sink redistribution""], ""direct_or_inferred"": ""Direct"", ""evidence_method"": ""respiration chamber"", ""evidence_quality"": ""High"", ""supporting_quote"": ""Supplementing low forage TMR reduced CH4 yield 69.8% (P<0.01) for Low and 80% (P<0.01) for High treatments."", ""paper_id"": ""10.1371/journal.pone.0247820"", ""extraction_source"": ""auto"", ""prompt_version"": ""v2.0-126corpus"", ""confidence"": 0.92}"
R0008,Asparagopsis taxiformis,PROMOTES,hydrogen yield,increase,590%,0.5% OM,in_vivo,['Hydrogen sink redistribution'],Direct,respiration chamber,High,"Hydrogen (H2) yield increased (P<0.01) 336 and 590% compared to Control for the Low and High treatments, respectively.",10.1371/journal.pone.0247820,auto,v2.0-126corpus,0.92,"{""source"": ""Asparagopsis taxiformis"", ""target"": ""hydrogen yield"", ""edge_type"": ""PROMOTES"", ""effect_direction"": ""increase"", ""effect_size"": ""590%"", ""dose"": ""0.5% OM"", ""experimental_system"": ""in_vivo"", ""mechanism_class"": [""Hydrogen sink redistribution""], ""direct_or_inferred"": ""Direct"", ""evidence_method"": ""respiration chamber"", ""evidence_quality"": ""High"", ""supporting_quote"": ""Hydrogen (H2) yield increased (P<0.01) 336 and 590% compared to Control for the Low and High treatments, respectively."", ""paper_id"": ""10.1371/journal.pone.0247820"", ""extraction_source"": ""auto"", ""prompt_version"": ""v2.0-126corpus"", ""confidence"": 0.92}"
R0009,Asparagopsis taxiformis,PRODUCES,bromoform,increase,Not stated,Not specified,review,['Unknown/unclear mechanism'],Inferred,Not stated,Low,Asparagopsis taxiformis is the preferred species because it contains a relatively higher concentration of bromoform,10.1016/j.jia.2024.09.036,auto,v2.0-126corpus,0.7,"{""source"": ""Asparagopsis taxiformis"", ""target"": ""bromoform"", ""edge_type"": ""PRODUCES"", ""effect_direction"": ""increase"", ""effect_size"": ""Not stated"", ""dose"": ""Not specified"", ""experimental_system"": ""review"", ""mechanism_class"": [""Unknown/unclear mechanism""], ""direct_or_inferred"": ""Inferred"", ""evidence_method"": ""Not stated"", ""evidence_quality"": ""Low"", ""supporting_quote"": ""Asparagopsis taxiformis is the preferred species because it contains a relatively higher concentration of bromoform"", ""paper_id"": ""10.1016/j.jia.2024.09.036"", ""extraction_source"": ""auto"", ""prompt_version"": ""v2.0-126corpus"", ""confidence"": 0.7}"
R0009,bromoform,INHIBITS,coenzyme M methyltransferase,decrease,Not stated,Not specified,review,['Direct archaeal inhibition'],Inferred,Not stated,Low,bromoform contained in A. taxiformis can specifically inhibit the activity of coenzyme M methyltransferase,10.1016/j.jia.2024.09.036,auto,v2.0-126corpus,0.7,"{""source"": ""bromoform"", ""target"": ""coenzyme M methyltransferase"", ""edge_type"": ""INHIBITS"", ""effect_direction"": ""decrease"", ""effect_size"": ""Not stated"", ""dose"": ""Not specified"", ""experimental_system"": ""review"", ""mechanism_class"": [""Direct archaeal inhibition""], ""direct_or_inferred"": ""Inferred"", ""evidence_method"": ""Not stated"", ""evidence_quality"": ""Low"", ""supporting_quote"": ""bromoform contained in A. taxiformis can specifically inhibit the activity of coenzyme M methyltransferase"", ""paper_id"": ""10.1016/j.jia.2024.09.036"", ""extraction_source"": ""auto"", ""prompt_version"": ""v2.0-126corpus"", ""confidence"": 0.7}"
R0009,coenzyme M methyltransferase,ASSOCIATED_WITH,methane yield,increase,Not stated,Not specified,review,['Unknown/unclear mechanism'],Inferred,Not stated,Low,thereby blocking the ruminal methanogenesis,10.1016/j.jia.2024.09.036,auto,v2.0-126corpus,0.7,"{""source"": ""coenzyme M methyltransferase"", ""target"": ""methane yield"", ""edge_type"": ""ASSOCIATED_WITH"", ""effect_direction"": ""increase"", ""effect_size"": ""Not stated"", ""dose"": ""Not specified"", ""experimental_system"": ""review"", ""mechanism_class"": [""Unknown/unclear mechanism""], ""direct_or_inferred"": ""Inferred"", ""evidence_method"": ""Not stated"", ""evidence_quality"": ""Low"", ""supporting_quote"": ""thereby blocking the ruminal methanogenesis"", ""paper_id"": ""10.1016/j.jia.2024.09.036"", ""extraction_source"": ""auto"", ""prompt_version"": ""v2.0-126corpus"", ""confidence"": 0.7}"
R0010,Ascophyllum nodosum,MODULATES,methane yield,no_change,Not stated,2% DM,in_vivo,['Unknown/unclear mechanism'],Direct,rumen cannulation,High,no effect of A. nodosum on CH4 yield,10.1139/cjas-2024-0129,auto,v2.0-126corpus,0.85,"{""source"": ""Ascophyllum nodosum"", ""target"": ""methane yield"", ""edge_type"": ""MODULATES"", ""effect_direction"": ""no_change"", ""effect_size"": ""Not stated"", ""dose"": ""2% DM"", ""experimental_system"": ""in_vivo"", ""mechanism_class"": [""Unknown/unclear mechanism""], ""direct_or_inferred"": ""Direct"", ""evidence_method"": ""rumen cannulation"", ""evidence_quality"": ""High"", ""supporting_quote"": ""no effect of A. nodosum on CH4 yield"", ""paper_id"": ""10.1139/cjas-2024-0129"", ""extraction_source"": ""auto"", ""prompt_version"": ""v2.0-126corpus"", ""confidence"": 0.85}"
R0010,Himanthalia elongata,MODULATES,methane yield,no_change,Not stated,2% DM,in_vivo,['Unknown/unclear mechanism'],Direct,rumen cannulation,High,no effect of H. elongata extract on CH4 yield,10.1139/cjas-2024-0129,auto,v2.0-126corpus,0.85,"{""source"": ""Himanthalia elongata"", ""target"": ""methane yield"", ""edge_type"": ""MODULATES"", ""effect_direction"": ""no_change"", ""effect_size"": ""Not stated"", ""dose"": ""2% DM"", ""experimental_system"": ""in_vivo"", ""mechanism_class"": [""Unknown/unclear mechanism""], ""direct_or_inferred"": ""Direct"", ""evidence_method"": ""rumen cannulation"", ""evidence_quality"": ""High"", ""supporting_quote"": ""no effect of H. elongata extract on CH4 yield"", ""paper_id"": ""10.1139/cjas-2024-0129"", ""extraction_source"": ""auto"", ""prompt_version"": ""v2.0-126corpus"", ""confidence"": 0.85}"
R0010,Ascophyllum nodosum,MODULATES,methane yield,no_change,Not stated,2% DM,in_vivo,['Unknown/unclear mechanism'],Direct,rumen cannulation,High,no effect of A. nodosum on CH4 production,10.1139/cjas-2024-0129,auto,v2.0-126corpus,0.85,"{""source"": ""Ascophyllum nodosum"", ""target"": ""methane yield"", ""edge_type"": ""MODULATES"", ""effect_direction"": ""no_change"", ""effect_size"": ""Not stated"", ""dose"": ""2% DM"", ""experimental_system"": ""in_vivo"", ""mechanism_class"": [""Unknown/unclear mechanism""], ""direct_or_inferred"": ""Direct"", ""evidence_method"": ""rumen cannulation"", ""evidence_quality"": ""High"", ""supporting_quote"": ""no effect of A. nodosum on CH4 production"", ""paper_id"": ""10.1139/cjas-2024-0129"", ""extraction_source"": ""auto"", ""prompt_version"": ""v2.0-126corpus"", ""confidence"": 0.85}"
R0010,Himanthalia elongata,MODULATES,methane yield,no_change,Not stated,2% DM,in_vivo,['Unknown/unclear mechanism'],Direct,rumen cannulation,High,no effect of H. elongata extract on CH4 production,10.1139/cjas-2024-0129,auto,v2.0-126corpus,0.85,"{""source"": ""Himanthalia elongata"", ""target"": ""methane yield"", ""edge_type"": ""MODULATES"", ""effect_direction"": ""no_change"", ""effect_size"": ""Not stated"", ""dose"": ""2% DM"", ""experimental_system"": ""in_vivo"", ""mechanism_class"": [""Unknown/unclear mechanism""], ""direct_or_inferred"": ""Direct"", ""evidence_method"": ""rumen cannulation"", ""evidence_quality"": ""High"", ""supporting_quote"": ""no effect of H. elongata extract on CH4 production"", ""paper_id"": ""10.1139/cjas-2024-0129"", ""extraction_source"": ""auto"", ""prompt_version"": ""v2.0-126corpus"", ""confidence"": 0.85}"
R0011,Laminaria japonica Aresch,INHIBITS,methane yield,decrease,>75%,"1%, 5%, 10% of CSF",in_vitro,"['Microbial community restructuring', 'Fermentation pathway modulation']",Inferred,high-throughput sequencing,High,>75% reductions in methane production were observed for the seaweeds,10.1016/j.envres.2024.119458,auto,v2.0-126corpus,0.85,"{""source"": ""Laminaria japonica Aresch"", ""target"": ""methane yield"", ""edge_type"": ""INHIBITS"", ""effect_direction"": ""decrease"", ""effect_size"": "">75%"", ""dose"": ""1%, 5%, 10% of CSF"", ""experimental_system"": ""in_vitro"", ""mechanism_class"": [""Microbial community restructuring"", ""Fermentation pathway modulation""], ""direct_or_inferred"": ""Inferred"", ""evidence_method"": ""high-throughput sequencing"", ""evidence_quality"": ""High"", ""supporting_quote"": "">75% reductions in methane production were observed for the seaweeds"", ""paper_id"": ""10.1016/j.envres.2024.119458"", ""extraction_source"": ""auto"", ""prompt_version"": ""v2.0-126corpus"", ""confidence"": 0.85}"
R0011,Porphyra tenera,INHIBITS,methane yield,decrease,>75%,"1%, 5%, 10% of CSF",in_vitro,"['Microbial community restructuring', 'Fermentation pathway modulation']",Inferred,high-throughput sequencing,High,>75% reductions in methane production were observed for the seaweeds,10.1016/j.envres.2024.119458,auto,v2.0-126corpus,0.85,"{""source"": ""Porphyra tenera"", ""target"": ""methane yield"", ""edge_type"": ""INHIBITS"", ""effect_direction"": ""decrease"", ""effect_size"": "">75%"", ""dose"": ""1%, 5%, 10% of CSF"", ""experimental_system"": ""in_vitro"", ""mechanism_class"": [""Microbial community restructuring"", ""Fermentation pathway modulation""], ""direct_or_inferred"": ""Inferred"", ""evidence_method"": ""high-throughput sequencing"", ""evidence_quality"": ""High"", ""supporting_quote"": "">75% reductions in methane production were observed for the seaweeds"", ""paper_id"": ""10.1016/j.envres.2024.119458"", ""extraction_source"": ""auto"", ""prompt_version"": ""v2.0-126corpus"", ""confidence"": 0.85}"
R0011,Laminaria japonica enzymatic hydrolysates,INHIBITS,methane yield,decrease,50%,"1%, 5%, 10% of CSF",in_vitro,"['Microbial community restructuring', 'Fermentation pathway modulation']",Inferred,high-throughput sequencing,High,50% reductions in methane production were observed for the seaweed enzymatic hydrolysates,10.1016/j.envres.2024.119458,auto,v2.0-126corpus,0.85,"{""source"": ""Laminaria japonica enzymatic hydrolysates"", ""target"": ""methane yield"", ""edge_type"": ""INHIBITS"", ""effect_direction"": ""decrease"", ""effect_size"": ""50%"", ""dose"": ""1%, 5%, 10% of CSF"", ""experimental_system"": ""in_vitro"", ""mechanism_class"": [""Microbial community restructuring"", ""Fermentation pathway modulation""], ""direct_or_inferred"": ""Inferred"", ""evidence_method"": ""high-throughput sequencing"", ""evidence_quality"": ""High"", ""supporting_quote"": ""50% reductions in methane production were observed for the seaweed enzymatic hydrolysates"", ""paper_id"": ""10.1016/j.envres.2024.119458"", ""extraction_source"": ""auto"", ""prompt_version"": ""v2.0-126corpus"", ""confidence"": 0.85}"
R0011,Laminaria japonica Aresch,MODULATES,prokaryotic community structure,change,Not stated,"1%, 5%, 10% of CSF",in_vitro,['Microbial community restructuring'],Direct,high-throughput sequencing,High,supplementation with seaweed had a notable impact on the prokaryotic community structure,10.1016/j.envres.2024.119458,auto,v2.0-126corpus,0.85,"{""source"": ""Laminaria japonica Aresch"", ""target"": ""prokaryotic community structure"", ""edge_type"": ""MODULATES"", ""effect_direction"": ""change"", ""effect_size"": ""Not stated"", ""dose"": ""1%, 5%, 10% of CSF"", ""experimental_system"": ""in_vitro"", ""mechanism_class"": [""Microbial community restructuring""], ""direct_or_inferred"": ""Direct"", ""evidence_method"": ""high-throughput sequencing"", ""evidence_quality"": ""High"", ""supporting_quote"": ""supplementation with seaweed had a notable impact on the prokaryotic community structure"", ""paper_id"": ""10.1016/j.envres.2024.119458"", ""extraction_source"": ""auto"", ""prompt_version"": ""v2.0-126corpus"", ""confidence"": 0.85}"
R0011,Porphyra tenera,MODULATES,prokaryotic community structure,change,Not stated,"1%, 5%, 10% of CSF",in_vitro,['Microbial community restructuring'],Direct,high-throughput sequencing,High,supplementation with seaweed had a notable impact on the prokaryotic community structure,10.1016/j.envres.2024.119458,auto,v2.0-126corpus,0.85,"{""source"": ""Porphyra tenera"", ""target"": ""prokaryotic community structure"", ""edge_type"": ""MODULATES"", ""effect_direction"": ""change"", ""effect_size"": ""Not stated"", ""dose"": ""1%, 5%, 10% of CSF"", ""experimental_system"": ""in_vitro"", ""mechanism_class"": [""Microbial community restructuring""], ""direct_or_inferred"": ""Direct"", ""evidence_method"": ""high-throughput sequencing"", ""evidence_quality"": ""High"", ""supporting_quote"": ""supplementation with seaweed had a notable impact on the prokaryotic community structure"", ""paper_id"": ""10.1016/j.envres.2024.119458"", ""extraction_source"": ""auto"", ""prompt_version"": ""v2.0-126corpus"", ""confidence"": 0.85}"
R0011,Laminaria japonica enzymatic hydrolysates,MODULATES,prokaryotic community structure,change,Not stated,"1%, 5%, 10% of CSF",in_vitro,['Microbial community restructuring'],Direct,high-throughput sequencing,High,supplementation with seaweed enzymatic hydrolysates had a notable impact on the prokaryotic community structure,10.1016/j.envres.2024.119458,auto,v2.0-126corpus,0.85,"{""source"": ""Laminaria japonica enzymatic hydrolysates"", ""target"": ""prokaryotic community structure"", ""edge_type"": ""MODULATES"", ""effect_direction"": ""change"", ""effect_size"": ""Not stated"", ""dose"": ""1%, 5%, 10% of CSF"", ""experimental_system"": ""in_vitro"", ""mechanism_class"": [""Microbial community restructuring""], ""direct_or_inferred"": ""Direct"", ""evidence_method"": ""high-throughput sequencing"", ""evidence_quality"": ""High"", ""supporting_quote"": ""supplementation with seaweed enzymatic hydrolysates had a notable impact on the prokaryotic community structure"", ""paper_id"": ""10.1016/j.envres.2024.119458"", ""extraction_source"": ""auto"", ""prompt_version"": ""v2.0-126corpus"", ""confidence"": 0.85}"
R0011,prokaryotic community structure,ASSOCIATED_WITH,methane yield,decrease,Not stated,Not applicable,in_vitro,['Microbial community restructuring'],Direct,Mantel tests,High,significant correlations between the prokaryotic community and methane accumulation (P < 0.05),10.1016/j.envres.2024.119458,auto,v2.0-126corpus,0.85,"{""source"": ""prokaryotic community structure"", ""target"": ""methane yield"", ""edge_type"": ""ASSOCIATED_WITH"", ""effect_direction"": ""decrease"", ""effect_size"": ""Not stated"", ""dose"": ""Not applicable"", ""experimental_system"": ""in_vitro"", ""mechanism_class"": [""Microbial community restructuring""], ""direct_or_inferred"": ""Direct"", ""evidence_method"": ""Mantel tests"", ""evidence_quality"": ""High"", ""supporting_quote"": ""significant correlations between the prokaryotic community and methane accumulation (P < 0.05)"", ""paper_id"": ""10.1016/j.envres.2024.119458"", ""extraction_source"": ""auto"", ""prompt_version"": ""v2.0-126corpus"", ""confidence"": 0.85}"
R0011,propionate/butyrate-producing bacteria,INHIBITS,methane yield,decrease,Not stated,Not applicable,in_vitro,['Microbial community restructuring'],Inferred,network analysis,Medium,crucial role of propionate/butyrate-producing bacteria in regulating methane emissions through microbial interactions,10.1016/j.envres.2024.119458,auto,v2.0-126corpus,0.7,"{""source"": ""propionate/butyrate-producing bacteria"", ""target"": ""methane yield"", ""edge_type"": ""INHIBITS"", ""effect_direction"": ""decrease"", ""effect_size"": ""Not stated"", ""dose"": ""Not applicable"", ""experimental_system"": ""in_vitro"", ""mechanism_class"": [""Microbial community restructuring""], ""direct_or_inferred"": ""Inferred"", ""evidence_method"": ""network analysis"", ""evidence_quality"": ""Medium"", ""supporting_quote"": ""crucial role of propionate/butyrate-producing bacteria in regulating methane emissions through microbial interactions"", ""paper_id"": ""10.1016/j.envres.2024.119458"", ""extraction_source"": ""auto"", ""prompt_version"": ""v2.0-126corpus"", ""confidence"": 0.7}"
R0011,Laminaria japonica Aresch,MODULATES,narB gene,decrease,significant reduction,"1%, 5%, 10% of CSF",in_vitro,['Fermentation pathway modulation'],Inferred,predicted function (PICRUSt?),Medium,predicted function exhibited a significant reduction in the presence of the narB gene in seaweed-supplemented treatments,10.1016/j.envres.2024.119458,auto,v2.0-126corpus,0.7,"{""source"": ""Laminaria japonica Aresch"", ""target"": ""narB gene"", ""edge_type"": ""MODULATES"", ""effect_direction"": ""decrease"", ""effect_size"": ""significant reduction"", ""dose"": ""1%, 5%, 10% of CSF"", ""experimental_system"": ""in_vitro"", ""mechanism_class"": [""Fermentation pathway modulation""], ""direct_or_inferred"": ""Inferred"", ""evidence_method"": ""predicted function (PICRUSt?)"", ""evidence_quality"": ""Medium"", ""supporting_quote"": ""predicted function exhibited a significant reduction in the presence of the narB gene in seaweed-supplemented treatments"", ""paper_id"": ""10.1016/j.envres.2024.119458"", ""extraction_source"": ""auto"", ""prompt_version"": ""v2.0-126corpus"", ""confidence"": 0.7}"
R0011,Porphyra tenera,MODULATES,narB gene,decrease,significant reduction,"1%, 5%, 10% of CSF",in_vitro,['Fermentation pathway modulation'],Inferred,predicted function,Medium,predicted function exhibited a significant reduction in the presence of the narB gene in seaweed-supplemented treatments,10.1016/j.envres.2024.119458,auto,v2.0-126corpus,0.7,"{""source"": ""Porphyra tenera"", ""target"": ""narB gene"", ""edge_type"": ""MODULATES"", ""effect_direction"": ""decrease"", ""effect_size"": ""significant reduction"", ""dose"": ""1%, 5%, 10% of CSF"", ""experimental_system"": ""in_vitro"", ""mechanism_class"": [""Fermentation pathway modulation""], ""direct_or_inferred"": ""Inferred"", ""evidence_method"": ""predicted function"", ""evidence_quality"": ""Medium"", ""supporting_quote"": ""predicted function exhibited a significant reduction in the presence of the narB gene in seaweed-supplemented treatments"", ""paper_id"": ""10.1016/j.envres.2024.119458"", ""extraction_source"": ""auto"", ""prompt_version"": ""v2.0-126corpus"", ""confidence"": 0.7}"
R0011,Laminaria japonica enzymatic hydrolysates,MODULATES,narB gene,decrease,significant reduction,"1%, 5%, 10% of CSF",in_vitro,['Fermentation pathway modulation'],Inferred,predicted function,Medium,predicted function exhibited a significant reduction in the presence of the narB gene in seaweed-supplemented treatments,10.1016/j.envres.2024.119458,auto,v2.0-126corpus,0.7,"{""source"": ""Laminaria japonica enzymatic hydrolysates"", ""target"": ""narB gene"", ""edge_type"": ""MODULATES"", ""effect_direction"": ""decrease"", ""effect_size"": ""significant reduction"", ""dose"": ""1%, 5%, 10% of CSF"", ""experimental_system"": ""in_vitro"", ""mechanism_class"": [""Fermentation pathway modulation""], ""direct_or_inferred"": ""Inferred"", ""evidence_method"": ""predicted function"", ""evidence_quality"": ""Medium"", ""supporting_quote"": ""predicted function exhibited a significant reduction in the presence of the narB gene in seaweed-supplemented treatments"", ""paper_id"": ""10.1016/j.envres.2024.119458"", ""extraction_source"": ""auto"", ""prompt_version"": ""v2.0-126corpus"", ""confidence"": 0.7}"
R0012,Asparagopsis taxiformis,INHIBITS,methane yield,decrease,51.3%,0.25 mg/mL,in_vitro,"['Microbial community restructuring', 'Fermentation pathway modulation']",Inferred,"16S rRNA amplicon sequencing, in vitro gas production",High,ATAX reduced CH4 by 51.3% (mL/g DM) at 12h (P<0.001),10.3389/fvets.2022.985824,auto,v2.0-126corpus,0.92,"{""source"": ""Asparagopsis taxiformis"", ""target"": ""methane yield"", ""edge_type"": ""INHIBITS"", ""effect_direction"": ""decrease"", ""effect_size"": ""51.3%"", ""dose"": ""0.25 mg/mL"", ""experimental_system"": ""in_vitro"", ""mechanism_class"": [""Microbial community restructuring"", ""Fermentation pathway modulation""], ""direct_or_inferred"": ""Inferred"", ""evidence_method"": ""16S rRNA amplicon sequencing, in vitro gas production"", ""evidence_quality"": ""High"", ""supporting_quote"": ""ATAX reduced CH4 by 51.3% (mL/g DM) at 12h (P<0.001)"", ""paper_id"": ""10.3389/fvets.2022.985824"", ""extraction_source"": ""auto"", ""prompt_version"": ""v2.0-126corpus"", ""confidence"": 0.92}"
R0012,Amphiroa anceps,INHIBITS,methane yield,decrease,4.6-35.0%,0.25 mg/mL,in_vitro,"['Microbial community restructuring', 'Fermentation pathway modulation']",Inferred,"16S rRNA amplicon sequencing, in vitro gas production",High,Other red seaweed extracts reduced CH4 production (mL/g DM; P<0.001) in range 4.6-35.0% at 24h,10.3389/fvets.2022.985824,auto,v2.0-126corpus,0.85,"{""source"": ""Amphiroa anceps"", ""target"": ""methane yield"", ""edge_type"": ""INHIBITS"", ""effect_direction"": ""decrease"", ""effect_size"": ""4.6-35.0%"", ""dose"": ""0.25 mg/mL"", ""experimental_system"": ""in_vitro"", ""mechanism_class"": [""Microbial community restructuring"", ""Fermentation pathway modulation""], ""direct_or_inferred"": ""Inferred"", ""evidence_method"": ""16S rRNA amplicon sequencing, in vitro gas production"", ""evidence_quality"": ""High"", ""supporting_quote"": ""Other red seaweed extracts reduced CH4 production (mL/g DM; P<0.001) in range 4.6-35.0% at 24h"", ""paper_id"": ""10.3389/fvets.2022.985824"", ""extraction_source"": ""auto"", ""prompt_version"": ""v2.0-126corpus"", ""confidence"": 0.85}"
R0012,Chondracanthus tenellus,INHIBITS,methane yield,decrease,4.6-35.0%,0.25 mg/mL,in_vitro,"['Microbial community restructuring', 'Fermentation pathway modulation']",Inferred,"16S rRNA amplicon sequencing, in vitro gas production",High,Other red seaweed extracts reduced CH4 production (mL/g DM; P<0.001) in range 4.6-35.0% at 24h,10.3389/fvets.2022.985824,auto,v2.0-126corpus,0.85,"{""source"": ""Chondracanthus tenellus"", ""target"": ""methane yield"", ""edge_type"": ""INHIBITS"", ""effect_direction"": ""decrease"", ""effect_size"": ""4.6-35.0%"", ""dose"": ""0.25 mg/mL"", ""experimental_system"": ""in_vitro"", ""mechanism_class"": [""Microbial community restructuring"", ""Fermentation pathway modulation""], ""direct_or_inferred"": ""Inferred"", ""evidence_method"": ""16S rRNA amplicon sequencing, in vitro gas production"", ""evidence_quality"": ""High"", ""supporting_quote"": ""Other red seaweed extracts reduced CH4 production (mL/g DM; P<0.001) in range 4.6-35.0% at 24h"", ""paper_id"": ""10.3389/fvets.2022.985824"", ""extraction_source"": ""auto"", ""prompt_version"": ""v2.0-126corpus"", ""confidence"": 0.85}"
R0012,Grateloupia elliptica,INHIBITS,methane yield,decrease,4.6-35.0%,0.25 mg/mL,in_vitro,"['Microbial community restructuring', 'Fermentation pathway modulation']",Inferred,"16S rRNA amplicon sequencing, in vitro gas production",High,Other red seaweed extracts reduced CH4 production (mL/g DM; P<0.001) in range 4.6-35.0% at 24h,10.3389/fvets.2022.985824,auto,v2.0-126corpus,0.85,"{""source"": ""Grateloupia elliptica"", ""target"": ""methane yield"", ""edge_type"": ""INHIBITS"", ""effect_direction"": ""decrease"", ""effect_size"": ""4.6-35.0%"", ""dose"": ""0.25 mg/mL"", ""experimental_system"": ""in_vitro"", ""mechanism_class"": [""Microbial community restructuring"", ""Fermentation pathway modulation""], ""direct_or_inferred"": ""Inferred"", ""evidence_method"": ""16S rRNA amplicon sequencing, in vitro gas production"", ""evidence_quality"": ""High"", ""supporting_quote"": ""Other red seaweed extracts reduced CH4 production (mL/g DM; P<0.001) in range 4.6-35.0% at 24h"", ""paper_id"": ""10.3389/fvets.2022.985824"", ""extraction_source"": ""auto"", ""prompt_version"": ""v2.0-126corpus"", ""confidence"": 0.85}"
R0012,Gracilaria parvispora,INHIBITS,methane yield,decrease,4.6-35.0%,0.25 mg/mL,in_vitro,"['Microbial community restructuring', 'Fermentation pathway modulation']",Inferred,"16S rRNA amplicon sequencing, in vitro gas production",High,Other red seaweed extracts reduced CH4 production (mL/g DM; P<0.001) in range 4.6-35.0% at 24h,10.3389/fvets.2022.985824,auto,v2.0-126corpus,0.85,"{""source"": ""Gracilaria parvispora"", ""target"": ""methane yield"", ""edge_type"": ""INHIBITS"", ""effect_direction"": ""decrease"", ""effect_size"": ""4.6-35.0%"", ""dose"": ""0.25 mg/mL"", ""experimental_system"": ""in_vitro"", ""mechanism_class"": [""Microbial community restructuring"", ""Fermentation pathway modulation""], ""direct_or_inferred"": ""Inferred"", ""evidence_method"": ""16S rRNA amplicon sequencing, in vitro gas production"", ""evidence_quality"": ""High"", ""supporting_quote"": ""Other red seaweed extracts reduced CH4 production (mL/g DM; P<0.001) in range 4.6-35.0% at 24h"", ""paper_id"": ""10.3389/fvets.2022.985824"", ""extraction_source"": ""auto"", ""prompt_version"": ""v2.0-126corpus"", ""confidence"": 0.85}"
R0012,red seaweed extracts,INHIBITS,Methanobrevibacter,decrease,Not stated,0.25 mg/mL,in_vitro,['Microbial community restructuring'],Direct,16S rRNA amplicon sequencing,High,Abundances of the genus Methanobrevibacter and total methanogens were reduced (P=0.050 and P=0.016),10.3389/fvets.2022.985824,auto,v2.0-126corpus,0.9,"{""source"": ""red seaweed extracts"", ""target"": ""Methanobrevibacter"", ""edge_type"": ""INHIBITS"", ""effect_direction"": ""decrease"", ""effect_size"": ""Not stated"", ""dose"": ""0.25 mg/mL"", ""experimental_system"": ""in_vitro"", ""mechanism_class"": [""Microbial community restructuring""], ""direct_or_inferred"": ""Direct"", ""evidence_method"": ""16S rRNA amplicon sequencing"", ""evidence_quality"": ""High"", ""supporting_quote"": ""Abundances of the genus Methanobrevibacter and total methanogens were reduced (P=0.050 and P=0.016)"", ""paper_id"": ""10.3389/fvets.2022.985824"", ""extraction_source"": ""auto"", ""prompt_version"": ""v2.0-126corpus"", ""confidence"": 0.9}"
R0012,red seaweed extracts,INHIBITS,total methanogens,decrease,Not stated,0.25 mg/mL,in_vitro,['Microbial community restructuring'],Direct,16S rRNA amplicon sequencing,High,Abundances of the genus Methanobrevibacter and total methanogens were reduced (P=0.050 and P=0.016),10.3389/fvets.2022.985824,auto,v2.0-126corpus,0.9,"{""source"": ""red seaweed extracts"", ""target"": ""total methanogens"", ""edge_type"": ""INHIBITS"", ""effect_direction"": ""decrease"", ""effect_size"": ""Not stated"", ""dose"": ""0.25 mg/mL"", ""experimental_system"": ""in_vitro"", ""mechanism_class"": [""Microbial community restructuring""], ""direct_or_inferred"": ""Direct"", ""evidence_method"": ""16S rRNA amplicon sequencing"", ""evidence_quality"": ""High"", ""supporting_quote"": ""Abundances of the genus Methanobrevibacter and total methanogens were reduced (P=0.050 and P=0.016)"", ""paper_id"": ""10.3389/fvets.2022.985824"", ""extraction_source"": ""auto"", ""prompt_version"": ""v2.0-126corpus"", ""confidence"": 0.9}"
R0012,red seaweed extracts,PROMOTES,propionate production,increase,Not stated,0.25 mg/mL,in_vitro,['Fermentation pathway modulation'],Direct,VFA analysis,Medium,Supplementation with red seaweed extracts tended to increase the molar proportion of propionate (P=0.057),10.3389/fvets.2022.985824,auto,v2.0-126corpus,0.8,"{""source"": ""red seaweed extracts"", ""target"": ""propionate production"", ""edge_type"": ""PROMOTES"", ""effect_direction"": ""increase"", ""effect_size"": ""Not stated"", ""dose"": ""0.25 mg/mL"", ""experimental_system"": ""in_vitro"", ""mechanism_class"": [""Fermentation pathway modulation""], ""direct_or_inferred"": ""Direct"", ""evidence_method"": ""VFA analysis"", ""evidence_quality"": ""Medium"", ""supporting_quote"": ""Supplementation with red seaweed extracts tended to increase the molar proportion of propionate (P=0.057)"", ""paper_id"": ""10.3389/fvets.2022.985824"", ""extraction_source"": ""auto"", ""prompt_version"": ""v2.0-126corpus"", ""confidence"": 0.8}"
R0012,red seaweed extracts,PROMOTES,Succinivibrionaceae,increase,Not stated,0.25 mg/mL,in_vitro,['Microbial community restructuring'],Direct,16S rRNA amplicon sequencing,High,UG Succinivibrionaceae ... were relatively more abundant in red seaweed extracts than in the CON,10.3389/fvets.2022.985824,auto,v2.0-126corpus,0.85,"{""source"": ""red seaweed extracts"", ""target"": ""Succinivibrionaceae"", ""edge_type"": ""PROMOTES"", ""effect_direction"": ""increase"", ""effect_size"": ""Not stated"", ""dose"": ""0.25 mg/mL"", ""experimental_system"": ""in_vitro"", ""mechanism_class"": [""Microbial community restructuring""], ""direct_or_inferred"": ""Direct"", ""evidence_method"": ""16S rRNA amplicon sequencing"", ""evidence_quality"": ""High"", ""supporting_quote"": ""UG Succinivibrionaceae ... were relatively more abundant in red seaweed extracts than in the CON"", ""paper_id"": ""10.3389/fvets.2022.985824"", ""extraction_source"": ""auto"", ""prompt_version"": ""v2.0-126corpus"", ""confidence"": 0.85}"
R0012,red seaweed extracts,PROMOTES,Anaeroplasma,increase,Not stated,0.25 mg/mL,in_vitro,['Microbial community restructuring'],Direct,16S rRNA amplicon sequencing,High,Anaeroplasma ... were relatively more abundant in red seaweed extracts than in the CON,10.3389/fvets.2022.985824,auto,v2.0-126corpus,0.85,"{""source"": ""red seaweed extracts"", ""target"": ""Anaeroplasma"", ""edge_type"": ""PROMOTES"", ""effect_direction"": ""increase"", ""effect_size"": ""Not stated"", ""dose"": ""0.25 mg/mL"", ""experimental_system"": ""in_vitro"", ""mechanism_class"": [""Microbial community restructuring""], ""direct_or_inferred"": ""Direct"", ""evidence_method"": ""16S rRNA amplicon sequencing"", ""evidence_quality"": ""High"", ""supporting_quote"": ""Anaeroplasma ... were relatively more abundant in red seaweed extracts than in the CON"", ""paper_id"": ""10.3389/fvets.2022.985824"", ""extraction_source"": ""auto"", ""prompt_version"": ""v2.0-126corpus"", ""confidence"": 0.85}"
R0012,red seaweed extracts,PROMOTES,Ruminococcaceae,increase,Not stated,0.25 mg/mL,in_vitro,['Microbial community restructuring'],Direct,16S rRNA amplicon sequencing,High,UG Ruminococcaceae ... were relatively more abundant in red seaweed extracts than in the CON,10.3389/fvets.2022.985824,auto,v2.0-126corpus,0.85,"{""source"": ""red seaweed extracts"", ""target"": ""Ruminococcaceae"", ""edge_type"": ""PROMOTES"", ""effect_direction"": ""increase"", ""effect_size"": ""Not stated"", ""dose"": ""0.25 mg/mL"", ""experimental_system"": ""in_vitro"", ""mechanism_class"": [""Microbial community restructuring""], ""direct_or_inferred"": ""Direct"", ""evidence_method"": ""16S rRNA amplicon sequencing"", ""evidence_quality"": ""High"", ""supporting_quote"": ""UG Ruminococcaceae ... were relatively more abundant in red seaweed extracts than in the CON"", ""paper_id"": ""10.3389/fvets.2022.985824"", ""extraction_source"": ""auto"", ""prompt_version"": ""v2.0-126corpus"", ""confidence"": 0.85}"
R0014,Brominata,INHIBITS,methane yield,decrease,38%,Not specified,in_vivo,['Unknown/unclear mechanism'],Inferred,GreenFeed system,High,average enteric CH4 emissions were significantly reduced in steers that received Brominata supplementation compared to those without supplementation (115 vs. 185 g/d),10.1073/pnas.2410863121,auto,v2.0-126corpus,0.85,"{""source"": ""Brominata"", ""target"": ""methane yield"", ""edge_type"": ""INHIBITS"", ""effect_direction"": ""decrease"", ""effect_size"": ""38%"", ""dose"": ""Not specified"", ""experimental_system"": ""in_vivo"", ""mechanism_class"": [""Unknown/unclear mechanism""], ""direct_or_inferred"": ""Inferred"", ""evidence_method"": ""GreenFeed system"", ""evidence_quality"": ""High"", ""supporting_quote"": ""average enteric CH4 emissions were significantly reduced in steers that received Brominata supplementation compared to those without supplementation (115 vs. 185 g/d)"", ""paper_id"": ""10.1073/pnas.2410863121"", ""extraction_source"": ""auto"", ""prompt_version"": ""v2.0-126corpus"", ""confidence"": 0.85}"
R0014,Brominata,MODULATES,hydrogen emissions,increase,Not stated,Not specified,in_vivo,['Unknown/unclear mechanism'],Inferred,GreenFeed system,High,H2 emissions were lower in the control group (3.4 vs. 1.8 g/d),10.1073/pnas.2410863121,auto,v2.0-126corpus,0.85,"{""source"": ""Brominata"", ""target"": ""hydrogen emissions"", ""edge_type"": ""MODULATES"", ""effect_direction"": ""increase"", ""effect_size"": ""Not stated"", ""dose"": ""Not specified"", ""experimental_system"": ""in_vivo"", ""mechanism_class"": [""Unknown/unclear mechanism""], ""direct_or_inferred"": ""Inferred"", ""evidence_method"": ""GreenFeed system"", ""evidence_quality"": ""High"", ""supporting_quote"": ""H2 emissions were lower in the control group (3.4 vs. 1.8 g/d)"", ""paper_id"": ""10.1073/pnas.2410863121"", ""extraction_source"": ""auto"", ""prompt_version"": ""v2.0-126corpus"", ""confidence"": 0.85}"
R0015,Ulva sp.,INHIBITS,methane,decrease,Not stated,4% DM,in_vitro,['Unknown/unclear mechanism'],Inferred,in vitro gas production,Medium,The 4% inclusion of Ulva sp. decreased rumen CH4,10.1016/j.algal.2022.102706,auto,v2.0-126corpus,0.75,"{""source"": ""Ulva sp."", ""target"": ""methane"", ""edge_type"": ""INHIBITS"", ""effect_direction"": ""decrease"", ""effect_size"": ""Not stated"", ""dose"": ""4% DM"", ""experimental_system"": ""in_vitro"", ""mechanism_class"": [""Unknown/unclear mechanism""], ""direct_or_inferred"": ""Inferred"", ""evidence_method"": ""in vitro gas production"", ""evidence_quality"": ""Medium"", ""supporting_quote"": ""The 4% inclusion of Ulva sp. decreased rumen CH4"", ""paper_id"": ""10.1016/j.algal.2022.102706"", ""extraction_source"": ""auto"", ""prompt_version"": ""v2.0-126corpus"", ""confidence"": 0.75}"
R0015,Sargassum horneri,INHIBITS,methane,decrease,Not stated,4% DM,in_vitro,['Unknown/unclear mechanism'],Inferred,in vitro gas production,Medium,The inclusion of S. horneri ... decreased rumen CH4,10.1016/j.algal.2022.102706,auto,v2.0-126corpus,0.75,"{""source"": ""Sargassum horneri"", ""target"": ""methane"", ""edge_type"": ""INHIBITS"", ""effect_direction"": ""decrease"", ""effect_size"": ""Not stated"", ""dose"": ""4% DM"", ""experimental_system"": ""in_vitro"", ""mechanism_class"": [""Unknown/unclear mechanism""], ""direct_or_inferred"": ""Inferred"", ""evidence_method"": ""in vitro gas production"", ""evidence_quality"": ""Medium"", ""supporting_quote"": ""The inclusion of S. horneri ... decreased rumen CH4"", ""paper_id"": ""10.1016/j.algal.2022.102706"", ""extraction_source"": ""auto"", ""prompt_version"": ""v2.0-126corpus"", ""confidence"": 0.75}"
R0017,Asparagopsis armata,INHIBITS,methane,decrease,Not stated,Not specified,in_vivo,"['Hydrogen sink redistribution', 'Microbial community restructuring']",Direct,"metagenomics, metatranscriptomics",High,reduction of CH4 emission from animals receiving A. armata was coupled to a significant reduction in the transcription of methanogenesis pathways,10.1186/s40168-025-02251-2,auto,v2.0-126corpus,0.9,"{""source"": ""Asparagopsis armata"", ""target"": ""methane"", ""edge_type"": ""INHIBITS"", ""effect_direction"": ""decrease"", ""effect_size"": ""Not stated"", ""dose"": ""Not specified"", ""experimental_system"": ""in_vivo"", ""mechanism_class"": [""Hydrogen sink redistribution"", ""Microbial community restructuring""], ""direct_or_inferred"": ""Direct"", ""evidence_method"": ""metagenomics, metatranscriptomics"", ""evidence_quality"": ""High"", ""supporting_quote"": ""reduction of CH4 emission from animals receiving A. armata was coupled to a significant reduction in the transcription of methanogenesis pathways"", ""paper_id"": ""10.1186/s40168-025-02251-2"", ""extraction_source"": ""auto"", ""prompt_version"": ""v2.0-126corpus"", ""confidence"": 0.9}"
R0017,Asparagopsis armata,PROMOTES,Duodenibacillus sp.,increase,Not stated,Not specified,in_vivo,['Microbial community restructuring'],Direct,metatranscriptomics,High,Metatranscriptome analysis identified a single MAG of a Duodenibacillus sp. as the dominant driver of this transcriptional change,10.1186/s40168-025-02251-2,auto,v2.0-126corpus,0.85,"{""source"": ""Asparagopsis armata"", ""target"": ""Duodenibacillus sp."", ""edge_type"": ""PROMOTES"", ""effect_direction"": ""increase"", ""effect_size"": ""Not stated"", ""dose"": ""Not specified"", ""experimental_system"": ""in_vivo"", ""mechanism_class"": [""Microbial community restructuring""], ""direct_or_inferred"": ""Direct"", ""evidence_method"": ""metatranscriptomics"", ""evidence_quality"": ""High"", ""supporting_quote"": ""Metatranscriptome analysis identified a single MAG of a Duodenibacillus sp. as the dominant driver of this transcriptional change"", ""paper_id"": ""10.1186/s40168-025-02251-2"", ""extraction_source"": ""auto"", ""prompt_version"": ""v2.0-126corpus"", ""confidence"": 0.85}"
R0018,Himanthalia elongata,INHIBITS,methane,decrease,42.8%,Not specified,in_vitro,['Unknown/unclear mechanism'],Inferred,in vitro gas production,Medium,XHE reduced CH4 production by 42.8% at 48 h,10.1002/jsfa.70016,auto,v2.0-126corpus,0.75,"{""source"": ""Himanthalia elongata"", ""target"": ""methane"", ""edge_type"": ""INHIBITS"", ""effect_direction"": ""decrease"", ""effect_size"": ""42.8%"", ""dose"": ""Not specified"", ""experimental_system"": ""in_vitro"", ""mechanism_class"": [""Unknown/unclear mechanism""], ""direct_or_inferred"": ""Inferred"", ""evidence_method"": ""in vitro gas production"", ""evidence_quality"": ""Medium"", ""supporting_quote"": ""XHE reduced CH4 production by 42.8% at 48 h"", ""paper_id"": ""10.1002/jsfa.70016"", ""extraction_source"": ""auto"", ""prompt_version"": ""v2.0-126corpus"", ""confidence"": 0.75}"
R0018,Fucus vesiculosus,INHIBITS,methane,decrease,14.4%,Not specified,in_vitro,['Unknown/unclear mechanism'],Inferred,in vitro gas production,Medium,FV showed reduction of 14.4% at 48 h,10.1002/jsfa.70016,auto,v2.0-126corpus,0.75,"{""source"": ""Fucus vesiculosus"", ""target"": ""methane"", ""edge_type"": ""INHIBITS"", ""effect_direction"": ""decrease"", ""effect_size"": ""14.4%"", ""dose"": ""Not specified"", ""experimental_system"": ""in_vitro"", ""mechanism_class"": [""Unknown/unclear mechanism""], ""direct_or_inferred"": ""Inferred"", ""evidence_method"": ""in vitro gas production"", ""evidence_quality"": ""Medium"", ""supporting_quote"": ""FV showed reduction of 14.4% at 48 h"", ""paper_id"": ""10.1002/jsfa.70016"", ""extraction_source"": ""auto"", ""prompt_version"": ""v2.0-126corpus"", ""confidence"": 0.75}"
R0018,Asparagopsis taxiformis,INHIBITS,methane,decrease,93.3%,Not specified,in_vitro,['Unknown/unclear mechanism'],Inferred,in vitro gas production,Medium,AT consistently reduced CH4 production by ~93.3%,10.1002/jsfa.70016,auto,v2.0-126corpus,0.85,"{""source"": ""Asparagopsis taxiformis"", ""target"": ""methane"", ""edge_type"": ""INHIBITS"", ""effect_direction"": ""decrease"", ""effect_size"": ""93.3%"", ""dose"": ""Not specified"", ""experimental_system"": ""in_vitro"", ""mechanism_class"": [""Unknown/unclear mechanism""], ""direct_or_inferred"": ""Inferred"", ""evidence_method"": ""in vitro gas production"", ""evidence_quality"": ""Medium"", ""supporting_quote"": ""AT consistently reduced CH4 production by ~93.3%"", ""paper_id"": ""10.1002/jsfa.70016"", ""extraction_source"": ""auto"", ""prompt_version"": ""v2.0-126corpus"", ""confidence"": 0.85}"
R0019,Asparagopsis taxiformis,INHIBITS,methane yield,decrease,5.28 g/kg DMI (mean); up to 97%,Not specified,review,['Unknown/unclear mechanism'],Inferred,meta-analysis,Medium,dietary supplementation with seaweed produced a significant and substantial reduction in methane yield by 5.28 +/- 3.5 g/kg DMI,10.1371/journal.pone.0249053,auto,v2.0-126corpus,0.75,"{""source"": ""Asparagopsis taxiformis"", ""target"": ""methane yield"", ""edge_type"": ""INHIBITS"", ""effect_direction"": ""decrease"", ""effect_size"": ""5.28 g/kg DMI (mean); up to 97%"", ""dose"": ""Not specified"", ""experimental_system"": ""review"", ""mechanism_class"": [""Unknown/unclear mechanism""], ""direct_or_inferred"": ""Inferred"", ""evidence_method"": ""meta-analysis"", ""evidence_quality"": ""Medium"", ""supporting_quote"": ""dietary supplementation with seaweed produced a significant and substantial reduction in methane yield by 5.28 +/- 3.5 g/kg DMI"", ""paper_id"": ""10.1371/journal.pone.0249053"", ""extraction_source"": ""auto"", ""prompt_version"": ""v2.0-126corpus"", ""confidence"": 0.75}"
R0019,Ascophyllum nodosum,INHIBITS,methane yield,decrease,5.28 g/kg DMI (mean); up to 97%,Not specified,review,['Unknown/unclear mechanism'],Inferred,meta-analysis,Medium,dietary supplementation with seaweed produced a significant and substantial reduction in methane yield by 5.28 +/- 3.5 g/kg DMI,10.1371/journal.pone.0249053,auto,v2.0-126corpus,0.75,"{""source"": ""Ascophyllum nodosum"", ""target"": ""methane yield"", ""edge_type"": ""INHIBITS"", ""effect_direction"": ""decrease"", ""effect_size"": ""5.28 g/kg DMI (mean); up to 97%"", ""dose"": ""Not specified"", ""experimental_system"": ""review"", ""mechanism_class"": [""Unknown/unclear mechanism""], ""direct_or_inferred"": ""Inferred"", ""evidence_method"": ""meta-analysis"", ""evidence_quality"": ""Medium"", ""supporting_quote"": ""dietary supplementation with seaweed produced a significant and substantial reduction in methane yield by 5.28 +/- 3.5 g/kg DMI"", ""paper_id"": ""10.1371/journal.pone.0249053"", ""extraction_source"": ""auto"", ""prompt_version"": ""v2.0-126corpus"", ""confidence"": 0.75}"
R0020,Sargassum fusiforme,INHIBITS,methane yield,decrease,Not stated,0.25 mg/mL,in_vitro,['Fermentation pathway modulation'],Direct,In vitro batch culture gas production,High,"Seaweed extract supplementation decreased CH4 yield and its proportion to total gas production after 12, 24, and 48 h",10.1038/s41598-021-03356-y,manual,v2.0-126corpus,0.92,"{""source"": ""Sargassum fusiforme"", ""target"": ""methane yield"", ""edge_type"": ""INHIBITS"", ""effect_direction"": ""decrease"", ""effect_size"": ""Not stated"", ""dose"": ""0.25 mg/mL"", ""experimental_system"": ""in_vitro"", ""mechanism_class"": [""Fermentation pathway modulation""], ""direct_or_inferred"": ""Direct"", ""evidence_method"": ""In vitro batch culture gas production"", ""evidence_quality"": ""High"", ""supporting_quote"": ""Seaweed extract supplementation decreased CH4 yield and its proportion to total gas production after 12, 24, and 48 h"", ""paper_id"": ""10.1038/s41598-021-03356-y"", ""extraction_source"": ""manual"", ""prompt_version"": ""v2.0-126corpus"", ""confidence"": 0.92}"
R0020,Sargassum fulvellum,INHIBITS,methane yield,decrease,Not stated,0.25 mg/mL,in_vitro,['Fermentation pathway modulation'],Direct,In vitro batch culture gas production,High,"Seaweed extract supplementation decreased CH4 yield and its proportion to total gas production after 12, 24, and 48 h",10.1038/s41598-021-03356-y,manual,v2.0-126corpus,0.92,"{""source"": ""Sargassum fulvellum"", ""target"": ""methane yield"", ""edge_type"": ""INHIBITS"", ""effect_direction"": ""decrease"", ""effect_size"": ""Not stated"", ""dose"": ""0.25 mg/mL"", ""experimental_system"": ""in_vitro"", ""mechanism_class"": [""Fermentation pathway modulation""], ""direct_or_inferred"": ""Direct"", ""evidence_method"": ""In vitro batch culture gas production"", ""evidence_quality"": ""High"", ""supporting_quote"": ""Seaweed extract supplementation decreased CH4 yield and its proportion to total gas production after 12, 24, and 48 h"", ""paper_id"": ""10.1038/s41598-021-03356-y"", ""extraction_source"": ""manual"", ""prompt_version"": ""v2.0-126corpus"", ""confidence"": 0.92}"
R0020,Sargassum fusiforme,PROMOTES,propionate production,increase,Not stated,0.25 mg/mL,in_vitro,['Hydrogen sink redistribution'],Direct,VFA analysis,High,Total volatile fatty acid and molar proportion of propionate increased with SFUS and SFUL supplementation after 24 h,10.1038/s41598-021-03356-y,manual,v2.0-126corpus,0.9,"{""source"": ""Sargassum fusiforme"", ""target"": ""propionate production"", ""edge_type"": ""PROMOTES"", ""effect_direction"": ""increase"", ""effect_size"": ""Not stated"", ""dose"": ""0.25 mg/mL"", ""experimental_system"": ""in_vitro"", ""mechanism_class"": [""Hydrogen sink redistribution""], ""direct_or_inferred"": ""Direct"", ""evidence_method"": ""VFA analysis"", ""evidence_quality"": ""High"", ""supporting_quote"": ""Total volatile fatty acid and molar proportion of propionate increased with SFUS and SFUL supplementation after 24 h"", ""paper_id"": ""10.1038/s41598-021-03356-y"", ""extraction_source"": ""manual"", ""prompt_version"": ""v2.0-126corpus"", ""confidence"": 0.9}"
R0020,Sargassum fusiforme,INHIBITS,Butyrivibrio fibrisolvens,decrease,Not stated,0.25 mg/mL,in_vitro,['Microbial community restructuring'],Direct,16S rRNA abundance measurement,High,"relative proportions of Butyrivibrio fibrisolvens, Butyrivibrio proteoclasticus, and Prevotella ruminicola were lower with seaweed extract supplementation",10.1038/s41598-021-03356-y,manual,v2.0-126corpus,0.88,"{""source"": ""Sargassum fusiforme"", ""target"": ""Butyrivibrio fibrisolvens"", ""edge_type"": ""INHIBITS"", ""effect_direction"": ""decrease"", ""effect_size"": ""Not stated"", ""dose"": ""0.25 mg/mL"", ""experimental_system"": ""in_vitro"", ""mechanism_class"": [""Microbial community restructuring""], ""direct_or_inferred"": ""Direct"", ""evidence_method"": ""16S rRNA abundance measurement"", ""evidence_quality"": ""High"", ""supporting_quote"": ""relative proportions of Butyrivibrio fibrisolvens, Butyrivibrio proteoclasticus, and Prevotella ruminicola were lower with seaweed extract supplementation"", ""paper_id"": ""10.1038/s41598-021-03356-y"", ""extraction_source"": ""manual"", ""prompt_version"": ""v2.0-126corpus"", ""confidence"": 0.88}"
R0020,Sargassum fusiforme,PROMOTES,Fibrobacter succinogenes,increase,Not stated,0.25 mg/mL,in_vitro,['Microbial community restructuring'],Direct,16S rRNA abundance measurement,High,"SFUS increased the absolute abundance of total bacteria, ciliate protozoa, fungi, methanogenic archaea, and Fibrobacter succinogenes",10.1038/s41598-021-03356-y,manual,v2.0-126corpus,0.88,"{""source"": ""Sargassum fusiforme"", ""target"": ""Fibrobacter succinogenes"", ""edge_type"": ""PROMOTES"", ""effect_direction"": ""increase"", ""effect_size"": ""Not stated"", ""dose"": ""0.25 mg/mL"", ""experimental_system"": ""in_vitro"", ""mechanism_class"": [""Microbial community restructuring""], ""direct_or_inferred"": ""Direct"", ""evidence_method"": ""16S rRNA abundance measurement"", ""evidence_quality"": ""High"", ""supporting_quote"": ""SFUS increased the absolute abundance of total bacteria, ciliate protozoa, fungi, methanogenic archaea, and Fibrobacter succinogenes"", ""paper_id"": ""10.1038/s41598-021-03356-y"", ""extraction_source"": ""manual"", ""prompt_version"": ""v2.0-126corpus"", ""confidence"": 0.88}"
R0021,Ascophyllum nodosum,INHIBITS,Methanococcus maripaludis,decrease,Not stated,1 mg/mL,in_vitro,['Direct archaeal inhibition'],Direct,"96-well plate assay, well diffusion assay",Medium,Inhibition of M. maripaludis ... was observed in the presence of MWCO extracts,10.1038/s41598-025-05387-1,auto,v2.0-126corpus,0.85,"{""source"": ""Ascophyllum nodosum"", ""target"": ""Methanococcus maripaludis"", ""edge_type"": ""INHIBITS"", ""effect_direction"": ""decrease"", ""effect_size"": ""Not stated"", ""dose"": ""1 mg/mL"", ""experimental_system"": ""in_vitro"", ""mechanism_class"": [""Direct archaeal inhibition""], ""direct_or_inferred"": ""Direct"", ""evidence_method"": ""96-well plate assay, well diffusion assay"", ""evidence_quality"": ""Medium"", ""supporting_quote"": ""Inhibition of M. maripaludis ... was observed in the presence of MWCO extracts"", ""paper_id"": ""10.1038/s41598-025-05387-1"", ""extraction_source"": ""auto"", ""prompt_version"": ""v2.0-126corpus"", ""confidence"": 0.85}"
R0021,Ascophyllum nodosum,INHIBITS,Methanobrevibacter ruminantium,decrease,Not stated,1 mg/mL,in_vitro,['Direct archaeal inhibition'],Direct,"96-well plate assay, well diffusion assay",Medium,Inhibition of ... M. ruminantium was observed in the presence of MWCO extracts,10.1038/s41598-025-05387-1,auto,v2.0-126corpus,0.85,"{""source"": ""Ascophyllum nodosum"", ""target"": ""Methanobrevibacter ruminantium"", ""edge_type"": ""INHIBITS"", ""effect_direction"": ""decrease"", ""effect_size"": ""Not stated"", ""dose"": ""1 mg/mL"", ""experimental_system"": ""in_vitro"", ""mechanism_class"": [""Direct archaeal inhibition""], ""direct_or_inferred"": ""Direct"", ""evidence_method"": ""96-well plate assay, well diffusion assay"", ""evidence_quality"": ""Medium"", ""supporting_quote"": ""Inhibition of ... M. ruminantium was observed in the presence of MWCO extracts"", ""paper_id"": ""10.1038/s41598-025-05387-1"", ""extraction_source"": ""auto"", ""prompt_version"": ""v2.0-126corpus"", ""confidence"": 0.85}"
R0021,Himanthalia elongata,INHIBITS,Methanococcus maripaludis,decrease,Not stated,1 mg/mL,in_vitro,['Direct archaeal inhibition'],Direct,"96-well plate assay, well diffusion assay",Medium,Inhibition of M. maripaludis ... was observed in the presence of MWCO extracts,10.1038/s41598-025-05387-1,auto,v2.0-126corpus,0.85,"{""source"": ""Himanthalia elongata"", ""target"": ""Methanococcus maripaludis"", ""edge_type"": ""INHIBITS"", ""effect_direction"": ""decrease"", ""effect_size"": ""Not stated"", ""dose"": ""1 mg/mL"", ""experimental_system"": ""in_vitro"", ""mechanism_class"": [""Direct archaeal inhibition""], ""direct_or_inferred"": ""Direct"", ""evidence_method"": ""96-well plate assay, well diffusion assay"", ""evidence_quality"": ""Medium"", ""supporting_quote"": ""Inhibition of M. maripaludis ... was observed in the presence of MWCO extracts"", ""paper_id"": ""10.1038/s41598-025-05387-1"", ""extraction_source"": ""auto"", ""prompt_version"": ""v2.0-126corpus"", ""confidence"": 0.85}"
R0021,Himanthalia elongata,INHIBITS,Methanobrevibacter ruminantium,decrease,Not stated,1 mg/mL,in_vitro,['Direct archaeal inhibition'],Direct,"96-well plate assay, well diffusion assay",Medium,Inhibition of ... M. ruminantium was observed in the presence of MWCO extracts,10.1038/s41598-025-05387-1,auto,v2.0-126corpus,0.85,"{""source"": ""Himanthalia elongata"", ""target"": ""Methanobrevibacter ruminantium"", ""edge_type"": ""INHIBITS"", ""effect_direction"": ""decrease"", ""effect_size"": ""Not stated"", ""dose"": ""1 mg/mL"", ""experimental_system"": ""in_vitro"", ""mechanism_class"": [""Direct archaeal inhibition""], ""direct_or_inferred"": ""Direct"", ""evidence_method"": ""96-well plate assay, well diffusion assay"", ""evidence_quality"": ""Medium"", ""supporting_quote"": ""Inhibition of ... M. ruminantium was observed in the presence of MWCO extracts"", ""paper_id"": ""10.1038/s41598-025-05387-1"", ""extraction_source"": ""auto"", ""prompt_version"": ""v2.0-126corpus"", ""confidence"": 0.85}"
R0022,Ascophyllum nodosum,INHIBITS,methane concentration,decrease,8.9%,5.0% DM,in_vitro,['Microbial community restructuring'],Inferred,16S rRNA amplicon sequencing,High,"methane concentration of total gas produced was decreased at the 5% inclusion level of A. nodosum and F. vesiculosus by 8.9 and 3.6%, respectively",10.3389/fmicb.2022.889618,auto,v2.0-126corpus,0.85,"{""source"": ""Ascophyllum nodosum"", ""target"": ""methane concentration"", ""edge_type"": ""INHIBITS"", ""effect_direction"": ""decrease"", ""effect_size"": ""8.9%"", ""dose"": ""5.0% DM"", ""experimental_system"": ""in_vitro"", ""mechanism_class"": [""Microbial community restructuring""], ""direct_or_inferred"": ""Inferred"", ""evidence_method"": ""16S rRNA amplicon sequencing"", ""evidence_quality"": ""High"", ""supporting_quote"": ""methane concentration of total gas produced was decreased at the 5% inclusion level of A. nodosum and F. vesiculosus by 8.9 and 3.6%, respectively"", ""paper_id"": ""10.3389/fmicb.2022.889618"", ""extraction_source"": ""auto"", ""prompt_version"": ""v2.0-126corpus"", ""confidence"": 0.85}"
R0022,Fucus vesiculosus,INHIBITS,methane concentration,decrease,3.6%,5.0% DM,in_vitro,['Microbial community restructuring'],Inferred,16S rRNA amplicon sequencing,High,"methane concentration of total gas produced was decreased at the 5% inclusion level of A. nodosum and F. vesiculosus by 8.9 and 3.6%, respectively",10.3389/fmicb.2022.889618,auto,v2.0-126corpus,0.85,"{""source"": ""Fucus vesiculosus"", ""target"": ""methane concentration"", ""edge_type"": ""INHIBITS"", ""effect_direction"": ""decrease"", ""effect_size"": ""3.6%"", ""dose"": ""5.0% DM"", ""experimental_system"": ""in_vitro"", ""mechanism_class"": [""Microbial community restructuring""], ""direct_or_inferred"": ""Inferred"", ""evidence_method"": ""16S rRNA amplicon sequencing"", ""evidence_quality"": ""High"", ""supporting_quote"": ""methane concentration of total gas produced was decreased at the 5% inclusion level of A. nodosum and F. vesiculosus by 8.9 and 3.6%, respectively"", ""paper_id"": ""10.3389/fmicb.2022.889618"", ""extraction_source"": ""auto"", ""prompt_version"": ""v2.0-126corpus"", ""confidence"": 0.85}"
R0022,Ascophyllum nodosum,INHIBITS,total gas production,decrease,Not stated,5.0% DM,in_vitro,['Fermentation pathway modulation'],Inferred,in vitro gas production,High,"total gas production was reduced by all seaweeds, with a greater reduction for the 5% seaweed inclusion level",10.3389/fmicb.2022.889618,auto,v2.0-126corpus,0.85,"{""source"": ""Ascophyllum nodosum"", ""target"": ""total gas production"", ""edge_type"": ""INHIBITS"", ""effect_direction"": ""decrease"", ""effect_size"": ""Not stated"", ""dose"": ""5.0% DM"", ""experimental_system"": ""in_vitro"", ""mechanism_class"": [""Fermentation pathway modulation""], ""direct_or_inferred"": ""Inferred"", ""evidence_method"": ""in vitro gas production"", ""evidence_quality"": ""High"", ""supporting_quote"": ""total gas production was reduced by all seaweeds, with a greater reduction for the 5% seaweed inclusion level"", ""paper_id"": ""10.3389/fmicb.2022.889618"", ""extraction_source"": ""auto"", ""prompt_version"": ""v2.0-126corpus"", ""confidence"": 0.85}"
R0022,Fucus vesiculosus,INHIBITS,total gas production,decrease,Not stated,5.0% DM,in_vitro,['Fermentation pathway modulation'],Inferred,in vitro gas production,High,"total gas production was reduced by all seaweeds, with a greater reduction for the 5% seaweed inclusion level",10.3389/fmicb.2022.889618,auto,v2.0-126corpus,0.85,"{""source"": ""Fucus vesiculosus"", ""target"": ""total gas production"", ""edge_type"": ""INHIBITS"", ""effect_direction"": ""decrease"", ""effect_size"": ""Not stated"", ""dose"": ""5.0% DM"", ""experimental_system"": ""in_vitro"", ""mechanism_class"": [""Fermentation pathway modulation""], ""direct_or_inferred"": ""Inferred"", ""evidence_method"": ""in vitro gas production"", ""evidence_quality"": ""High"", ""supporting_quote"": ""total gas production was reduced by all seaweeds, with a greater reduction for the 5% seaweed inclusion level"", ""paper_id"": ""10.3389/fmicb.2022.889618"", ""extraction_source"": ""auto"", ""prompt_version"": ""v2.0-126corpus"", ""confidence"": 0.85}"
R0022,Ascophyllum nodosum,INHIBITS,VFA production,decrease,Not stated,5.0% DM,in_vitro,['Fermentation pathway modulation'],Inferred,Not stated,High,production of volatile fatty acids and ammonia in the effluent were also reduced,10.3389/fmicb.2022.889618,auto,v2.0-126corpus,0.85,"{""source"": ""Ascophyllum nodosum"", ""target"": ""VFA production"", ""edge_type"": ""INHIBITS"", ""effect_direction"": ""decrease"", ""effect_size"": ""Not stated"", ""dose"": ""5.0% DM"", ""experimental_system"": ""in_vitro"", ""mechanism_class"": [""Fermentation pathway modulation""], ""direct_or_inferred"": ""Inferred"", ""evidence_method"": ""Not stated"", ""evidence_quality"": ""High"", ""supporting_quote"": ""production of volatile fatty acids and ammonia in the effluent were also reduced"", ""paper_id"": ""10.3389/fmicb.2022.889618"", ""extraction_source"": ""auto"", ""prompt_version"": ""v2.0-126corpus"", ""confidence"": 0.85}"
R0022,Fucus vesiculosus,INHIBITS,VFA production,decrease,Not stated,5.0% DM,in_vitro,['Fermentation pathway modulation'],Inferred,Not stated,High,production of volatile fatty acids and ammonia in the effluent were also reduced,10.3389/fmicb.2022.889618,auto,v2.0-126corpus,0.85,"{""source"": ""Fucus vesiculosus"", ""target"": ""VFA production"", ""edge_type"": ""INHIBITS"", ""effect_direction"": ""decrease"", ""effect_size"": ""Not stated"", ""dose"": ""5.0% DM"", ""experimental_system"": ""in_vitro"", ""mechanism_class"": [""Fermentation pathway modulation""], ""direct_or_inferred"": ""Inferred"", ""evidence_method"": ""Not stated"", ""evidence_quality"": ""High"", ""supporting_quote"": ""production of volatile fatty acids and ammonia in the effluent were also reduced"", ""paper_id"": ""10.3389/fmicb.2022.889618"", ""extraction_source"": ""auto"", ""prompt_version"": ""v2.0-126corpus"", ""confidence"": 0.85}"
R0022,Ascophyllum nodosum,INHIBITS,ammonia production,decrease,Not stated,5.0% DM,in_vitro,['Fermentation pathway modulation'],Inferred,Not stated,High,production of volatile fatty acids and ammonia in the effluent were also reduced,10.3389/fmicb.2022.889618,auto,v2.0-126corpus,0.85,"{""source"": ""Ascophyllum nodosum"", ""target"": ""ammonia production"", ""edge_type"": ""INHIBITS"", ""effect_direction"": ""decrease"", ""effect_size"": ""Not stated"", ""dose"": ""5.0% DM"", ""experimental_system"": ""in_vitro"", ""mechanism_class"": [""Fermentation pathway modulation""], ""direct_or_inferred"": ""Inferred"", ""evidence_method"": ""Not stated"", ""evidence_quality"": ""High"", ""supporting_quote"": ""production of volatile fatty acids and ammonia in the effluent were also reduced"", ""paper_id"": ""10.3389/fmicb.2022.889618"", ""extraction_source"": ""auto"", ""prompt_version"": ""v2.0-126corpus"", ""confidence"": 0.85}"
R0022,Fucus vesiculosus,INHIBITS,ammonia production,decrease,Not stated,5.0% DM,in_vitro,['Fermentation pathway modulation'],Inferred,Not stated,High,production of volatile fatty acids and ammonia in the effluent were also reduced,10.3389/fmicb.2022.889618,auto,v2.0-126corpus,0.85,"{""source"": ""Fucus vesiculosus"", ""target"": ""ammonia production"", ""edge_type"": ""INHIBITS"", ""effect_direction"": ""decrease"", ""effect_size"": ""Not stated"", ""dose"": ""5.0% DM"", ""experimental_system"": ""in_vitro"", ""mechanism_class"": [""Fermentation pathway modulation""], ""direct_or_inferred"": ""Inferred"", ""evidence_method"": ""Not stated"", ""evidence_quality"": ""High"", ""supporting_quote"": ""production of volatile fatty acids and ammonia in the effluent were also reduced"", ""paper_id"": ""10.3389/fmicb.2022.889618"", ""extraction_source"": ""auto"", ""prompt_version"": ""v2.0-126corpus"", ""confidence"": 0.85}"
R0022,Ascophyllum nodosum,MODULATES,microbiota composition,mixed,Not stated,5.0% DM,in_vitro,['Microbial community restructuring'],Direct,16S rRNA amplicon sequencing,High,archaeal and bacterial amplicon sequence variants were separated into two groups,10.3389/fmicb.2022.889618,auto,v2.0-126corpus,0.9,"{""source"": ""Ascophyllum nodosum"", ""target"": ""microbiota composition"", ""edge_type"": ""MODULATES"", ""effect_direction"": ""mixed"", ""effect_size"": ""Not stated"", ""dose"": ""5.0% DM"", ""experimental_system"": ""in_vitro"", ""mechanism_class"": [""Microbial community restructuring""], ""direct_or_inferred"": ""Direct"", ""evidence_method"": ""16S rRNA amplicon sequencing"", ""evidence_quality"": ""High"", ""supporting_quote"": ""archaeal and bacterial amplicon sequence variants were separated into two groups"", ""paper_id"": ""10.3389/fmicb.2022.889618"", ""extraction_source"": ""auto"", ""prompt_version"": ""v2.0-126corpus"", ""confidence"": 0.9}"
R0022,Fucus vesiculosus,MODULATES,microbiota composition,mixed,Not stated,5.0% DM,in_vitro,['Microbial community restructuring'],Direct,16S rRNA amplicon sequencing,High,archaeal and bacterial amplicon sequence variants were separated into two groups,10.3389/fmicb.2022.889618,auto,v2.0-126corpus,0.9,"{""source"": ""Fucus vesiculosus"", ""target"": ""microbiota composition"", ""edge_type"": ""MODULATES"", ""effect_direction"": ""mixed"", ""effect_size"": ""Not stated"", ""dose"": ""5.0% DM"", ""experimental_system"": ""in_vitro"", ""mechanism_class"": [""Microbial community restructuring""], ""direct_or_inferred"": ""Direct"", ""evidence_method"": ""16S rRNA amplicon sequencing"", ""evidence_quality"": ""High"", ""supporting_quote"": ""archaeal and bacterial amplicon sequence variants were separated into two groups"", ""paper_id"": ""10.3389/fmicb.2022.889618"", ""extraction_source"": ""auto"", ""prompt_version"": ""v2.0-126corpus"", ""confidence"": 0.9}"
R0023,Pelvetia canaliculata,MODULATES,methane yield,no_change,Not stated,10 g/kg DM,in_vitro,['Unknown/unclear mechanism'],Direct,in vitro gas production,High,The seven brown and green seaweeds assessed failed to affect absolute CH4 emissions or alter fermentation patterns.,10.3389/fanim.2022.1021631,auto,v2.0-126corpus,0.85,"{""source"": ""Pelvetia canaliculata"", ""target"": ""methane yield"", ""edge_type"": ""MODULATES"", ""effect_direction"": ""no_change"", ""effect_size"": ""Not stated"", ""dose"": ""10 g/kg DM"", ""experimental_system"": ""in_vitro"", ""mechanism_class"": [""Unknown/unclear mechanism""], ""direct_or_inferred"": ""Direct"", ""evidence_method"": ""in vitro gas production"", ""evidence_quality"": ""High"", ""supporting_quote"": ""The seven brown and green seaweeds assessed failed to affect absolute CH4 emissions or alter fermentation patterns."", ""paper_id"": ""10.3389/fanim.2022.1021631"", ""extraction_source"": ""auto"", ""prompt_version"": ""v2.0-126corpus"", ""confidence"": 0.85}"
R0023,Cystoseira tamariscifolia,MODULATES,methane yield,no_change,Not stated,10 g/kg DM,in_vitro,['Unknown/unclear mechanism'],Direct,in vitro gas production,High,The seven brown and green seaweeds assessed failed to affect absolute CH4 emissions or alter fermentation patterns.,10.3389/fanim.2022.1021631,auto,v2.0-126corpus,0.85,"{""source"": ""Cystoseira tamariscifolia"", ""target"": ""methane yield"", ""edge_type"": ""MODULATES"", ""effect_direction"": ""no_change"", ""effect_size"": ""Not stated"", ""dose"": ""10 g/kg DM"", ""experimental_system"": ""in_vitro"", ""mechanism_class"": [""Unknown/unclear mechanism""], ""direct_or_inferred"": ""Direct"", ""evidence_method"": ""in vitro gas production"", ""evidence_quality"": ""High"", ""supporting_quote"": ""The seven brown and green seaweeds assessed failed to affect absolute CH4 emissions or alter fermentation patterns."", ""paper_id"": ""10.3389/fanim.2022.1021631"", ""extraction_source"": ""auto"", ""prompt_version"": ""v2.0-126corpus"", ""confidence"": 0.85}"
R0023,Bifurcaria bifurcata,MODULATES,methane yield,no_change,Not stated,10 g/kg DM,in_vitro,['Unknown/unclear mechanism'],Direct,in vitro gas production,High,The seven brown and green seaweeds assessed failed to affect absolute CH4 emissions or alter fermentation patterns.,10.3389/fanim.2022.1021631,auto,v2.0-126corpus,0.85,"{""source"": ""Bifurcaria bifurcata"", ""target"": ""methane yield"", ""edge_type"": ""MODULATES"", ""effect_direction"": ""no_change"", ""effect_size"": ""Not stated"", ""dose"": ""10 g/kg DM"", ""experimental_system"": ""in_vitro"", ""mechanism_class"": [""Unknown/unclear mechanism""], ""direct_or_inferred"": ""Direct"", ""evidence_method"": ""in vitro gas production"", ""evidence_quality"": ""High"", ""supporting_quote"": ""The seven brown and green seaweeds assessed failed to affect absolute CH4 emissions or alter fermentation patterns."", ""paper_id"": ""10.3389/fanim.2022.1021631"", ""extraction_source"": ""auto"", ""prompt_version"": ""v2.0-126corpus"", ""confidence"": 0.85}"
R0023,Fucus vesiculosus,MODULATES,methane yield,no_change,Not stated,10 g/kg DM,in_vitro,['Unknown/unclear mechanism'],Direct,in vitro gas production,High,The seven brown and green seaweeds assessed failed to affect absolute CH4 emissions or alter fermentation patterns.,10.3389/fanim.2022.1021631,auto,v2.0-126corpus,0.85,"{""source"": ""Fucus vesiculosus"", ""target"": ""methane yield"", ""edge_type"": ""MODULATES"", ""effect_direction"": ""no_change"", ""effect_size"": ""Not stated"", ""dose"": ""10 g/kg DM"", ""experimental_system"": ""in_vitro"", ""mechanism_class"": [""Unknown/unclear mechanism""], ""direct_or_inferred"": ""Direct"", ""evidence_method"": ""in vitro gas production"", ""evidence_quality"": ""High"", ""supporting_quote"": ""The seven brown and green seaweeds assessed failed to affect absolute CH4 emissions or alter fermentation patterns."", ""paper_id"": ""10.3389/fanim.2022.1021631"", ""extraction_source"": ""auto"", ""prompt_version"": ""v2.0-126corpus"", ""confidence"": 0.85}"
R0023,Himanthalia elongata,MODULATES,methane yield,no_change,Not stated,10 g/kg DM,in_vitro,['Unknown/unclear mechanism'],Direct,in vitro gas production,High,The seven brown and green seaweeds assessed failed to affect absolute CH4 emissions or alter fermentation patterns.,10.3389/fanim.2022.1021631,auto,v2.0-126corpus,0.85,"{""source"": ""Himanthalia elongata"", ""target"": ""methane yield"", ""edge_type"": ""MODULATES"", ""effect_direction"": ""no_change"", ""effect_size"": ""Not stated"", ""dose"": ""10 g/kg DM"", ""experimental_system"": ""in_vitro"", ""mechanism_class"": [""Unknown/unclear mechanism""], ""direct_or_inferred"": ""Direct"", ""evidence_method"": ""in vitro gas production"", ""evidence_quality"": ""High"", ""supporting_quote"": ""The seven brown and green seaweeds assessed failed to affect absolute CH4 emissions or alter fermentation patterns."", ""paper_id"": ""10.3389/fanim.2022.1021631"", ""extraction_source"": ""auto"", ""prompt_version"": ""v2.0-126corpus"", ""confidence"": 0.85}"
R0023,Ulva intestinalis,MODULATES,methane yield,no_change,Not stated,10 g/kg DM,in_vitro,['Unknown/unclear mechanism'],Direct,in vitro gas production,High,The seven brown and green seaweeds assessed failed to affect absolute CH4 emissions or alter fermentation patterns.,10.3389/fanim.2022.1021631,auto,v2.0-126corpus,0.85,"{""source"": ""Ulva intestinalis"", ""target"": ""methane yield"", ""edge_type"": ""MODULATES"", ""effect_direction"": ""no_change"", ""effect_size"": ""Not stated"", ""dose"": ""10 g/kg DM"", ""experimental_system"": ""in_vitro"", ""mechanism_class"": [""Unknown/unclear mechanism""], ""direct_or_inferred"": ""Direct"", ""evidence_method"": ""in vitro gas production"", ""evidence_quality"": ""High"", ""supporting_quote"": ""The seven brown and green seaweeds assessed failed to affect absolute CH4 emissions or alter fermentation patterns."", ""paper_id"": ""10.3389/fanim.2022.1021631"", ""extraction_source"": ""auto"", ""prompt_version"": ""v2.0-126corpus"", ""confidence"": 0.85}"
R0023,Ascophyllum nodosum,MODULATES,methane yield,no_change,Not stated,10 g/kg DM,in_vitro,['Unknown/unclear mechanism'],Direct,in vitro gas production,High,The seven brown and green seaweeds assessed failed to affect absolute CH4 emissions or alter fermentation patterns.,10.3389/fanim.2022.1021631,auto,v2.0-126corpus,0.85,"{""source"": ""Ascophyllum nodosum"", ""target"": ""methane yield"", ""edge_type"": ""MODULATES"", ""effect_direction"": ""no_change"", ""effect_size"": ""Not stated"", ""dose"": ""10 g/kg DM"", ""experimental_system"": ""in_vitro"", ""mechanism_class"": [""Unknown/unclear mechanism""], ""direct_or_inferred"": ""Direct"", ""evidence_method"": ""in vitro gas production"", ""evidence_quality"": ""High"", ""supporting_quote"": ""The seven brown and green seaweeds assessed failed to affect absolute CH4 emissions or alter fermentation patterns."", ""paper_id"": ""10.3389/fanim.2022.1021631"", ""extraction_source"": ""auto"", ""prompt_version"": ""v2.0-126corpus"", ""confidence"": 0.85}"
R0024,Asparagopsis taxiformis,INHIBITS,methane yield,decrease,84%,5% DM,in_vitro,['Unknown/unclear mechanism'],Inferred,in vitro gas production,Medium,addition of A. taxiformis at a concentration of 5% resulted in an 84% reduction in enteric methane production,10.3390/ani14060967,auto,v2.0-126corpus,0.85,"{""source"": ""Asparagopsis taxiformis"", ""target"": ""methane yield"", ""edge_type"": ""INHIBITS"", ""effect_direction"": ""decrease"", ""effect_size"": ""84%"", ""dose"": ""5% DM"", ""experimental_system"": ""in_vitro"", ""mechanism_class"": [""Unknown/unclear mechanism""], ""direct_or_inferred"": ""Inferred"", ""evidence_method"": ""in vitro gas production"", ""evidence_quality"": ""Medium"", ""supporting_quote"": ""addition of A. taxiformis at a concentration of 5% resulted in an 84% reduction in enteric methane production"", ""paper_id"": ""10.3390/ani14060967"", ""extraction_source"": ""auto"", ""prompt_version"": ""v2.0-126corpus"", ""confidence"": 0.85}"
R0024,Asparagopsis armata,INHIBITS,methane yield,decrease,34%,5% DM,in_vitro,['Unknown/unclear mechanism'],Inferred,in vitro gas production,Medium,"A. armata, at the same concentration, reduced methane production by 34%",10.3390/ani14060967,auto,v2.0-126corpus,0.85,"{""source"": ""Asparagopsis armata"", ""target"": ""methane yield"", ""edge_type"": ""INHIBITS"", ""effect_direction"": ""decrease"", ""effect_size"": ""34%"", ""dose"": ""5% DM"", ""experimental_system"": ""in_vitro"", ""mechanism_class"": [""Unknown/unclear mechanism""], ""direct_or_inferred"": ""Inferred"", ""evidence_method"": ""in vitro gas production"", ""evidence_quality"": ""Medium"", ""supporting_quote"": ""A. armata, at the same concentration, reduced methane production by 34%"", ""paper_id"": ""10.3390/ani14060967"", ""extraction_source"": ""auto"", ""prompt_version"": ""v2.0-126corpus"", ""confidence"": 0.85}"
R0025,Asparagopsis taxiformis,INHIBITS,methane yield,decrease,24%,5.0% of DM,in_vitro,['Microbial community restructuring'],Inferred,"in vitro gas production, 16S rRNA",High,5.0% of A. taxiformis supplementation reduced CH4 production by 24% relative to the control (P < 0.01),10.1016/j.anifeedsci.2025.116596,auto,v2.0-126corpus,0.85,"{""source"": ""Asparagopsis taxiformis"", ""target"": ""methane yield"", ""edge_type"": ""INHIBITS"", ""effect_direction"": ""decrease"", ""effect_size"": ""24%"", ""dose"": ""5.0% of DM"", ""experimental_system"": ""in_vitro"", ""mechanism_class"": [""Microbial community restructuring""], ""direct_or_inferred"": ""Inferred"", ""evidence_method"": ""in vitro gas production, 16S rRNA"", ""evidence_quality"": ""High"", ""supporting_quote"": ""5.0% of A. taxiformis supplementation reduced CH4 production by 24% relative to the control (P < 0.01)"", ""paper_id"": ""10.1016/j.anifeedsci.2025.116596"", ""extraction_source"": ""auto"", ""prompt_version"": ""v2.0-126corpus"", ""confidence"": 0.85}"
R0025,Enteromorpha prolifera,INHIBITS,methane yield,decrease,Not stated,5.0% of DM,in_vitro,['Microbial community restructuring'],Inferred,"in vitro gas production, 16S rRNA",Medium,"All seaweed additions significantly decreased CH4 production, except for E. prolifera at the 2.5% dosage",10.1016/j.anifeedsci.2025.116596,auto,v2.0-126corpus,0.75,"{""source"": ""Enteromorpha prolifera"", ""target"": ""methane yield"", ""edge_type"": ""INHIBITS"", ""effect_direction"": ""decrease"", ""effect_size"": ""Not stated"", ""dose"": ""5.0% of DM"", ""experimental_system"": ""in_vitro"", ""mechanism_class"": [""Microbial community restructuring""], ""direct_or_inferred"": ""Inferred"", ""evidence_method"": ""in vitro gas production, 16S rRNA"", ""evidence_quality"": ""Medium"", ""supporting_quote"": ""All seaweed additions significantly decreased CH4 production, except for E. prolifera at the 2.5% dosage"", ""paper_id"": ""10.1016/j.anifeedsci.2025.116596"", ""extraction_source"": ""auto"", ""prompt_version"": ""v2.0-126corpus"", ""confidence"": 0.75}"
R0025,Sargassum horneri,INHIBITS,methane yield,decrease,Not stated,2.5% and 5.0% of DM,in_vitro,['Microbial community restructuring'],Inferred,"in vitro gas production, 16S rRNA",Medium,All seaweed additions significantly decreased CH4 production,10.1016/j.anifeedsci.2025.116596,auto,v2.0-126corpus,0.75,"{""source"": ""Sargassum horneri"", ""target"": ""methane yield"", ""edge_type"": ""INHIBITS"", ""effect_direction"": ""decrease"", ""effect_size"": ""Not stated"", ""dose"": ""2.5% and 5.0% of DM"", ""experimental_system"": ""in_vitro"", ""mechanism_class"": [""Microbial community restructuring""], ""direct_or_inferred"": ""Inferred"", ""evidence_method"": ""in vitro gas production, 16S rRNA"", ""evidence_quality"": ""Medium"", ""supporting_quote"": ""All seaweed additions significantly decreased CH4 production"", ""paper_id"": ""10.1016/j.anifeedsci.2025.116596"", ""extraction_source"": ""auto"", ""prompt_version"": ""v2.0-126corpus"", ""confidence"": 0.75}"
R0025,Sargassum serratum,INHIBITS,methane yield,decrease,Not stated,2.5% and 5.0% of DM,in_vitro,['Microbial community restructuring'],Inferred,"in vitro gas production, 16S rRNA",Medium,All seaweed additions significantly decreased CH4 production,10.1016/j.anifeedsci.2025.116596,auto,v2.0-126corpus,0.75,"{""source"": ""Sargassum serratum"", ""target"": ""methane yield"", ""edge_type"": ""INHIBITS"", ""effect_direction"": ""decrease"", ""effect_size"": ""Not stated"", ""dose"": ""2.5% and 5.0% of DM"", ""experimental_system"": ""in_vitro"", ""mechanism_class"": [""Microbial community restructuring""], ""direct_or_inferred"": ""Inferred"", ""evidence_method"": ""in vitro gas production, 16S rRNA"", ""evidence_quality"": ""Medium"", ""supporting_quote"": ""All seaweed additions significantly decreased CH4 production"", ""paper_id"": ""10.1016/j.anifeedsci.2025.116596"", ""extraction_source"": ""auto"", ""prompt_version"": ""v2.0-126corpus"", ""confidence"": 0.75}"
R0025,Laurencia tristicha,INHIBITS,methane yield,decrease,Not stated,2.5% and 5.0% of DM,in_vitro,['Microbial community restructuring'],Inferred,"in vitro gas production, 16S rRNA",Medium,All seaweed additions significantly decreased CH4 production,10.1016/j.anifeedsci.2025.116596,auto,v2.0-126corpus,0.75,"{""source"": ""Laurencia tristicha"", ""target"": ""methane yield"", ""edge_type"": ""INHIBITS"", ""effect_direction"": ""decrease"", ""effect_size"": ""Not stated"", ""dose"": ""2.5% and 5.0% of DM"", ""experimental_system"": ""in_vitro"", ""mechanism_class"": [""Microbial community restructuring""], ""direct_or_inferred"": ""Inferred"", ""evidence_method"": ""in vitro gas production, 16S rRNA"", ""evidence_quality"": ""Medium"", ""supporting_quote"": ""All seaweed additions significantly decreased CH4 production"", ""paper_id"": ""10.1016/j.anifeedsci.2025.116596"", ""extraction_source"": ""auto"", ""prompt_version"": ""v2.0-126corpus"", ""confidence"": 0.75}"
R0025,Enteromorpha prolifera,INHIBITS,methane yield,no_change,Not stated,2.5% of DM,in_vitro,['Unknown/unclear mechanism'],Inferred,in vitro gas production,Medium,"All seaweed additions significantly decreased CH4 production, except for E. prolifera at the 2.5% dosage",10.1016/j.anifeedsci.2025.116596,auto,v2.0-126corpus,0.8,"{""source"": ""Enteromorpha prolifera"", ""target"": ""methane yield"", ""edge_type"": ""INHIBITS"", ""effect_direction"": ""no_change"", ""effect_size"": ""Not stated"", ""dose"": ""2.5% of DM"", ""experimental_system"": ""in_vitro"", ""mechanism_class"": [""Unknown/unclear mechanism""], ""direct_or_inferred"": ""Inferred"", ""evidence_method"": ""in vitro gas production"", ""evidence_quality"": ""Medium"", ""supporting_quote"": ""All seaweed additions significantly decreased CH4 production, except for E. prolifera at the 2.5% dosage"", ""paper_id"": ""10.1016/j.anifeedsci.2025.116596"", ""extraction_source"": ""auto"", ""prompt_version"": ""v2.0-126corpus"", ""confidence"": 0.8}"
R0026,Ascophyllum nodosum,MODULATES,methane yield,no_change,Not stated,1.5 % DM,in_vivo,['Unknown/unclear mechanism'],Direct,GreenFeed emissions monitoring system,High,"Methane production was similar between treatments, averaging 206.6 g/d for CTR and 204.6 g/d for ASCE.",10.1016/j.anifeedsci.2026.116632,auto,v2.0-126corpus,0.85,"{""source"": ""Ascophyllum nodosum"", ""target"": ""methane yield"", ""edge_type"": ""MODULATES"", ""effect_direction"": ""no_change"", ""effect_size"": ""Not stated"", ""dose"": ""1.5 % DM"", ""experimental_system"": ""in_vivo"", ""mechanism_class"": [""Unknown/unclear mechanism""], ""direct_or_inferred"": ""Direct"", ""evidence_method"": ""GreenFeed emissions monitoring system"", ""evidence_quality"": ""High"", ""supporting_quote"": ""Methane production was similar between treatments, averaging 206.6 g/d for CTR and 204.6 g/d for ASCE."", ""paper_id"": ""10.1016/j.anifeedsci.2026.116632"", ""extraction_source"": ""auto"", ""prompt_version"": ""v2.0-126corpus"", ""confidence"": 0.85}"
R0026,Ascophyllum nodosum,MODULATES,methane yield,no_change,Not stated,1.5 % DM,in_vivo,['Unknown/unclear mechanism'],Direct,GreenFeed emissions monitoring system,High,"Methane yield (g/kg DMI) and intensity (g/kg ADG) were also unaffected, averaging 24.8 g/kg DMI and 130.8 g/kg ADG, respectively.",10.1016/j.anifeedsci.2026.116632,auto,v2.0-126corpus,0.85,"{""source"": ""Ascophyllum nodosum"", ""target"": ""methane yield"", ""edge_type"": ""MODULATES"", ""effect_direction"": ""no_change"", ""effect_size"": ""Not stated"", ""dose"": ""1.5 % DM"", ""experimental_system"": ""in_vivo"", ""mechanism_class"": [""Unknown/unclear mechanism""], ""direct_or_inferred"": ""Direct"", ""evidence_method"": ""GreenFeed emissions monitoring system"", ""evidence_quality"": ""High"", ""supporting_quote"": ""Methane yield (g/kg DMI) and intensity (g/kg ADG) were also unaffected, averaging 24.8 g/kg DMI and 130.8 g/kg ADG, respectively."", ""paper_id"": ""10.1016/j.anifeedsci.2026.116632"", ""extraction_source"": ""auto"", ""prompt_version"": ""v2.0-126corpus"", ""confidence"": 0.85}"
R0026,Ascophyllum nodosum,MODULATES,methane intensity,no_change,Not stated,1.5 % DM,in_vivo,['Unknown/unclear mechanism'],Direct,GreenFeed emissions monitoring system,High,"Methane yield (g/kg DMI) and intensity (g/kg ADG) were also unaffected, averaging 24.8 g/kg DMI and 130.8 g/kg ADG, respectively.",10.1016/j.anifeedsci.2026.116632,auto,v2.0-126corpus,0.85,"{""source"": ""Ascophyllum nodosum"", ""target"": ""methane intensity"", ""edge_type"": ""MODULATES"", ""effect_direction"": ""no_change"", ""effect_size"": ""Not stated"", ""dose"": ""1.5 % DM"", ""experimental_system"": ""in_vivo"", ""mechanism_class"": [""Unknown/unclear mechanism""], ""direct_or_inferred"": ""Direct"", ""evidence_method"": ""GreenFeed emissions monitoring system"", ""evidence_quality"": ""High"", ""supporting_quote"": ""Methane yield (g/kg DMI) and intensity (g/kg ADG) were also unaffected, averaging 24.8 g/kg DMI and 130.8 g/kg ADG, respectively."", ""paper_id"": ""10.1016/j.anifeedsci.2026.116632"", ""extraction_source"": ""auto"", ""prompt_version"": ""v2.0-126corpus"", ""confidence"": 0.85}"
R0026,Ascophyllum nodosum,MODULATES,butyrate production,decrease,Not stated,1.5 % DM,in_vivo,['Fermentation pathway modulation'],Direct,rumen fluid analysis,Medium,"The proportion of butyrate was lower, and ammonia-nitrogen (NH3-N) concentration was higher in ASCE-treated steers.",10.1016/j.anifeedsci.2026.116632,auto,v2.0-126corpus,0.8,"{""source"": ""Ascophyllum nodosum"", ""target"": ""butyrate production"", ""edge_type"": ""MODULATES"", ""effect_direction"": ""decrease"", ""effect_size"": ""Not stated"", ""dose"": ""1.5 % DM"", ""experimental_system"": ""in_vivo"", ""mechanism_class"": [""Fermentation pathway modulation""], ""direct_or_inferred"": ""Direct"", ""evidence_method"": ""rumen fluid analysis"", ""evidence_quality"": ""Medium"", ""supporting_quote"": ""The proportion of butyrate was lower, and ammonia-nitrogen (NH3-N) concentration was higher in ASCE-treated steers."", ""paper_id"": ""10.1016/j.anifeedsci.2026.116632"", ""extraction_source"": ""auto"", ""prompt_version"": ""v2.0-126corpus"", ""confidence"": 0.8}"
R0026,Ascophyllum nodosum,MODULATES,ammonia-nitrogen,increase,Not stated,1.5 % DM,in_vivo,['Fermentation pathway modulation'],Direct,rumen fluid analysis,Medium,"The proportion of butyrate was lower, and ammonia-nitrogen (NH3-N) concentration was higher in ASCE-treated steers.",10.1016/j.anifeedsci.2026.116632,auto,v2.0-126corpus,0.8,"{""source"": ""Ascophyllum nodosum"", ""target"": ""ammonia-nitrogen"", ""edge_type"": ""MODULATES"", ""effect_direction"": ""increase"", ""effect_size"": ""Not stated"", ""dose"": ""1.5 % DM"", ""experimental_system"": ""in_vivo"", ""mechanism_class"": [""Fermentation pathway modulation""], ""direct_or_inferred"": ""Direct"", ""evidence_method"": ""rumen fluid analysis"", ""evidence_quality"": ""Medium"", ""supporting_quote"": ""The proportion of butyrate was lower, and ammonia-nitrogen (NH3-N) concentration was higher in ASCE-treated steers."", ""paper_id"": ""10.1016/j.anifeedsci.2026.116632"", ""extraction_source"": ""auto"", ""prompt_version"": ""v2.0-126corpus"", ""confidence"": 0.8}"
R0027,Kappaphycus alvarezii,INHIBITS,methane yield,decrease,31-42%,3-5% DM,in_vitro,"['Protozoal suppression', 'Microbial community restructuring']",Direct,"in vitro gas production, metagenomics",High,A remarkable decrease of 31-42% in CH4 production was recorded with the incremental inclusion of Kappaphycus alvarezii at levels of 3-5% of the dry matter,10.3390/microorganisms13010123,auto,v2.0-126corpus,0.9,"{""source"": ""Kappaphycus alvarezii"", ""target"": ""methane yield"", ""edge_type"": ""INHIBITS"", ""effect_direction"": ""decrease"", ""effect_size"": ""31-42%"", ""dose"": ""3-5% DM"", ""experimental_system"": ""in_vitro"", ""mechanism_class"": [""Protozoal suppression"", ""Microbial community restructuring""], ""direct_or_inferred"": ""Direct"", ""evidence_method"": ""in vitro gas production, metagenomics"", ""evidence_quality"": ""High"", ""supporting_quote"": ""A remarkable decrease of 31-42% in CH4 production was recorded with the incremental inclusion of Kappaphycus alvarezii at levels of 3-5% of the dry matter"", ""paper_id"": ""10.3390/microorganisms13010123"", ""extraction_source"": ""auto"", ""prompt_version"": ""v2.0-126corpus"", ""confidence"": 0.9}"
R0027,Sargassum wightii,INHIBITS,methane yield,decrease,36-48%,4-5% DM,in_vitro,"['Protozoal suppression', 'Microbial community restructuring']",Direct,"in vitro gas production, metagenomics",High,The addition of Sargassum wightii led to a significant decrease of 36-48% in CH4 emissions when incorporated at levels of 4-5% of dry matter,10.3390/microorganisms13010123,auto,v2.0-126corpus,0.9,"{""source"": ""Sargassum wightii"", ""target"": ""methane yield"", ""edge_type"": ""INHIBITS"", ""effect_direction"": ""decrease"", ""effect_size"": ""36-48%"", ""dose"": ""4-5% DM"", ""experimental_system"": ""in_vitro"", ""mechanism_class"": [""Protozoal suppression"", ""Microbial community restructuring""], ""direct_or_inferred"": ""Direct"", ""evidence_method"": ""in vitro gas production, metagenomics"", ""evidence_quality"": ""High"", ""supporting_quote"": ""The addition of Sargassum wightii led to a significant decrease of 36-48% in CH4 emissions when incorporated at levels of 4-5% of dry matter"", ""paper_id"": ""10.3390/microorganisms13010123"", ""extraction_source"": ""auto"", ""prompt_version"": ""v2.0-126corpus"", ""confidence"": 0.9}"
R0027,Kappaphycus alvarezii,INHIBITS,ciliate protozoa,decrease,Not stated,3-5% DM,in_vitro,['Protozoal suppression'],Direct,microscopy or counting (implied),Medium,significant decrease in the numbers of total protozoa and Entodinomorphs,10.3390/microorganisms13010123,auto,v2.0-126corpus,0.85,"{""source"": ""Kappaphycus alvarezii"", ""target"": ""ciliate protozoa"", ""edge_type"": ""INHIBITS"", ""effect_direction"": ""decrease"", ""effect_size"": ""Not stated"", ""dose"": ""3-5% DM"", ""experimental_system"": ""in_vitro"", ""mechanism_class"": [""Protozoal suppression""], ""direct_or_inferred"": ""Direct"", ""evidence_method"": ""microscopy or counting (implied)"", ""evidence_quality"": ""Medium"", ""supporting_quote"": ""significant decrease in the numbers of total protozoa and Entodinomorphs"", ""paper_id"": ""10.3390/microorganisms13010123"", ""extraction_source"": ""auto"", ""prompt_version"": ""v2.0-126corpus"", ""confidence"": 0.85}"
R0027,Sargassum wightii,INHIBITS,ciliate protozoa,decrease,Not stated,4-5% DM,in_vitro,['Protozoal suppression'],Direct,microscopy or counting (implied),Medium,significant decrease in the numbers of total protozoa and Entodinomorphs,10.3390/microorganisms13010123,auto,v2.0-126corpus,0.85,"{""source"": ""Sargassum wightii"", ""target"": ""ciliate protozoa"", ""edge_type"": ""INHIBITS"", ""effect_direction"": ""decrease"", ""effect_size"": ""Not stated"", ""dose"": ""4-5% DM"", ""experimental_system"": ""in_vitro"", ""mechanism_class"": [""Protozoal suppression""], ""direct_or_inferred"": ""Direct"", ""evidence_method"": ""microscopy or counting (implied)"", ""evidence_quality"": ""Medium"", ""supporting_quote"": ""significant decrease in the numbers of total protozoa and Entodinomorphs"", ""paper_id"": ""10.3390/microorganisms13010123"", ""extraction_source"": ""auto"", ""prompt_version"": ""v2.0-126corpus"", ""confidence"": 0.85}"
R0027,Kappaphycus alvarezii,PROMOTES,sulfate-reducing microbes,increase,Not stated,3-5% DM,in_vitro,['Microbial community restructuring'],Direct,metagenomics,High,increasing abundances of sulfate-reducing microbes and minor methanogens,10.3390/microorganisms13010123,auto,v2.0-126corpus,0.85,"{""source"": ""Kappaphycus alvarezii"", ""target"": ""sulfate-reducing microbes"", ""edge_type"": ""PROMOTES"", ""effect_direction"": ""increase"", ""effect_size"": ""Not stated"", ""dose"": ""3-5% DM"", ""experimental_system"": ""in_vitro"", ""mechanism_class"": [""Microbial community restructuring""], ""direct_or_inferred"": ""Direct"", ""evidence_method"": ""metagenomics"", ""evidence_quality"": ""High"", ""supporting_quote"": ""increasing abundances of sulfate-reducing microbes and minor methanogens"", ""paper_id"": ""10.3390/microorganisms13010123"", ""extraction_source"": ""auto"", ""prompt_version"": ""v2.0-126corpus"", ""confidence"": 0.85}"
R0027,Sargassum wightii,PROMOTES,sulfate-reducing microbes,increase,Not stated,4-5% DM,in_vitro,['Microbial community restructuring'],Direct,metagenomics,High,increasing abundances of sulfate-reducing microbes and minor methanogens,10.3390/microorganisms13010123,auto,v2.0-126corpus,0.85,"{""source"": ""Sargassum wightii"", ""target"": ""sulfate-reducing microbes"", ""edge_type"": ""PROMOTES"", ""effect_direction"": ""increase"", ""effect_size"": ""Not stated"", ""dose"": ""4-5% DM"", ""experimental_system"": ""in_vitro"", ""mechanism_class"": [""Microbial community restructuring""], ""direct_or_inferred"": ""Direct"", ""evidence_method"": ""metagenomics"", ""evidence_quality"": ""High"", ""supporting_quote"": ""increasing abundances of sulfate-reducing microbes and minor methanogens"", ""paper_id"": ""10.3390/microorganisms13010123"", ""extraction_source"": ""auto"", ""prompt_version"": ""v2.0-126corpus"", ""confidence"": 0.85}"
R0027,Kappaphycus alvarezii,MODULATES,feed fermentation pattern,no_change,Not stated,3-5% DM,in_vitro,['Fermentation pathway modulation'],Direct,VFA/NH3 measurement (implied),Medium,supplementation of Kappaphycus alvarezii and Sargassum wightii did not alter the feed fermentation pattern,10.3390/microorganisms13010123,auto,v2.0-126corpus,0.85,"{""source"": ""Kappaphycus alvarezii"", ""target"": ""feed fermentation pattern"", ""edge_type"": ""MODULATES"", ""effect_direction"": ""no_change"", ""effect_size"": ""Not stated"", ""dose"": ""3-5% DM"", ""experimental_system"": ""in_vitro"", ""mechanism_class"": [""Fermentation pathway modulation""], ""direct_or_inferred"": ""Direct"", ""evidence_method"": ""VFA/NH3 measurement (implied)"", ""evidence_quality"": ""Medium"", ""supporting_quote"": ""supplementation of Kappaphycus alvarezii and Sargassum wightii did not alter the feed fermentation pattern"", ""paper_id"": ""10.3390/microorganisms13010123"", ""extraction_source"": ""auto"", ""prompt_version"": ""v2.0-126corpus"", ""confidence"": 0.85}"
R0027,Sargassum wightii,MODULATES,feed fermentation pattern,no_change,Not stated,4-5% DM,in_vitro,['Fermentation pathway modulation'],Direct,VFA/NH3 measurement (implied),Medium,supplementation of Kappaphycus alvarezii and Sargassum wightii did not alter the feed fermentation pattern,10.3390/microorganisms13010123,auto,v2.0-126corpus,0.85,"{""source"": ""Sargassum wightii"", ""target"": ""feed fermentation pattern"", ""edge_type"": ""MODULATES"", ""effect_direction"": ""no_change"", ""effect_size"": ""Not stated"", ""dose"": ""4-5% DM"", ""experimental_system"": ""in_vitro"", ""mechanism_class"": [""Fermentation pathway modulation""], ""direct_or_inferred"": ""Direct"", ""evidence_method"": ""VFA/NH3 measurement (implied)"", ""evidence_quality"": ""Medium"", ""supporting_quote"": ""supplementation of Kappaphycus alvarezii and Sargassum wightii did not alter the feed fermentation pattern"", ""paper_id"": ""10.3390/microorganisms13010123"", ""extraction_source"": ""auto"", ""prompt_version"": ""v2.0-126corpus"", ""confidence"": 0.85}"
R0028,Laurencia snackeyi,INHIBITS,methane yield,decrease,37%,1.5% diet DM,in_vivo,['Unknown/unclear mechanism'],Inferred,GreenFeed,High,"Daily CH4 production, yield, and intensity were decreased by LS compared with control by 37, 26, and 27%, respectively.",10.3168/jds.2025-27251,auto,v2.0-126corpus,0.85,"{""source"": ""Laurencia snackeyi"", ""target"": ""methane yield"", ""edge_type"": ""INHIBITS"", ""effect_direction"": ""decrease"", ""effect_size"": ""37%"", ""dose"": ""1.5% diet DM"", ""experimental_system"": ""in_vivo"", ""mechanism_class"": [""Unknown/unclear mechanism""], ""direct_or_inferred"": ""Inferred"", ""evidence_method"": ""GreenFeed"", ""evidence_quality"": ""High"", ""supporting_quote"": ""Daily CH4 production, yield, and intensity were decreased by LS compared with control by 37, 26, and 27%, respectively."", ""paper_id"": ""10.3168/jds.2025-27251"", ""extraction_source"": ""auto"", ""prompt_version"": ""v2.0-126corpus"", ""confidence"": 0.85}"
R0028,Laurencia snackeyi,INHIBITS,methane yield,decrease,26%,1.5% diet DM,in_vivo,['Unknown/unclear mechanism'],Inferred,GreenFeed,High,"Daily CH4 production, yield, and intensity were decreased by LS compared with control by 37, 26, and 27%, respectively.",10.3168/jds.2025-27251,auto,v2.0-126corpus,0.85,"{""source"": ""Laurencia snackeyi"", ""target"": ""methane yield"", ""edge_type"": ""INHIBITS"", ""effect_direction"": ""decrease"", ""effect_size"": ""26%"", ""dose"": ""1.5% diet DM"", ""experimental_system"": ""in_vivo"", ""mechanism_class"": [""Unknown/unclear mechanism""], ""direct_or_inferred"": ""Inferred"", ""evidence_method"": ""GreenFeed"", ""evidence_quality"": ""High"", ""supporting_quote"": ""Daily CH4 production, yield, and intensity were decreased by LS compared with control by 37, 26, and 27%, respectively."", ""paper_id"": ""10.3168/jds.2025-27251"", ""extraction_source"": ""auto"", ""prompt_version"": ""v2.0-126corpus"", ""confidence"": 0.85}"
R0028,Laurencia snackeyi,INHIBITS,methane intensity,decrease,27%,1.5% diet DM,in_vivo,['Unknown/unclear mechanism'],Inferred,GreenFeed,High,"Daily CH4 production, yield, and intensity were decreased by LS compared with control by 37, 26, and 27%, respectively.",10.3168/jds.2025-27251,auto,v2.0-126corpus,0.85,"{""source"": ""Laurencia snackeyi"", ""target"": ""methane intensity"", ""edge_type"": ""INHIBITS"", ""effect_direction"": ""decrease"", ""effect_size"": ""27%"", ""dose"": ""1.5% diet DM"", ""experimental_system"": ""in_vivo"", ""mechanism_class"": [""Unknown/unclear mechanism""], ""direct_or_inferred"": ""Inferred"", ""evidence_method"": ""GreenFeed"", ""evidence_quality"": ""High"", ""supporting_quote"": ""Daily CH4 production, yield, and intensity were decreased by LS compared with control by 37, 26, and 27%, respectively."", ""paper_id"": ""10.3168/jds.2025-27251"", ""extraction_source"": ""auto"", ""prompt_version"": ""v2.0-126corpus"", ""confidence"": 0.85}"
R0028,Laurencia snackeyi,PROMOTES,hydrogen emission,increase,2.2-fold,1.5% diet DM,in_vivo,['Unknown/unclear mechanism'],Inferred,GreenFeed,High,"Conversely, daily H2 emission was increased 2.2-fold by LS.",10.3168/jds.2025-27251,auto,v2.0-126corpus,0.85,"{""source"": ""Laurencia snackeyi"", ""target"": ""hydrogen emission"", ""edge_type"": ""PROMOTES"", ""effect_direction"": ""increase"", ""effect_size"": ""2.2-fold"", ""dose"": ""1.5% diet DM"", ""experimental_system"": ""in_vivo"", ""mechanism_class"": [""Unknown/unclear mechanism""], ""direct_or_inferred"": ""Inferred"", ""evidence_method"": ""GreenFeed"", ""evidence_quality"": ""High"", ""supporting_quote"": ""Conversely, daily H2 emission was increased 2.2-fold by LS."", ""paper_id"": ""10.3168/jds.2025-27251"", ""extraction_source"": ""auto"", ""prompt_version"": ""v2.0-126corpus"", ""confidence"": 0.85}"
R0029,Ecklonia cava,INHIBITS,methane yield,decrease,90.0%,1 g per 50 mL (in mixture),in_vitro,['Unknown/unclear mechanism'],Inferred,in vitro gas production,Medium,maximum methane abatement was up to 90.0 ± 0.7%,10.1007/s10811-026-03858-0,auto,v2.0-126corpus,0.75,"{""source"": ""Ecklonia cava"", ""target"": ""methane yield"", ""edge_type"": ""INHIBITS"", ""effect_direction"": ""decrease"", ""effect_size"": ""90.0%"", ""dose"": ""1 g per 50 mL (in mixture)"", ""experimental_system"": ""in_vitro"", ""mechanism_class"": [""Unknown/unclear mechanism""], ""direct_or_inferred"": ""Inferred"", ""evidence_method"": ""in vitro gas production"", ""evidence_quality"": ""Medium"", ""supporting_quote"": ""maximum methane abatement was up to 90.0 ± 0.7%"", ""paper_id"": ""10.1007/s10811-026-03858-0"", ""extraction_source"": ""auto"", ""prompt_version"": ""v2.0-126corpus"", ""confidence"": 0.75}"
R0029,Ecklonia stolonifera,INHIBITS,methane yield,decrease,90.0%,1 g per 50 mL (in mixture),in_vitro,['Unknown/unclear mechanism'],Inferred,in vitro gas production,Medium,maximum methane abatement was up to 90.0 ± 0.7%,10.1007/s10811-026-03858-0,auto,v2.0-126corpus,0.75,"{""source"": ""Ecklonia stolonifera"", ""target"": ""methane yield"", ""edge_type"": ""INHIBITS"", ""effect_direction"": ""decrease"", ""effect_size"": ""90.0%"", ""dose"": ""1 g per 50 mL (in mixture)"", ""experimental_system"": ""in_vitro"", ""mechanism_class"": [""Unknown/unclear mechanism""], ""direct_or_inferred"": ""Inferred"", ""evidence_method"": ""in vitro gas production"", ""evidence_quality"": ""Medium"", ""supporting_quote"": ""maximum methane abatement was up to 90.0 ± 0.7%"", ""paper_id"": ""10.1007/s10811-026-03858-0"", ""extraction_source"": ""auto"", ""prompt_version"": ""v2.0-126corpus"", ""confidence"": 0.75}"
R0029,Ulva pertusa,INHIBITS,methane yield,decrease,90.0%,0.75 g per 50 mL (in mixture),in_vitro,['Unknown/unclear mechanism'],Inferred,in vitro gas production,Medium,maximum methane abatement was up to 90.0 ± 0.7%,10.1007/s10811-026-03858-0,auto,v2.0-126corpus,0.75,"{""source"": ""Ulva pertusa"", ""target"": ""methane yield"", ""edge_type"": ""INHIBITS"", ""effect_direction"": ""decrease"", ""effect_size"": ""90.0%"", ""dose"": ""0.75 g per 50 mL (in mixture)"", ""experimental_system"": ""in_vitro"", ""mechanism_class"": [""Unknown/unclear mechanism""], ""direct_or_inferred"": ""Inferred"", ""evidence_method"": ""in vitro gas production"", ""evidence_quality"": ""Medium"", ""supporting_quote"": ""maximum methane abatement was up to 90.0 ± 0.7%"", ""paper_id"": ""10.1007/s10811-026-03858-0"", ""extraction_source"": ""auto"", ""prompt_version"": ""v2.0-126corpus"", ""confidence"": 0.75}"
R0030,Asparagopsis taxiformis,INHIBITS,Methanobrevibacter,decrease,Not stated,5% DM,in_vitro,['Direct archaeal inhibition'],Direct,metagenomics,High,"suppressing the relative abundance of Methanobrevibacter, CH4 production in the rumen was directly suppressed",10.3389/fmicb.2025.1586456,auto,v2.0-126corpus,0.9,"{""source"": ""Asparagopsis taxiformis"", ""target"": ""Methanobrevibacter"", ""edge_type"": ""INHIBITS"", ""effect_direction"": ""decrease"", ""effect_size"": ""Not stated"", ""dose"": ""5% DM"", ""experimental_system"": ""in_vitro"", ""mechanism_class"": [""Direct archaeal inhibition""], ""direct_or_inferred"": ""Direct"", ""evidence_method"": ""metagenomics"", ""evidence_quality"": ""High"", ""supporting_quote"": ""suppressing the relative abundance of Methanobrevibacter, CH4 production in the rumen was directly suppressed"", ""paper_id"": ""10.3389/fmicb.2025.1586456"", ""extraction_source"": ""auto"", ""prompt_version"": ""v2.0-126corpus"", ""confidence"": 0.9}"
R0030,Asparagopsis taxiformis,INHIBITS,K00399,decrease,Not stated,5% DM,in_vitro,['Direct archaeal inhibition'],Direct,KEGG pathway analysis,High,"A. taxiformis significantly inhibited the abundance of K00399, methyl-coenzyme M reductase alpha subunit",10.3389/fmicb.2025.1586456,auto,v2.0-126corpus,0.95,"{""source"": ""Asparagopsis taxiformis"", ""target"": ""K00399"", ""edge_type"": ""INHIBITS"", ""effect_direction"": ""decrease"", ""effect_size"": ""Not stated"", ""dose"": ""5% DM"", ""experimental_system"": ""in_vitro"", ""mechanism_class"": [""Direct archaeal inhibition""], ""direct_or_inferred"": ""Direct"", ""evidence_method"": ""KEGG pathway analysis"", ""evidence_quality"": ""High"", ""supporting_quote"": ""A. taxiformis significantly inhibited the abundance of K00399, methyl-coenzyme M reductase alpha subunit"", ""paper_id"": ""10.3389/fmicb.2025.1586456"", ""extraction_source"": ""auto"", ""prompt_version"": ""v2.0-126corpus"", ""confidence"": 0.95}"
R0030,Asparagopsis taxiformis,PROMOTES,Prevotella,increase,Not stated,5% DM,in_vitro,['Microbial community restructuring'],Direct,metagenomics,High,significantly increased the relative abundance of propionate-producing bacteria such as Prevotella,10.3389/fmicb.2025.1586456,auto,v2.0-126corpus,0.85,"{""source"": ""Asparagopsis taxiformis"", ""target"": ""Prevotella"", ""edge_type"": ""PROMOTES"", ""effect_direction"": ""increase"", ""effect_size"": ""Not stated"", ""dose"": ""5% DM"", ""experimental_system"": ""in_vitro"", ""mechanism_class"": [""Microbial community restructuring""], ""direct_or_inferred"": ""Direct"", ""evidence_method"": ""metagenomics"", ""evidence_quality"": ""High"", ""supporting_quote"": ""significantly increased the relative abundance of propionate-producing bacteria such as Prevotella"", ""paper_id"": ""10.3389/fmicb.2025.1586456"", ""extraction_source"": ""auto"", ""prompt_version"": ""v2.0-126corpus"", ""confidence"": 0.85}"
R0030,Asparagopsis taxiformis,PROMOTES,Ruminobacter,increase,Not stated,5% DM,in_vitro,['Microbial community restructuring'],Direct,metagenomics,High,significantly increased the relative abundance of propionate-producing bacteria such as Ruminobacter,10.3389/fmicb.2025.1586456,auto,v2.0-126corpus,0.85,"{""source"": ""Asparagopsis taxiformis"", ""target"": ""Ruminobacter"", ""edge_type"": ""PROMOTES"", ""effect_direction"": ""increase"", ""effect_size"": ""Not stated"", ""dose"": ""5% DM"", ""experimental_system"": ""in_vitro"", ""mechanism_class"": [""Microbial community restructuring""], ""direct_or_inferred"": ""Direct"", ""evidence_method"": ""metagenomics"", ""evidence_quality"": ""High"", ""supporting_quote"": ""significantly increased the relative abundance of propionate-producing bacteria such as Ruminobacter"", ""paper_id"": ""10.3389/fmicb.2025.1586456"", ""extraction_source"": ""auto"", ""prompt_version"": ""v2.0-126corpus"", ""confidence"": 0.85}"
R0030,Asparagopsis taxiformis,PROMOTES,Succinivibrio,increase,Not stated,5% DM,in_vitro,['Microbial community restructuring'],Direct,metagenomics,High,significantly increased the relative abundance of propionate-producing bacteria such as Succinivibrio,10.3389/fmicb.2025.1586456,auto,v2.0-126corpus,0.85,"{""source"": ""Asparagopsis taxiformis"", ""target"": ""Succinivibrio"", ""edge_type"": ""PROMOTES"", ""effect_direction"": ""increase"", ""effect_size"": ""Not stated"", ""dose"": ""5% DM"", ""experimental_system"": ""in_vitro"", ""mechanism_class"": [""Microbial community restructuring""], ""direct_or_inferred"": ""Direct"", ""evidence_method"": ""metagenomics"", ""evidence_quality"": ""High"", ""supporting_quote"": ""significantly increased the relative abundance of propionate-producing bacteria such as Succinivibrio"", ""paper_id"": ""10.3389/fmicb.2025.1586456"", ""extraction_source"": ""auto"", ""prompt_version"": ""v2.0-126corpus"", ""confidence"": 0.85}"
R0030,Asparagopsis taxiformis,INHIBITS,Ruminococcus,decrease,Not stated,5% DM,in_vitro,['Microbial community restructuring'],Direct,metagenomics,High,inhibited acetate-producing bacteria such as Ruminococcus,10.3389/fmicb.2025.1586456,auto,v2.0-126corpus,0.85,"{""source"": ""Asparagopsis taxiformis"", ""target"": ""Ruminococcus"", ""edge_type"": ""INHIBITS"", ""effect_direction"": ""decrease"", ""effect_size"": ""Not stated"", ""dose"": ""5% DM"", ""experimental_system"": ""in_vitro"", ""mechanism_class"": [""Microbial community restructuring""], ""direct_or_inferred"": ""Direct"", ""evidence_method"": ""metagenomics"", ""evidence_quality"": ""High"", ""supporting_quote"": ""inhibited acetate-producing bacteria such as Ruminococcus"", ""paper_id"": ""10.3389/fmicb.2025.1586456"", ""extraction_source"": ""auto"", ""prompt_version"": ""v2.0-126corpus"", ""confidence"": 0.85}"
R0030,Asparagopsis taxiformis,INHIBITS,methane yield,decrease,98.53%,5% DM,in_vitro,"['Direct archaeal inhibition', 'Hydrogen sink redistribution', 'Microbial community restructuring']",Direct,"in vitro gas production, metagenomics, metabolomics",High,supplementation of freeze-dried treatments at Mid group significantly reduced CH4 production by 98.53%,10.3389/fmicb.2025.1586456,auto,v2.0-126corpus,0.95,"{""source"": ""Asparagopsis taxiformis"", ""target"": ""methane yield"", ""edge_type"": ""INHIBITS"", ""effect_direction"": ""decrease"", ""effect_size"": ""98.53%"", ""dose"": ""5% DM"", ""experimental_system"": ""in_vitro"", ""mechanism_class"": [""Direct archaeal inhibition"", ""Hydrogen sink redistribution"", ""Microbial community restructuring""], ""direct_or_inferred"": ""Direct"", ""evidence_method"": ""in vitro gas production, metagenomics, metabolomics"", ""evidence_quality"": ""High"", ""supporting_quote"": ""supplementation of freeze-dried treatments at Mid group significantly reduced CH4 production by 98.53%"", ""paper_id"": ""10.3389/fmicb.2025.1586456"", ""extraction_source"": ""auto"", ""prompt_version"": ""v2.0-126corpus"", ""confidence"": 0.95}"
R0030,Asparagopsis taxiformis,PROMOTES,propionate production,increase,Not stated,5% DM,in_vitro,['Fermentation pathway modulation'],Direct,VFA analysis,High,"altered the pattern of volatile fatty acid (VFA) synthesis in the rumen, and reduced H2 availability for methanogenesis and promoted propionate production",10.3389/fmicb.2025.1586456,auto,v2.0-126corpus,0.85,"{""source"": ""Asparagopsis taxiformis"", ""target"": ""propionate production"", ""edge_type"": ""PROMOTES"", ""effect_direction"": ""increase"", ""effect_size"": ""Not stated"", ""dose"": ""5% DM"", ""experimental_system"": ""in_vitro"", ""mechanism_class"": [""Fermentation pathway modulation""], ""direct_or_inferred"": ""Direct"", ""evidence_method"": ""VFA analysis"", ""evidence_quality"": ""High"", ""supporting_quote"": ""altered the pattern of volatile fatty acid (VFA) synthesis in the rumen, and reduced H2 availability for methanogenesis and promoted propionate production"", ""paper_id"": ""10.3389/fmicb.2025.1586456"", ""extraction_source"": ""auto"", ""prompt_version"": ""v2.0-126corpus"", ""confidence"": 0.85}"
R0030,Asparagopsis taxiformis,DEGRADES,H2,decrease,Not stated,5% DM,in_vitro,['Hydrogen sink redistribution'],Inferred,metabolomics,Medium,reduced H2 availability for methanogenesis,10.3389/fmicb.2025.1586456,auto,v2.0-126corpus,0.8,"{""source"": ""Asparagopsis taxiformis"", ""target"": ""H2"", ""edge_type"": ""DEGRADES"", ""effect_direction"": ""decrease"", ""effect_size"": ""Not stated"", ""dose"": ""5% DM"", ""experimental_system"": ""in_vitro"", ""mechanism_class"": [""Hydrogen sink redistribution""], ""direct_or_inferred"": ""Inferred"", ""evidence_method"": ""metabolomics"", ""evidence_quality"": ""Medium"", ""supporting_quote"": ""reduced H2 availability for methanogenesis"", ""paper_id"": ""10.3389/fmicb.2025.1586456"", ""extraction_source"": ""auto"", ""prompt_version"": ""v2.0-126corpus"", ""confidence"": 0.8}"
R0030,Asparagopsis taxiformis,INHIBITS,acetate,decrease,Not stated,5% DM,in_vitro,['Fermentation pathway modulation'],Direct,VFA analysis,High,"inhibited acetate-producing bacteria such as Ruminococcus, altered the pattern of VFA synthesis",10.3389/fmicb.2025.1586456,auto,v2.0-126corpus,0.85,"{""source"": ""Asparagopsis taxiformis"", ""target"": ""acetate"", ""edge_type"": ""INHIBITS"", ""effect_direction"": ""decrease"", ""effect_size"": ""Not stated"", ""dose"": ""5% DM"", ""experimental_system"": ""in_vitro"", ""mechanism_class"": [""Fermentation pathway modulation""], ""direct_or_inferred"": ""Direct"", ""evidence_method"": ""VFA analysis"", ""evidence_quality"": ""High"", ""supporting_quote"": ""inhibited acetate-producing bacteria such as Ruminococcus, altered the pattern of VFA synthesis"", ""paper_id"": ""10.3389/fmicb.2025.1586456"", ""extraction_source"": ""auto"", ""prompt_version"": ""v2.0-126corpus"", ""confidence"": 0.85}"
R0031,Gracilaria lemaneiformis,INHIBITS,g_norank_f_Methanomethylophilaceae,decrease,Not stated,2% DM,in_vitro,['Microbial community restructuring'],Direct,16S rRNA,High,decreased the abundance of methanogens g_norank_f_Methanomethylophilaceae,10.3390/agriculture15161768,auto,v2.0-126corpus,0.85,"{""source"": ""Gracilaria lemaneiformis"", ""target"": ""g_norank_f_Methanomethylophilaceae"", ""edge_type"": ""INHIBITS"", ""effect_direction"": ""decrease"", ""effect_size"": ""Not stated"", ""dose"": ""2% DM"", ""experimental_system"": ""in_vitro"", ""mechanism_class"": [""Microbial community restructuring""], ""direct_or_inferred"": ""Direct"", ""evidence_method"": ""16S rRNA"", ""evidence_quality"": ""High"", ""supporting_quote"": ""decreased the abundance of methanogens g_norank_f_Methanomethylophilaceae"", ""paper_id"": ""10.3390/agriculture15161768"", ""extraction_source"": ""auto"", ""prompt_version"": ""v2.0-126corpus"", ""confidence"": 0.85}"
R0031,Gracilaria lemaneiformis,PROMOTES,Kandleria,increase,Not stated,2% DM,in_vitro,['Microbial community restructuring'],Direct,16S rRNA,High,increased the populations of bacteria (Kandleria and Succinivibrio),10.3390/agriculture15161768,auto,v2.0-126corpus,0.85,"{""source"": ""Gracilaria lemaneiformis"", ""target"": ""Kandleria"", ""edge_type"": ""PROMOTES"", ""effect_direction"": ""increase"", ""effect_size"": ""Not stated"", ""dose"": ""2% DM"", ""experimental_system"": ""in_vitro"", ""mechanism_class"": [""Microbial community restructuring""], ""direct_or_inferred"": ""Direct"", ""evidence_method"": ""16S rRNA"", ""evidence_quality"": ""High"", ""supporting_quote"": ""increased the populations of bacteria (Kandleria and Succinivibrio)"", ""paper_id"": ""10.3390/agriculture15161768"", ""extraction_source"": ""auto"", ""prompt_version"": ""v2.0-126corpus"", ""confidence"": 0.85}"
R0031,Gracilaria lemaneiformis,PROMOTES,Succinivibrio,increase,Not stated,2% DM,in_vitro,['Microbial community restructuring'],Direct,16S rRNA,High,increased the populations of bacteria (Kandleria and Succinivibrio),10.3390/agriculture15161768,auto,v2.0-126corpus,0.85,"{""source"": ""Gracilaria lemaneiformis"", ""target"": ""Succinivibrio"", ""edge_type"": ""PROMOTES"", ""effect_direction"": ""increase"", ""effect_size"": ""Not stated"", ""dose"": ""2% DM"", ""experimental_system"": ""in_vitro"", ""mechanism_class"": [""Microbial community restructuring""], ""direct_or_inferred"": ""Direct"", ""evidence_method"": ""16S rRNA"", ""evidence_quality"": ""High"", ""supporting_quote"": ""increased the populations of bacteria (Kandleria and Succinivibrio)"", ""paper_id"": ""10.3390/agriculture15161768"", ""extraction_source"": ""auto"", ""prompt_version"": ""v2.0-126corpus"", ""confidence"": 0.85}"
R0031,13(S)-HOTrE,INHIBITS,methane yield,decrease,Not stated,Not specified,in_vitro,['Unknown/unclear mechanism'],Inferred,Not stated,Medium,upregulating the levels of 13(S)-HOTrE and 9(S)-HOTrE could inhibit methanogenic activity,10.3390/agriculture15161768,auto,v2.0-126corpus,0.7,"{""source"": ""13(S)-HOTrE"", ""target"": ""methane yield"", ""edge_type"": ""INHIBITS"", ""effect_direction"": ""decrease"", ""effect_size"": ""Not stated"", ""dose"": ""Not specified"", ""experimental_system"": ""in_vitro"", ""mechanism_class"": [""Unknown/unclear mechanism""], ""direct_or_inferred"": ""Inferred"", ""evidence_method"": ""Not stated"", ""evidence_quality"": ""Medium"", ""supporting_quote"": ""upregulating the levels of 13(S)-HOTrE and 9(S)-HOTrE could inhibit methanogenic activity"", ""paper_id"": ""10.3390/agriculture15161768"", ""extraction_source"": ""auto"", ""prompt_version"": ""v2.0-126corpus"", ""confidence"": 0.7}"
R0031,9(S)-HOTrE,INHIBITS,methane yield,decrease,Not stated,Not specified,in_vitro,['Unknown/unclear mechanism'],Inferred,Not stated,Medium,upregulating the levels of 13(S)-HOTrE and 9(S)-HOTrE could inhibit methanogenic activity,10.3390/agriculture15161768,auto,v2.0-126corpus,0.7,"{""source"": ""9(S)-HOTrE"", ""target"": ""methane yield"", ""edge_type"": ""INHIBITS"", ""effect_direction"": ""decrease"", ""effect_size"": ""Not stated"", ""dose"": ""Not specified"", ""experimental_system"": ""in_vitro"", ""mechanism_class"": [""Unknown/unclear mechanism""], ""direct_or_inferred"": ""Inferred"", ""evidence_method"": ""Not stated"", ""evidence_quality"": ""Medium"", ""supporting_quote"": ""upregulating the levels of 13(S)-HOTrE and 9(S)-HOTrE could inhibit methanogenic activity"", ""paper_id"": ""10.3390/agriculture15161768"", ""extraction_source"": ""auto"", ""prompt_version"": ""v2.0-126corpus"", ""confidence"": 0.7}"
R0031,Gracilaria lemaneiformis,MODULATES,VFA concentration,decrease,Not stated,2% DM,in_vitro,['Fermentation pathway modulation'],Direct,in vitro gas production,High,lower VFA concentrations will provide less raw materials for methane synthesis,10.3390/agriculture15161768,auto,v2.0-126corpus,0.85,"{""source"": ""Gracilaria lemaneiformis"", ""target"": ""VFA concentration"", ""edge_type"": ""MODULATES"", ""effect_direction"": ""decrease"", ""effect_size"": ""Not stated"", ""dose"": ""2% DM"", ""experimental_system"": ""in_vitro"", ""mechanism_class"": [""Fermentation pathway modulation""], ""direct_or_inferred"": ""Direct"", ""evidence_method"": ""in vitro gas production"", ""evidence_quality"": ""High"", ""supporting_quote"": ""lower VFA concentrations will provide less raw materials for methane synthesis"", ""paper_id"": ""10.3390/agriculture15161768"", ""extraction_source"": ""auto"", ""prompt_version"": ""v2.0-126corpus"", ""confidence"": 0.85}"
R0031,Gracilaria lemaneiformis,MODULATES,NH3-N,decrease,Not stated,2% DM,in_vitro,['Fermentation pathway modulation'],Direct,in vitro gas production,High,significant decrease in ... ammonia nitrogen (NH3-N),10.3390/agriculture15161768,auto,v2.0-126corpus,0.85,"{""source"": ""Gracilaria lemaneiformis"", ""target"": ""NH3-N"", ""edge_type"": ""MODULATES"", ""effect_direction"": ""decrease"", ""effect_size"": ""Not stated"", ""dose"": ""2% DM"", ""experimental_system"": ""in_vitro"", ""mechanism_class"": [""Fermentation pathway modulation""], ""direct_or_inferred"": ""Direct"", ""evidence_method"": ""in vitro gas production"", ""evidence_quality"": ""High"", ""supporting_quote"": ""significant decrease in ... ammonia nitrogen (NH3-N)"", ""paper_id"": ""10.3390/agriculture15161768"", ""extraction_source"": ""auto"", ""prompt_version"": ""v2.0-126corpus"", ""confidence"": 0.85}"
R0031,Gracilaria lemaneiformis,INHIBITS,methane yield,decrease,27.5%,2% DM,in_vitro,"['Microbial community restructuring', 'Fermentation pathway modulation']",Direct,"in vitro gas production, 16S rRNA",High,supplementation with 2% G. lemaneiformis effectively reduces CH4 emissions by 27.5% (p < 0.05),10.3390/agriculture15161768,auto,v2.0-126corpus,0.92,"{""source"": ""Gracilaria lemaneiformis"", ""target"": ""methane yield"", ""edge_type"": ""INHIBITS"", ""effect_direction"": ""decrease"", ""effect_size"": ""27.5%"", ""dose"": ""2% DM"", ""experimental_system"": ""in_vitro"", ""mechanism_class"": [""Microbial community restructuring"", ""Fermentation pathway modulation""], ""direct_or_inferred"": ""Direct"", ""evidence_method"": ""in vitro gas production, 16S rRNA"", ""evidence_quality"": ""High"", ""supporting_quote"": ""supplementation with 2% G. lemaneiformis effectively reduces CH4 emissions by 27.5% (p < 0.05)"", ""paper_id"": ""10.3390/agriculture15161768"", ""extraction_source"": ""auto"", ""prompt_version"": ""v2.0-126corpus"", ""confidence"": 0.92}"
R0032,Asparagopsis taxiformis variety Brominata,INHIBITS,methane yield,decrease,59%,0.60% DM,in_vivo,['Unknown/unclear mechanism'],Inferred,GreenFeed,High,"CH4 yield decreased by 41%, 56%, and 59% compared with the CTL",10.3168/jds.2025-27429,auto,v2.0-126corpus,0.92,"{""source"": ""Asparagopsis taxiformis variety Brominata"", ""target"": ""methane yield"", ""edge_type"": ""INHIBITS"", ""effect_direction"": ""decrease"", ""effect_size"": ""59%"", ""dose"": ""0.60% DM"", ""experimental_system"": ""in_vivo"", ""mechanism_class"": [""Unknown/unclear mechanism""], ""direct_or_inferred"": ""Inferred"", ""evidence_method"": ""GreenFeed"", ""evidence_quality"": ""High"", ""supporting_quote"": ""CH4 yield decreased by 41%, 56%, and 59% compared with the CTL"", ""paper_id"": ""10.3168/jds.2025-27429"", ""extraction_source"": ""auto"", ""prompt_version"": ""v2.0-126corpus"", ""confidence"": 0.92}"
R0032,Asparagopsis taxiformis variety Brominata,INHIBITS,methane yield,decrease,77%,0.60% DM,in_vivo,['Unknown/unclear mechanism'],Inferred,GreenFeed,High,"mean CH4 production decreased by 50%, 70%, and 77%",10.3168/jds.2025-27429,auto,v2.0-126corpus,0.92,"{""source"": ""Asparagopsis taxiformis variety Brominata"", ""target"": ""methane yield"", ""edge_type"": ""INHIBITS"", ""effect_direction"": ""decrease"", ""effect_size"": ""77%"", ""dose"": ""0.60% DM"", ""experimental_system"": ""in_vivo"", ""mechanism_class"": [""Unknown/unclear mechanism""], ""direct_or_inferred"": ""Inferred"", ""evidence_method"": ""GreenFeed"", ""evidence_quality"": ""High"", ""supporting_quote"": ""mean CH4 production decreased by 50%, 70%, and 77%"", ""paper_id"": ""10.3168/jds.2025-27429"", ""extraction_source"": ""auto"", ""prompt_version"": ""v2.0-126corpus"", ""confidence"": 0.92}"
R0032,bromoform,INHIBITS,methane yield,decrease,59%,34.8 mg/kg DM,in_vivo,['Unknown/unclear mechanism'],Inferred,GreenFeed,High,"bromoform concentrations of 0, 17.4, 26.1, and 34.8 mg/kg of DM",10.3168/jds.2025-27429,auto,v2.0-126corpus,0.85,"{""source"": ""bromoform"", ""target"": ""methane yield"", ""edge_type"": ""INHIBITS"", ""effect_direction"": ""decrease"", ""effect_size"": ""59%"", ""dose"": ""34.8 mg/kg DM"", ""experimental_system"": ""in_vivo"", ""mechanism_class"": [""Unknown/unclear mechanism""], ""direct_or_inferred"": ""Inferred"", ""evidence_method"": ""GreenFeed"", ""evidence_quality"": ""High"", ""supporting_quote"": ""bromoform concentrations of 0, 17.4, 26.1, and 34.8 mg/kg of DM"", ""paper_id"": ""10.3168/jds.2025-27429"", ""extraction_source"": ""auto"", ""prompt_version"": ""v2.0-126corpus"", ""confidence"": 0.85}"
R0033,phlorotannins,INHIBITS,Prevotella,decrease,Not stated,Not specified,in_vitro,['Microbial community restructuring'],Direct,16S rRNA,High,"The presence of Prevotella decreased while carbohydrate-utilizing bacteria such as Prevotellaceae_UCG-001, Ruminococcus, Selenomonas, Ruminobacter and Fibrobacter increased.",10.3390/ani13182854,auto,v2.0-126corpus,0.85,"{""source"": ""phlorotannins"", ""target"": ""Prevotella"", ""edge_type"": ""INHIBITS"", ""effect_direction"": ""decrease"", ""effect_size"": ""Not stated"", ""dose"": ""Not specified"", ""experimental_system"": ""in_vitro"", ""mechanism_class"": [""Microbial community restructuring""], ""direct_or_inferred"": ""Direct"", ""evidence_method"": ""16S rRNA"", ""evidence_quality"": ""High"", ""supporting_quote"": ""The presence of Prevotella decreased while carbohydrate-utilizing bacteria such as Prevotellaceae_UCG-001, Ruminococcus, Selenomonas, Ruminobacter and Fibrobacter increased."", ""paper_id"": ""10.3390/ani13182854"", ""extraction_source"": ""auto"", ""prompt_version"": ""v2.0-126corpus"", ""confidence"": 0.85}"
R0033,phlorotannins,PROMOTES,Prevotellaceae_UCG-001,increase,Not stated,Not specified,in_vitro,['Microbial community restructuring'],Direct,16S rRNA,High,"The presence of Prevotella decreased while carbohydrate-utilizing bacteria such as Prevotellaceae_UCG-001, Ruminococcus, Selenomonas, Ruminobacter and Fibrobacter increased.",10.3390/ani13182854,auto,v2.0-126corpus,0.85,"{""source"": ""phlorotannins"", ""target"": ""Prevotellaceae_UCG-001"", ""edge_type"": ""PROMOTES"", ""effect_direction"": ""increase"", ""effect_size"": ""Not stated"", ""dose"": ""Not specified"", ""experimental_system"": ""in_vitro"", ""mechanism_class"": [""Microbial community restructuring""], ""direct_or_inferred"": ""Direct"", ""evidence_method"": ""16S rRNA"", ""evidence_quality"": ""High"", ""supporting_quote"": ""The presence of Prevotella decreased while carbohydrate-utilizing bacteria such as Prevotellaceae_UCG-001, Ruminococcus, Selenomonas, Ruminobacter and Fibrobacter increased."", ""paper_id"": ""10.3390/ani13182854"", ""extraction_source"": ""auto"", ""prompt_version"": ""v2.0-126corpus"", ""confidence"": 0.85}"
R0033,phlorotannins,PROMOTES,Ruminococcus,increase,Not stated,Not specified,in_vitro,['Microbial community restructuring'],Direct,16S rRNA,High,"The presence of Prevotella decreased while carbohydrate-utilizing bacteria such as Prevotellaceae_UCG-001, Ruminococcus, Selenomonas, Ruminobacter and Fibrobacter increased.",10.3390/ani13182854,auto,v2.0-126corpus,0.85,"{""source"": ""phlorotannins"", ""target"": ""Ruminococcus"", ""edge_type"": ""PROMOTES"", ""effect_direction"": ""increase"", ""effect_size"": ""Not stated"", ""dose"": ""Not specified"", ""experimental_system"": ""in_vitro"", ""mechanism_class"": [""Microbial community restructuring""], ""direct_or_inferred"": ""Direct"", ""evidence_method"": ""16S rRNA"", ""evidence_quality"": ""High"", ""supporting_quote"": ""The presence of Prevotella decreased while carbohydrate-utilizing bacteria such as Prevotellaceae_UCG-001, Ruminococcus, Selenomonas, Ruminobacter and Fibrobacter increased."", ""paper_id"": ""10.3390/ani13182854"", ""extraction_source"": ""auto"", ""prompt_version"": ""v2.0-126corpus"", ""confidence"": 0.85}"
R0033,phlorotannins,PROMOTES,Selenomonas,increase,Not stated,Not specified,in_vitro,['Microbial community restructuring'],Direct,16S rRNA,High,"The presence of Prevotella decreased while carbohydrate-utilizing bacteria such as Prevotellaceae_UCG-001, Ruminococcus, Selenomonas, Ruminobacter and Fibrobacter increased.",10.3390/ani13182854,auto,v2.0-126corpus,0.85,"{""source"": ""phlorotannins"", ""target"": ""Selenomonas"", ""edge_type"": ""PROMOTES"", ""effect_direction"": ""increase"", ""effect_size"": ""Not stated"", ""dose"": ""Not specified"", ""experimental_system"": ""in_vitro"", ""mechanism_class"": [""Microbial community restructuring""], ""direct_or_inferred"": ""Direct"", ""evidence_method"": ""16S rRNA"", ""evidence_quality"": ""High"", ""supporting_quote"": ""The presence of Prevotella decreased while carbohydrate-utilizing bacteria such as Prevotellaceae_UCG-001, Ruminococcus, Selenomonas, Ruminobacter and Fibrobacter increased."", ""paper_id"": ""10.3390/ani13182854"", ""extraction_source"": ""auto"", ""prompt_version"": ""v2.0-126corpus"", ""confidence"": 0.85}"
R0033,phlorotannins,PROMOTES,Ruminobacter,increase,Not stated,Not specified,in_vitro,['Microbial community restructuring'],Direct,16S rRNA,High,"The presence of Prevotella decreased while carbohydrate-utilizing bacteria such as Prevotellaceae_UCG-001, Ruminococcus, Selenomonas, Ruminobacter and Fibrobacter increased.",10.3390/ani13182854,auto,v2.0-126corpus,0.85,"{""source"": ""phlorotannins"", ""target"": ""Ruminobacter"", ""edge_type"": ""PROMOTES"", ""effect_direction"": ""increase"", ""effect_size"": ""Not stated"", ""dose"": ""Not specified"", ""experimental_system"": ""in_vitro"", ""mechanism_class"": [""Microbial community restructuring""], ""direct_or_inferred"": ""Direct"", ""evidence_method"": ""16S rRNA"", ""evidence_quality"": ""High"", ""supporting_quote"": ""The presence of Prevotella decreased while carbohydrate-utilizing bacteria such as Prevotellaceae_UCG-001, Ruminococcus, Selenomonas, Ruminobacter and Fibrobacter increased."", ""paper_id"": ""10.3390/ani13182854"", ""extraction_source"": ""auto"", ""prompt_version"": ""v2.0-126corpus"", ""confidence"": 0.85}"
R0033,phlorotannins,PROMOTES,Fibrobacter,increase,Not stated,Not specified,in_vitro,['Microbial community restructuring'],Direct,16S rRNA,High,"The presence of Prevotella decreased while carbohydrate-utilizing bacteria such as Prevotellaceae_UCG-001, Ruminococcus, Selenomonas, Ruminobacter and Fibrobacter increased.",10.3390/ani13182854,auto,v2.0-126corpus,0.85,"{""source"": ""phlorotannins"", ""target"": ""Fibrobacter"", ""edge_type"": ""PROMOTES"", ""effect_direction"": ""increase"", ""effect_size"": ""Not stated"", ""dose"": ""Not specified"", ""experimental_system"": ""in_vitro"", ""mechanism_class"": [""Microbial community restructuring""], ""direct_or_inferred"": ""Direct"", ""evidence_method"": ""16S rRNA"", ""evidence_quality"": ""High"", ""supporting_quote"": ""The presence of Prevotella decreased while carbohydrate-utilizing bacteria such as Prevotellaceae_UCG-001, Ruminococcus, Selenomonas, Ruminobacter and Fibrobacter increased."", ""paper_id"": ""10.3390/ani13182854"", ""extraction_source"": ""auto"", ""prompt_version"": ""v2.0-126corpus"", ""confidence"": 0.85}"
R0033,phlorotannins,MODULATES,rumen fermentation,increase,Not stated,Not specified,in_vitro,['Fermentation pathway modulation'],Direct,in vitro gas production,High,"The inclusion of PTs in the diet increased dry matter digestibility and gas production, and reduced ammonia-N concentration and pH.",10.3390/ani13182854,auto,v2.0-126corpus,0.85,"{""source"": ""phlorotannins"", ""target"": ""rumen fermentation"", ""edge_type"": ""MODULATES"", ""effect_direction"": ""increase"", ""effect_size"": ""Not stated"", ""dose"": ""Not specified"", ""experimental_system"": ""in_vitro"", ""mechanism_class"": [""Fermentation pathway modulation""], ""direct_or_inferred"": ""Direct"", ""evidence_method"": ""in vitro gas production"", ""evidence_quality"": ""High"", ""supporting_quote"": ""The inclusion of PTs in the diet increased dry matter digestibility and gas production, and reduced ammonia-N concentration and pH."", ""paper_id"": ""10.3390/ani13182854"", ""extraction_source"": ""auto"", ""prompt_version"": ""v2.0-126corpus"", ""confidence"": 0.85}"
R0033,phlorotannins,INHIBITS,biohydrogenation,decrease,Not stated,Not specified,in_vitro,['Fermentation pathway modulation'],Direct,fatty acid analysis,High,"PT extract inhibited rumen BH, increasing the content of trans-9 C18:1, cis-9 C18:1, trans-9 and trans-12 C18:2 and reducing C18:0 concentration.",10.3390/ani13182854,auto,v2.0-126corpus,0.85,"{""source"": ""phlorotannins"", ""target"": ""biohydrogenation"", ""edge_type"": ""INHIBITS"", ""effect_direction"": ""decrease"", ""effect_size"": ""Not stated"", ""dose"": ""Not specified"", ""experimental_system"": ""in_vitro"", ""mechanism_class"": [""Fermentation pathway modulation""], ""direct_or_inferred"": ""Direct"", ""evidence_method"": ""fatty acid analysis"", ""evidence_quality"": ""High"", ""supporting_quote"": ""PT extract inhibited rumen BH, increasing the content of trans-9 C18:1, cis-9 C18:1, trans-9 and trans-12 C18:2 and reducing C18:0 concentration."", ""paper_id"": ""10.3390/ani13182854"", ""extraction_source"": ""auto"", ""prompt_version"": ""v2.0-126corpus"", ""confidence"": 0.85}"
R0034,Asparagopsis taxiformis,PRODUCES,bromoform,increase,Not stated,Not specified,in_vivo,['Unknown/unclear mechanism'],Direct,Not stated,Medium,Asparagopsis taxiformis produces anti-methanogenic halogenated compounds,10.1016/j.animal.2025.101681,auto,v2.0-126corpus,0.9,"{""source"": ""Asparagopsis taxiformis"", ""target"": ""bromoform"", ""edge_type"": ""PRODUCES"", ""effect_direction"": ""increase"", ""effect_size"": ""Not stated"", ""dose"": ""Not specified"", ""experimental_system"": ""in_vivo"", ""mechanism_class"": [""Unknown/unclear mechanism""], ""direct_or_inferred"": ""Direct"", ""evidence_method"": ""Not stated"", ""evidence_quality"": ""Medium"", ""supporting_quote"": ""Asparagopsis taxiformis produces anti-methanogenic halogenated compounds"", ""paper_id"": ""10.1016/j.animal.2025.101681"", ""extraction_source"": ""auto"", ""prompt_version"": ""v2.0-126corpus"", ""confidence"": 0.9}"
R0034,bromoform,INHIBITS,methane production per kg BW gain,decrease,33% and 48% reduction,20 and 30 mg CHBr3/kg DM,in_vivo,['Unknown/unclear mechanism'],Inferred,GreenFeed,High,Methane production per kg of BW gain was reduced by 33% in B20 and by 48% in B30,10.1016/j.animal.2025.101681,auto,v2.0-126corpus,0.92,"{""source"": ""bromoform"", ""target"": ""methane production per kg BW gain"", ""edge_type"": ""INHIBITS"", ""effect_direction"": ""decrease"", ""effect_size"": ""33% and 48% reduction"", ""dose"": ""20 and 30 mg CHBr3/kg DM"", ""experimental_system"": ""in_vivo"", ""mechanism_class"": [""Unknown/unclear mechanism""], ""direct_or_inferred"": ""Inferred"", ""evidence_method"": ""GreenFeed"", ""evidence_quality"": ""High"", ""supporting_quote"": ""Methane production per kg of BW gain was reduced by 33% in B20 and by 48% in B30"", ""paper_id"": ""10.1016/j.animal.2025.101681"", ""extraction_source"": ""auto"", ""prompt_version"": ""v2.0-126corpus"", ""confidence"": 0.92}"
R0034,bromoform,MODULATES,average daily gain,decrease,10% reduction in B30,30 mg CHBr3/kg DM,in_vivo,['Unknown/unclear mechanism'],Inferred,weighing every 14 days,High,average daily gain was reduced by 10% in B30 when compared to B0,10.1016/j.animal.2025.101681,auto,v2.0-126corpus,0.85,"{""source"": ""bromoform"", ""target"": ""average daily gain"", ""edge_type"": ""MODULATES"", ""effect_direction"": ""decrease"", ""effect_size"": ""10% reduction in B30"", ""dose"": ""30 mg CHBr3/kg DM"", ""experimental_system"": ""in_vivo"", ""mechanism_class"": [""Unknown/unclear mechanism""], ""direct_or_inferred"": ""Inferred"", ""evidence_method"": ""weighing every 14 days"", ""evidence_quality"": ""High"", ""supporting_quote"": ""average daily gain was reduced by 10% in B30 when compared to B0"", ""paper_id"": ""10.1016/j.animal.2025.101681"", ""extraction_source"": ""auto"", ""prompt_version"": ""v2.0-126corpus"", ""confidence"": 0.85}"
R0034,bromoform,MODULATES,dry matter intake,no_change,Not stated,20 and 30 mg CHBr3/kg DM,in_vivo,['Unknown/unclear mechanism'],Inferred,feed intake measurement,High,Dry matter intake and feed conversion ratio were not affected by the treatments,10.1016/j.animal.2025.101681,auto,v2.0-126corpus,0.9,"{""source"": ""bromoform"", ""target"": ""dry matter intake"", ""edge_type"": ""MODULATES"", ""effect_direction"": ""no_change"", ""effect_size"": ""Not stated"", ""dose"": ""20 and 30 mg CHBr3/kg DM"", ""experimental_system"": ""in_vivo"", ""mechanism_class"": [""Unknown/unclear mechanism""], ""direct_or_inferred"": ""Inferred"", ""evidence_method"": ""feed intake measurement"", ""evidence_quality"": ""High"", ""supporting_quote"": ""Dry matter intake and feed conversion ratio were not affected by the treatments"", ""paper_id"": ""10.1016/j.animal.2025.101681"", ""extraction_source"": ""auto"", ""prompt_version"": ""v2.0-126corpus"", ""confidence"": 0.9}"
R0034,bromoform,MODULATES,carbon footprint,decrease,16% and 23% reduction,20 and 30 mg CHBr3/kg DM,in_vivo,['Unknown/unclear mechanism'],Inferred,calculated from methane and growth data,Medium,The carbon footprint reported to BW gain can be reduced by up to 16 and 23% for B20 and B30,10.1016/j.animal.2025.101681,auto,v2.0-126corpus,0.8,"{""source"": ""bromoform"", ""target"": ""carbon footprint"", ""edge_type"": ""MODULATES"", ""effect_direction"": ""decrease"", ""effect_size"": ""16% and 23% reduction"", ""dose"": ""20 and 30 mg CHBr3/kg DM"", ""experimental_system"": ""in_vivo"", ""mechanism_class"": [""Unknown/unclear mechanism""], ""direct_or_inferred"": ""Inferred"", ""evidence_method"": ""calculated from methane and growth data"", ""evidence_quality"": ""Medium"", ""supporting_quote"": ""The carbon footprint reported to BW gain can be reduced by up to 16 and 23% for B20 and B30"", ""paper_id"": ""10.1016/j.animal.2025.101681"", ""extraction_source"": ""auto"", ""prompt_version"": ""v2.0-126corpus"", ""confidence"": 0.8}"
R0035,phlorofucofuroeckol-A,INHIBITS,methane yield,decrease,Not stated,16 g/kg DM,in_vitro,['Unknown/unclear mechanism'],Inferred,in vitro gas production,High,"Methane emission was decreased by 16 g/kg PFFA (linear, P < .01) ... at 24 h of incubation.",10.1016/j.anifeedsci.2022.115468,auto,v2.0-126corpus,0.85,"{""source"": ""phlorofucofuroeckol-A"", ""target"": ""methane yield"", ""edge_type"": ""INHIBITS"", ""effect_direction"": ""decrease"", ""effect_size"": ""Not stated"", ""dose"": ""16 g/kg DM"", ""experimental_system"": ""in_vitro"", ""mechanism_class"": [""Unknown/unclear mechanism""], ""direct_or_inferred"": ""Inferred"", ""evidence_method"": ""in vitro gas production"", ""evidence_quality"": ""High"", ""supporting_quote"": ""Methane emission was decreased by 16 g/kg PFFA (linear, P < .01) ... at 24 h of incubation."", ""paper_id"": ""10.1016/j.anifeedsci.2022.115468"", ""extraction_source"": ""auto"", ""prompt_version"": ""v2.0-126corpus"", ""confidence"": 0.85}"
R0035,dieckol,INHIBITS,methane yield,decrease,Not stated,16 g/kg DM,in_vitro,['Unknown/unclear mechanism'],Inferred,in vitro gas production,High,"Methane emission was decreased by ... DE (linear, P < .01) supplementation ... at 24 h of incubation.",10.1016/j.anifeedsci.2022.115468,auto,v2.0-126corpus,0.85,"{""source"": ""dieckol"", ""target"": ""methane yield"", ""edge_type"": ""INHIBITS"", ""effect_direction"": ""decrease"", ""effect_size"": ""Not stated"", ""dose"": ""16 g/kg DM"", ""experimental_system"": ""in_vitro"", ""mechanism_class"": [""Unknown/unclear mechanism""], ""direct_or_inferred"": ""Inferred"", ""evidence_method"": ""in vitro gas production"", ""evidence_quality"": ""High"", ""supporting_quote"": ""Methane emission was decreased by ... DE (linear, P < .01) supplementation ... at 24 h of incubation."", ""paper_id"": ""10.1016/j.anifeedsci.2022.115468"", ""extraction_source"": ""auto"", ""prompt_version"": ""v2.0-126corpus"", ""confidence"": 0.85}"
R0035,"8,8'-bieckol",INHIBITS,methane yield,decrease,Not stated,8 g/kg DM,in_vitro,['Unknown/unclear mechanism'],Inferred,in vitro gas production,High,"Methane emission was decreased by ... 8 g/kg BE (linear, P < .01) addition at 24 h of incubation.",10.1016/j.anifeedsci.2022.115468,auto,v2.0-126corpus,0.85,"{""source"": ""8,8'-bieckol"", ""target"": ""methane yield"", ""edge_type"": ""INHIBITS"", ""effect_direction"": ""decrease"", ""effect_size"": ""Not stated"", ""dose"": ""8 g/kg DM"", ""experimental_system"": ""in_vitro"", ""mechanism_class"": [""Unknown/unclear mechanism""], ""direct_or_inferred"": ""Inferred"", ""evidence_method"": ""in vitro gas production"", ""evidence_quality"": ""High"", ""supporting_quote"": ""Methane emission was decreased by ... 8 g/kg BE (linear, P < .01) addition at 24 h of incubation."", ""paper_id"": ""10.1016/j.anifeedsci.2022.115468"", ""extraction_source"": ""auto"", ""prompt_version"": ""v2.0-126corpus"", ""confidence"": 0.85}"
R0035,phlorofucofuroeckol-A,INHIBITS,total gas production,decrease,Not stated,16 g/kg DM,in_vitro,['Unknown/unclear mechanism'],Inferred,in vitro gas production,High,"Total gas production was decreased at 24 h of incubation by PFFA (linear, P < .01; quadratic, P < .01)",10.1016/j.anifeedsci.2022.115468,auto,v2.0-126corpus,0.85,"{""source"": ""phlorofucofuroeckol-A"", ""target"": ""total gas production"", ""edge_type"": ""INHIBITS"", ""effect_direction"": ""decrease"", ""effect_size"": ""Not stated"", ""dose"": ""16 g/kg DM"", ""experimental_system"": ""in_vitro"", ""mechanism_class"": [""Unknown/unclear mechanism""], ""direct_or_inferred"": ""Inferred"", ""evidence_method"": ""in vitro gas production"", ""evidence_quality"": ""High"", ""supporting_quote"": ""Total gas production was decreased at 24 h of incubation by PFFA (linear, P < .01; quadratic, P < .01)"", ""paper_id"": ""10.1016/j.anifeedsci.2022.115468"", ""extraction_source"": ""auto"", ""prompt_version"": ""v2.0-126corpus"", ""confidence"": 0.85}"
R0035,dieckol,INHIBITS,total gas production,decrease,Not stated,16 g/kg DM,in_vitro,['Unknown/unclear mechanism'],Inferred,in vitro gas production,High,"Total gas production was decreased at 24 h of incubation by ... DE (linear, P < .01)",10.1016/j.anifeedsci.2022.115468,auto,v2.0-126corpus,0.85,"{""source"": ""dieckol"", ""target"": ""total gas production"", ""edge_type"": ""INHIBITS"", ""effect_direction"": ""decrease"", ""effect_size"": ""Not stated"", ""dose"": ""16 g/kg DM"", ""experimental_system"": ""in_vitro"", ""mechanism_class"": [""Unknown/unclear mechanism""], ""direct_or_inferred"": ""Inferred"", ""evidence_method"": ""in vitro gas production"", ""evidence_quality"": ""High"", ""supporting_quote"": ""Total gas production was decreased at 24 h of incubation by ... DE (linear, P < .01)"", ""paper_id"": ""10.1016/j.anifeedsci.2022.115468"", ""extraction_source"": ""auto"", ""prompt_version"": ""v2.0-126corpus"", ""confidence"": 0.85}"
R0035,"8,8'-bieckol",INHIBITS,total gas production,decrease,Not stated,8 g/kg DM,in_vitro,['Unknown/unclear mechanism'],Inferred,in vitro gas production,High,"Total gas production was decreased at 24 h of incubation by ... BE (linear, P < .01; quadratic, P = 0.02)",10.1016/j.anifeedsci.2022.115468,auto,v2.0-126corpus,0.85,"{""source"": ""8,8'-bieckol"", ""target"": ""total gas production"", ""edge_type"": ""INHIBITS"", ""effect_direction"": ""decrease"", ""effect_size"": ""Not stated"", ""dose"": ""8 g/kg DM"", ""experimental_system"": ""in_vitro"", ""mechanism_class"": [""Unknown/unclear mechanism""], ""direct_or_inferred"": ""Inferred"", ""evidence_method"": ""in vitro gas production"", ""evidence_quality"": ""High"", ""supporting_quote"": ""Total gas production was decreased at 24 h of incubation by ... BE (linear, P < .01; quadratic, P = 0.02)"", ""paper_id"": ""10.1016/j.anifeedsci.2022.115468"", ""extraction_source"": ""auto"", ""prompt_version"": ""v2.0-126corpus"", ""confidence"": 0.85}"
R0036,Asparagopsis,INHIBITS,CH4 production,decrease,47.3%,28.3 mg/kg DM,review,['Unknown/unclear mechanism'],Inferred,meta-analysis,High,CH4 production was reduced by 47.3%,10.3168/jds.2025-26960,auto,v2.0-126corpus,0.85,"{""source"": ""Asparagopsis"", ""target"": ""CH4 production"", ""edge_type"": ""INHIBITS"", ""effect_direction"": ""decrease"", ""effect_size"": ""47.3%"", ""dose"": ""28.3 mg/kg DM"", ""experimental_system"": ""review"", ""mechanism_class"": [""Unknown/unclear mechanism""], ""direct_or_inferred"": ""Inferred"", ""evidence_method"": ""meta-analysis"", ""evidence_quality"": ""High"", ""supporting_quote"": ""CH4 production was reduced by 47.3%"", ""paper_id"": ""10.3168/jds.2025-26960"", ""extraction_source"": ""auto"", ""prompt_version"": ""v2.0-126corpus"", ""confidence"": 0.85}"
R0036,Asparagopsis,INHIBITS,CH4 yield,decrease,43.3%,28.3 mg/kg DM,review,['Unknown/unclear mechanism'],Inferred,meta-analysis,High,CH4 yield by 43.3%,10.3168/jds.2025-26960,auto,v2.0-126corpus,0.85,"{""source"": ""Asparagopsis"", ""target"": ""CH4 yield"", ""edge_type"": ""INHIBITS"", ""effect_direction"": ""decrease"", ""effect_size"": ""43.3%"", ""dose"": ""28.3 mg/kg DM"", ""experimental_system"": ""review"", ""mechanism_class"": [""Unknown/unclear mechanism""], ""direct_or_inferred"": ""Inferred"", ""evidence_method"": ""meta-analysis"", ""evidence_quality"": ""High"", ""supporting_quote"": ""CH4 yield by 43.3%"", ""paper_id"": ""10.3168/jds.2025-26960"", ""extraction_source"": ""auto"", ""prompt_version"": ""v2.0-126corpus"", ""confidence"": 0.85}"
R0036,Asparagopsis,INHIBITS,CH4 intensity,decrease,39.0%,28.3 mg/kg DM,review,['Unknown/unclear mechanism'],Inferred,meta-analysis,High,CH4 intensity by 39.0%,10.3168/jds.2025-26960,auto,v2.0-126corpus,0.85,"{""source"": ""Asparagopsis"", ""target"": ""CH4 intensity"", ""edge_type"": ""INHIBITS"", ""effect_direction"": ""decrease"", ""effect_size"": ""39.0%"", ""dose"": ""28.3 mg/kg DM"", ""experimental_system"": ""review"", ""mechanism_class"": [""Unknown/unclear mechanism""], ""direct_or_inferred"": ""Inferred"", ""evidence_method"": ""meta-analysis"", ""evidence_quality"": ""High"", ""supporting_quote"": ""CH4 intensity by 39.0%"", ""paper_id"": ""10.3168/jds.2025-26960"", ""extraction_source"": ""auto"", ""prompt_version"": ""v2.0-126corpus"", ""confidence"": 0.85}"
R0036,Asparagopsis,MODULATES,DMI,decrease,"6.45% (dairy), 3.26% (beef)",28.3 mg/kg DM,review,['Unknown/unclear mechanism'],Inferred,meta-analysis,High,estimated DMI was significantly reduced by 6.45% and 3.26% in dairy and beef cattle,10.3168/jds.2025-26960,auto,v2.0-126corpus,0.85,"{""source"": ""Asparagopsis"", ""target"": ""DMI"", ""edge_type"": ""MODULATES"", ""effect_direction"": ""decrease"", ""effect_size"": ""6.45% (dairy), 3.26% (beef)"", ""dose"": ""28.3 mg/kg DM"", ""experimental_system"": ""review"", ""mechanism_class"": [""Unknown/unclear mechanism""], ""direct_or_inferred"": ""Inferred"", ""evidence_method"": ""meta-analysis"", ""evidence_quality"": ""High"", ""supporting_quote"": ""estimated DMI was significantly reduced by 6.45% and 3.26% in dairy and beef cattle"", ""paper_id"": ""10.3168/jds.2025-26960"", ""extraction_source"": ""auto"", ""prompt_version"": ""v2.0-126corpus"", ""confidence"": 0.85}"
R0037,Asparagopsis taxiformis,INHIBITS,methane yield,decrease,Not stated,5 g/kg DM,in_vivo,['Hydrogen sink redistribution'],Inferred,Not stated,Medium,Asparagopsis taxiformis alone significantly inhibited CH4 emissions.,10.1016/j.anifeedsci.2024.116060,auto,v2.0-126corpus,0.8,"{""source"": ""Asparagopsis taxiformis"", ""target"": ""methane yield"", ""edge_type"": ""INHIBITS"", ""effect_direction"": ""decrease"", ""effect_size"": ""Not stated"", ""dose"": ""5 g/kg DM"", ""experimental_system"": ""in_vivo"", ""mechanism_class"": [""Hydrogen sink redistribution""], ""direct_or_inferred"": ""Inferred"", ""evidence_method"": ""Not stated"", ""evidence_quality"": ""Medium"", ""supporting_quote"": ""Asparagopsis taxiformis alone significantly inhibited CH4 emissions."", ""paper_id"": ""10.1016/j.anifeedsci.2024.116060"", ""extraction_source"": ""auto"", ""prompt_version"": ""v2.0-126corpus"", ""confidence"": 0.8}"
R0037,phloroglucinol,MODULATES,hydrogen emissions,decrease,68.1%,20 g/kg DM,in_vivo,['Hydrogen sink redistribution'],Inferred,Not stated,Medium,"When A. taxiformis was combined with phloroglucinol, it resulted in a decrease in H2 emissions of 68.1% compared with A. taxiformis alone.",10.1016/j.anifeedsci.2024.116060,auto,v2.0-126corpus,0.8,"{""source"": ""phloroglucinol"", ""target"": ""hydrogen emissions"", ""edge_type"": ""MODULATES"", ""effect_direction"": ""decrease"", ""effect_size"": ""68.1%"", ""dose"": ""20 g/kg DM"", ""experimental_system"": ""in_vivo"", ""mechanism_class"": [""Hydrogen sink redistribution""], ""direct_or_inferred"": ""Inferred"", ""evidence_method"": ""Not stated"", ""evidence_quality"": ""Medium"", ""supporting_quote"": ""When A. taxiformis was combined with phloroglucinol, it resulted in a decrease in H2 emissions of 68.1% compared with A. taxiformis alone."", ""paper_id"": ""10.1016/j.anifeedsci.2024.116060"", ""extraction_source"": ""auto"", ""prompt_version"": ""v2.0-126corpus"", ""confidence"": 0.8}"
R0037,phloroglucinol,PROMOTES,acetate molar proportion,increase,10.2%,20 g/kg DM,in_vivo,['Fermentation pathway modulation'],Direct,Not stated,Medium,Phloroglucinol supplementation alone ... substantially increased acetate molar proportion (+10.2%),10.1016/j.anifeedsci.2024.116060,auto,v2.0-126corpus,0.8,"{""source"": ""phloroglucinol"", ""target"": ""acetate molar proportion"", ""edge_type"": ""PROMOTES"", ""effect_direction"": ""increase"", ""effect_size"": ""10.2%"", ""dose"": ""20 g/kg DM"", ""experimental_system"": ""in_vivo"", ""mechanism_class"": [""Fermentation pathway modulation""], ""direct_or_inferred"": ""Direct"", ""evidence_method"": ""Not stated"", ""evidence_quality"": ""Medium"", ""supporting_quote"": ""Phloroglucinol supplementation alone ... substantially increased acetate molar proportion (+10.2%)"", ""paper_id"": ""10.1016/j.anifeedsci.2024.116060"", ""extraction_source"": ""auto"", ""prompt_version"": ""v2.0-126corpus"", ""confidence"": 0.8}"
R0038,Asparagopsis taxiformis,PRODUCES,bromoform,increase,Not stated,Not specified,in_vivo,['Unknown/unclear mechanism'],Not stated,Not stated,Medium,Steeping of Asparagopsis bioactive compounds into a vegetable oil carrier (Asp-Oil) is an alternative method of stabilizing Asparagopsis as a ruminant feed additive.,10.1093/jas/skae109,auto,v2.0-126corpus,0.8,"{""source"": ""Asparagopsis taxiformis"", ""target"": ""bromoform"", ""edge_type"": ""PRODUCES"", ""effect_direction"": ""increase"", ""effect_size"": ""Not stated"", ""dose"": ""Not specified"", ""experimental_system"": ""in_vivo"", ""mechanism_class"": [""Unknown/unclear mechanism""], ""direct_or_inferred"": ""Not stated"", ""evidence_method"": ""Not stated"", ""evidence_quality"": ""Medium"", ""supporting_quote"": ""Steeping of Asparagopsis bioactive compounds into a vegetable oil carrier (Asp-Oil) is an alternative method of stabilizing Asparagopsis as a ruminant feed additive."", ""paper_id"": ""10.1093/jas/skae109"", ""extraction_source"": ""auto"", ""prompt_version"": ""v2.0-126corpus"", ""confidence"": 0.8}"
R0038,bromoform,INHIBITS,methane yield,decrease,99%,51 mg CHBr3/kg DMI,in_vivo,['Hydrogen sink redistribution'],Direct,respiration chamber,High,"Dissolved hydrogen increased linearly with increasing Asp-Oil inclusion, by more than 17-fold in the high Asp-Oil group (P=0.017).",10.1093/jas/skae109,auto,v2.0-126corpus,0.95,"{""source"": ""bromoform"", ""target"": ""methane yield"", ""edge_type"": ""INHIBITS"", ""effect_direction"": ""decrease"", ""effect_size"": ""99%"", ""dose"": ""51 mg CHBr3/kg DMI"", ""experimental_system"": ""in_vivo"", ""mechanism_class"": [""Hydrogen sink redistribution""], ""direct_or_inferred"": ""Direct"", ""evidence_method"": ""respiration chamber"", ""evidence_quality"": ""High"", ""supporting_quote"": ""Dissolved hydrogen increased linearly with increasing Asp-Oil inclusion, by more than 17-fold in the high Asp-Oil group (P=0.017)."", ""paper_id"": ""10.1093/jas/skae109"", ""extraction_source"": ""auto"", ""prompt_version"": ""v2.0-126corpus"", ""confidence"": 0.95}"
R0038,bromoform,PROMOTES,dissolved hydrogen,increase,17-fold,51 mg CHBr3/kg DMI,in_vivo,['Hydrogen sink redistribution'],Direct,rumen fluid measurement,High,"Dissolved hydrogen increased linearly with increasing Asp-Oil inclusion, by more than 17-fold in the high Asp-Oil group (P=0.017).",10.1093/jas/skae109,auto,v2.0-126corpus,0.95,"{""source"": ""bromoform"", ""target"": ""dissolved hydrogen"", ""edge_type"": ""PROMOTES"", ""effect_direction"": ""increase"", ""effect_size"": ""17-fold"", ""dose"": ""51 mg CHBr3/kg DMI"", ""experimental_system"": ""in_vivo"", ""mechanism_class"": [""Hydrogen sink redistribution""], ""direct_or_inferred"": ""Direct"", ""evidence_method"": ""rumen fluid measurement"", ""evidence_quality"": ""High"", ""supporting_quote"": ""Dissolved hydrogen increased linearly with increasing Asp-Oil inclusion, by more than 17-fold in the high Asp-Oil group (P=0.017)."", ""paper_id"": ""10.1093/jas/skae109"", ""extraction_source"": ""auto"", ""prompt_version"": ""v2.0-126corpus"", ""confidence"": 0.95}"
R0039,Asparagopsis armata,INHIBITS,methane yield,decrease,12% and 19%,144 mg CHBr3/kg DM,in_vivo,['Unknown/unclear mechanism'],Inferred,respiration chamber,High,"A4 resulted in a 12% and 19% MY abatement for high-quality and low-quality diets, respectively",10.1016/j.smallrumres.2025.107487,auto,v2.0-126corpus,0.85,"{""source"": ""Asparagopsis armata"", ""target"": ""methane yield"", ""edge_type"": ""INHIBITS"", ""effect_direction"": ""decrease"", ""effect_size"": ""12% and 19%"", ""dose"": ""144 mg CHBr3/kg DM"", ""experimental_system"": ""in_vivo"", ""mechanism_class"": [""Unknown/unclear mechanism""], ""direct_or_inferred"": ""Inferred"", ""evidence_method"": ""respiration chamber"", ""evidence_quality"": ""High"", ""supporting_quote"": ""A4 resulted in a 12% and 19% MY abatement for high-quality and low-quality diets, respectively"", ""paper_id"": ""10.1016/j.smallrumres.2025.107487"", ""extraction_source"": ""auto"", ""prompt_version"": ""v2.0-126corpus"", ""confidence"": 0.85}"
R0039,bromoform,INHIBITS,methane yield,decrease,12% and 19%,144 mg CHBr3/kg DM,in_vivo,['Unknown/unclear mechanism'],Inferred,respiration chamber,High,"A4 resulted in a 12% and 19% MY abatement for high-quality and low-quality diets, respectively",10.1016/j.smallrumres.2025.107487,auto,v2.0-126corpus,0.85,"{""source"": ""bromoform"", ""target"": ""methane yield"", ""edge_type"": ""INHIBITS"", ""effect_direction"": ""decrease"", ""effect_size"": ""12% and 19%"", ""dose"": ""144 mg CHBr3/kg DM"", ""experimental_system"": ""in_vivo"", ""mechanism_class"": [""Unknown/unclear mechanism""], ""direct_or_inferred"": ""Inferred"", ""evidence_method"": ""respiration chamber"", ""evidence_quality"": ""High"", ""supporting_quote"": ""A4 resulted in a 12% and 19% MY abatement for high-quality and low-quality diets, respectively"", ""paper_id"": ""10.1016/j.smallrumres.2025.107487"", ""extraction_source"": ""auto"", ""prompt_version"": ""v2.0-126corpus"", ""confidence"": 0.85}"
R0040,Rumin8 IFA,INHIBITS,methane yield,decrease,24%,500 mg/d bromoform,in_vivo,['Unknown/unclear mechanism'],Inferred,respiration chamber,High,"Methane yield declined linearly with bromoform dose (P = 0.001), showing 16% (300 mg) and 24% (500 mg) reductions vs. control (P < 0.05)",10.1016/j.aninu.2025.06.005,auto,v2.0-126corpus,0.92,"{""source"": ""Rumin8 IFA"", ""target"": ""methane yield"", ""edge_type"": ""INHIBITS"", ""effect_direction"": ""decrease"", ""effect_size"": ""24%"", ""dose"": ""500 mg/d bromoform"", ""experimental_system"": ""in_vivo"", ""mechanism_class"": [""Unknown/unclear mechanism""], ""direct_or_inferred"": ""Inferred"", ""evidence_method"": ""respiration chamber"", ""evidence_quality"": ""High"", ""supporting_quote"": ""Methane yield declined linearly with bromoform dose (P = 0.001), showing 16% (300 mg) and 24% (500 mg) reductions vs. control (P < 0.05)"", ""paper_id"": ""10.1016/j.aninu.2025.06.005"", ""extraction_source"": ""auto"", ""prompt_version"": ""v2.0-126corpus"", ""confidence"": 0.92}"
R0040,Rumin8 IFA,INHIBITS,methane emissions,decrease,50%,100-500 mg/d bromoform,in_vivo,['Unknown/unclear mechanism'],Inferred,respiration chamber,High,Reductions of up to 50% in methane emissions were observed in the first 4 h after feeding (P < 0.05),10.1016/j.aninu.2025.06.005,auto,v2.0-126corpus,0.92,"{""source"": ""Rumin8 IFA"", ""target"": ""methane emissions"", ""edge_type"": ""INHIBITS"", ""effect_direction"": ""decrease"", ""effect_size"": ""50%"", ""dose"": ""100-500 mg/d bromoform"", ""experimental_system"": ""in_vivo"", ""mechanism_class"": [""Unknown/unclear mechanism""], ""direct_or_inferred"": ""Inferred"", ""evidence_method"": ""respiration chamber"", ""evidence_quality"": ""High"", ""supporting_quote"": ""Reductions of up to 50% in methane emissions were observed in the first 4 h after feeding (P < 0.05)"", ""paper_id"": ""10.1016/j.aninu.2025.06.005"", ""extraction_source"": ""auto"", ""prompt_version"": ""v2.0-126corpus"", ""confidence"": 0.92}"
R0041,ASP-Oil 1,INHIBITS,methane yield,decrease,44%,134 g/d,in_vivo,['Unknown/unclear mechanism'],Inferred,modified sulphur hexafluoride tracer technique,High,Methane production (g/d) of cows given the ASP1 diet was 44 % lower than cows on the CON diet,10.1016/j.anifeedsci.2023.115579,auto,v2.0-126corpus,0.9,"{""source"": ""ASP-Oil 1"", ""target"": ""methane yield"", ""edge_type"": ""INHIBITS"", ""effect_direction"": ""decrease"", ""effect_size"": ""44%"", ""dose"": ""134 g/d"", ""experimental_system"": ""in_vivo"", ""mechanism_class"": [""Unknown/unclear mechanism""], ""direct_or_inferred"": ""Inferred"", ""evidence_method"": ""modified sulphur hexafluoride tracer technique"", ""evidence_quality"": ""High"", ""supporting_quote"": ""Methane production (g/d) of cows given the ASP1 diet was 44 % lower than cows on the CON diet"", ""paper_id"": ""10.1016/j.anifeedsci.2023.115579"", ""extraction_source"": ""auto"", ""prompt_version"": ""v2.0-126corpus"", ""confidence"": 0.9}"
R0041,ASP-Oil 1,INHIBITS,methane yield,decrease,44%,134 g/d,in_vivo,['Unknown/unclear mechanism'],Inferred,modified sulphur hexafluoride tracer technique,High,methane yield (g/kg DMI) was 44 % lower,10.1016/j.anifeedsci.2023.115579,auto,v2.0-126corpus,0.9,"{""source"": ""ASP-Oil 1"", ""target"": ""methane yield"", ""edge_type"": ""INHIBITS"", ""effect_direction"": ""decrease"", ""effect_size"": ""44%"", ""dose"": ""134 g/d"", ""experimental_system"": ""in_vivo"", ""mechanism_class"": [""Unknown/unclear mechanism""], ""direct_or_inferred"": ""Inferred"", ""evidence_method"": ""modified sulphur hexafluoride tracer technique"", ""evidence_quality"": ""High"", ""supporting_quote"": ""methane yield (g/kg DMI) was 44 % lower"", ""paper_id"": ""10.1016/j.anifeedsci.2023.115579"", ""extraction_source"": ""auto"", ""prompt_version"": ""v2.0-126corpus"", ""confidence"": 0.9}"
R0041,ASP-Oil 1,INHIBITS,methane intensity,decrease,38%,134 g/d,in_vivo,['Unknown/unclear mechanism'],Inferred,modified sulphur hexafluoride tracer technique,High,methane intensity (g/kg ECM) was 38 % lower,10.1016/j.anifeedsci.2023.115579,auto,v2.0-126corpus,0.9,"{""source"": ""ASP-Oil 1"", ""target"": ""methane intensity"", ""edge_type"": ""INHIBITS"", ""effect_direction"": ""decrease"", ""effect_size"": ""38%"", ""dose"": ""134 g/d"", ""experimental_system"": ""in_vivo"", ""mechanism_class"": [""Unknown/unclear mechanism""], ""direct_or_inferred"": ""Inferred"", ""evidence_method"": ""modified sulphur hexafluoride tracer technique"", ""evidence_quality"": ""High"", ""supporting_quote"": ""methane intensity (g/kg ECM) was 38 % lower"", ""paper_id"": ""10.1016/j.anifeedsci.2023.115579"", ""extraction_source"": ""auto"", ""prompt_version"": ""v2.0-126corpus"", ""confidence"": 0.9}"
R0041,ASP-Oil 2,INHIBITS,methane yield,decrease,39%,145 g/d,in_vivo,['Unknown/unclear mechanism'],Inferred,modified sulphur hexafluoride tracer technique,High,"For the ASP2 cows, the reductions were 39 % for methane production",10.1016/j.anifeedsci.2023.115579,auto,v2.0-126corpus,0.9,"{""source"": ""ASP-Oil 2"", ""target"": ""methane yield"", ""edge_type"": ""INHIBITS"", ""effect_direction"": ""decrease"", ""effect_size"": ""39%"", ""dose"": ""145 g/d"", ""experimental_system"": ""in_vivo"", ""mechanism_class"": [""Unknown/unclear mechanism""], ""direct_or_inferred"": ""Inferred"", ""evidence_method"": ""modified sulphur hexafluoride tracer technique"", ""evidence_quality"": ""High"", ""supporting_quote"": ""For the ASP2 cows, the reductions were 39 % for methane production"", ""paper_id"": ""10.1016/j.anifeedsci.2023.115579"", ""extraction_source"": ""auto"", ""prompt_version"": ""v2.0-126corpus"", ""confidence"": 0.9}"
R0041,ASP-Oil 2,INHIBITS,methane yield,decrease,33%,145 g/d,in_vivo,['Unknown/unclear mechanism'],Inferred,modified sulphur hexafluoride tracer technique,High,33 % for methane yield,10.1016/j.anifeedsci.2023.115579,auto,v2.0-126corpus,0.9,"{""source"": ""ASP-Oil 2"", ""target"": ""methane yield"", ""edge_type"": ""INHIBITS"", ""effect_direction"": ""decrease"", ""effect_size"": ""33%"", ""dose"": ""145 g/d"", ""experimental_system"": ""in_vivo"", ""mechanism_class"": [""Unknown/unclear mechanism""], ""direct_or_inferred"": ""Inferred"", ""evidence_method"": ""modified sulphur hexafluoride tracer technique"", ""evidence_quality"": ""High"", ""supporting_quote"": ""33 % for methane yield"", ""paper_id"": ""10.1016/j.anifeedsci.2023.115579"", ""extraction_source"": ""auto"", ""prompt_version"": ""v2.0-126corpus"", ""confidence"": 0.9}"
R0041,ASP-Oil 2,INHIBITS,methane intensity,decrease,31%,145 g/d,in_vivo,['Unknown/unclear mechanism'],Inferred,modified sulphur hexafluoride tracer technique,High,31 % for methane intensity,10.1016/j.anifeedsci.2023.115579,auto,v2.0-126corpus,0.9,"{""source"": ""ASP-Oil 2"", ""target"": ""methane intensity"", ""edge_type"": ""INHIBITS"", ""effect_direction"": ""decrease"", ""effect_size"": ""31%"", ""dose"": ""145 g/d"", ""experimental_system"": ""in_vivo"", ""mechanism_class"": [""Unknown/unclear mechanism""], ""direct_or_inferred"": ""Inferred"", ""evidence_method"": ""modified sulphur hexafluoride tracer technique"", ""evidence_quality"": ""High"", ""supporting_quote"": ""31 % for methane intensity"", ""paper_id"": ""10.1016/j.anifeedsci.2023.115579"", ""extraction_source"": ""auto"", ""prompt_version"": ""v2.0-126corpus"", ""confidence"": 0.9}"
R0041,ASP-Oil 1,MODULATES,energy corrected milk,decrease,not stated,134 g/d,in_vivo,['Unknown/unclear mechanism'],Inferred,Not stated,Medium,supplementation of ASP1 and ASP2 decreased energy corrected milk (ECM; P = 0.029),10.1016/j.anifeedsci.2023.115579,auto,v2.0-126corpus,0.85,"{""source"": ""ASP-Oil 1"", ""target"": ""energy corrected milk"", ""edge_type"": ""MODULATES"", ""effect_direction"": ""decrease"", ""effect_size"": ""not stated"", ""dose"": ""134 g/d"", ""experimental_system"": ""in_vivo"", ""mechanism_class"": [""Unknown/unclear mechanism""], ""direct_or_inferred"": ""Inferred"", ""evidence_method"": ""Not stated"", ""evidence_quality"": ""Medium"", ""supporting_quote"": ""supplementation of ASP1 and ASP2 decreased energy corrected milk (ECM; P = 0.029)"", ""paper_id"": ""10.1016/j.anifeedsci.2023.115579"", ""extraction_source"": ""auto"", ""prompt_version"": ""v2.0-126corpus"", ""confidence"": 0.85}"
R0041,ASP-Oil 2,MODULATES,energy corrected milk,decrease,not stated,145 g/d,in_vivo,['Unknown/unclear mechanism'],Inferred,Not stated,Medium,supplementation of ASP1 and ASP2 decreased energy corrected milk (ECM; P = 0.029),10.1016/j.anifeedsci.2023.115579,auto,v2.0-126corpus,0.85,"{""source"": ""ASP-Oil 2"", ""target"": ""energy corrected milk"", ""edge_type"": ""MODULATES"", ""effect_direction"": ""decrease"", ""effect_size"": ""not stated"", ""dose"": ""145 g/d"", ""experimental_system"": ""in_vivo"", ""mechanism_class"": [""Unknown/unclear mechanism""], ""direct_or_inferred"": ""Inferred"", ""evidence_method"": ""Not stated"", ""evidence_quality"": ""Medium"", ""supporting_quote"": ""supplementation of ASP1 and ASP2 decreased energy corrected milk (ECM; P = 0.029)"", ""paper_id"": ""10.1016/j.anifeedsci.2023.115579"", ""extraction_source"": ""auto"", ""prompt_version"": ""v2.0-126corpus"", ""confidence"": 0.85}"
R0041,ASP-Oil 1,PRODUCES,bromoform concentration in milk,increase,not stated,134 g/d,in_vivo,['Unknown/unclear mechanism'],Direct,Not stated,Medium,Feeding the ASP-Oil increased bromoform concentrations in milk,10.1016/j.anifeedsci.2023.115579,auto,v2.0-126corpus,0.85,"{""source"": ""ASP-Oil 1"", ""target"": ""bromoform concentration in milk"", ""edge_type"": ""PRODUCES"", ""effect_direction"": ""increase"", ""effect_size"": ""not stated"", ""dose"": ""134 g/d"", ""experimental_system"": ""in_vivo"", ""mechanism_class"": [""Unknown/unclear mechanism""], ""direct_or_inferred"": ""Direct"", ""evidence_method"": ""Not stated"", ""evidence_quality"": ""Medium"", ""supporting_quote"": ""Feeding the ASP-Oil increased bromoform concentrations in milk"", ""paper_id"": ""10.1016/j.anifeedsci.2023.115579"", ""extraction_source"": ""auto"", ""prompt_version"": ""v2.0-126corpus"", ""confidence"": 0.85}"
R0041,ASP-Oil 2,PRODUCES,bromoform concentration in milk,increase,not stated,145 g/d,in_vivo,['Unknown/unclear mechanism'],Direct,Not stated,Medium,Feeding the ASP-Oil increased bromoform concentrations in milk,10.1016/j.anifeedsci.2023.115579,auto,v2.0-126corpus,0.85,"{""source"": ""ASP-Oil 2"", ""target"": ""bromoform concentration in milk"", ""edge_type"": ""PRODUCES"", ""effect_direction"": ""increase"", ""effect_size"": ""not stated"", ""dose"": ""145 g/d"", ""experimental_system"": ""in_vivo"", ""mechanism_class"": [""Unknown/unclear mechanism""], ""direct_or_inferred"": ""Direct"", ""evidence_method"": ""Not stated"", ""evidence_quality"": ""Medium"", ""supporting_quote"": ""Feeding the ASP-Oil increased bromoform concentrations in milk"", ""paper_id"": ""10.1016/j.anifeedsci.2023.115579"", ""extraction_source"": ""auto"", ""prompt_version"": ""v2.0-126corpus"", ""confidence"": 0.85}"
R0042,Asparagopsis taxiformis,INHIBITS,methane yield,decrease,80%,0.5% DM,in_vivo,"['Microbial community restructuring', 'Hydrogen sink redistribution']",Direct,16S rRNA,High,effective reduction in methane emission by high-dose AT (0.5% dry matter intake) was associated with a reduction in methanol-utilizing Methanosphaera,10.1128/mbio.00782-24,auto,v2.0-126corpus,0.92,"{""source"": ""Asparagopsis taxiformis"", ""target"": ""methane yield"", ""edge_type"": ""INHIBITS"", ""effect_direction"": ""decrease"", ""effect_size"": ""80%"", ""dose"": ""0.5% DM"", ""experimental_system"": ""in_vivo"", ""mechanism_class"": [""Microbial community restructuring"", ""Hydrogen sink redistribution""], ""direct_or_inferred"": ""Direct"", ""evidence_method"": ""16S rRNA"", ""evidence_quality"": ""High"", ""supporting_quote"": ""effective reduction in methane emission by high-dose AT (0.5% dry matter intake) was associated with a reduction in methanol-utilizing Methanosphaera"", ""paper_id"": ""10.1128/mbio.00782-24"", ""extraction_source"": ""auto"", ""prompt_version"": ""v2.0-126corpus"", ""confidence"": 0.92}"
R0042,Asparagopsis taxiformis,INHIBITS,Methanosphaera,decrease,Not stated,0.5% DM,in_vivo,['Microbial community restructuring'],Direct,16S rRNA,High,reduction in methanol-utilizing Methanosphaera within the rumen,10.1128/mbio.00782-24,auto,v2.0-126corpus,0.85,"{""source"": ""Asparagopsis taxiformis"", ""target"": ""Methanosphaera"", ""edge_type"": ""INHIBITS"", ""effect_direction"": ""decrease"", ""effect_size"": ""Not stated"", ""dose"": ""0.5% DM"", ""experimental_system"": ""in_vivo"", ""mechanism_class"": [""Microbial community restructuring""], ""direct_or_inferred"": ""Direct"", ""evidence_method"": ""16S rRNA"", ""evidence_quality"": ""High"", ""supporting_quote"": ""reduction in methanol-utilizing Methanosphaera within the rumen"", ""paper_id"": ""10.1128/mbio.00782-24"", ""extraction_source"": ""auto"", ""prompt_version"": ""v2.0-126corpus"", ""confidence"": 0.85}"
R0042,Asparagopsis taxiformis,PROMOTES,butyrate synthesis,increase,Not stated,0.5% DM,in_vivo,['Fermentation pathway modulation'],Direct,16S rRNA,High,"increase in butyrate synthesis was due to a direct effect of AT on butyrate-producing bacteria such as Butyrivibrio, Moryella, and Eubacterium",10.1128/mbio.00782-24,auto,v2.0-126corpus,0.88,"{""source"": ""Asparagopsis taxiformis"", ""target"": ""butyrate synthesis"", ""edge_type"": ""PROMOTES"", ""effect_direction"": ""increase"", ""effect_size"": ""Not stated"", ""dose"": ""0.5% DM"", ""experimental_system"": ""in_vivo"", ""mechanism_class"": [""Fermentation pathway modulation""], ""direct_or_inferred"": ""Direct"", ""evidence_method"": ""16S rRNA"", ""evidence_quality"": ""High"", ""supporting_quote"": ""increase in butyrate synthesis was due to a direct effect of AT on butyrate-producing bacteria such as Butyrivibrio, Moryella, and Eubacterium"", ""paper_id"": ""10.1128/mbio.00782-24"", ""extraction_source"": ""auto"", ""prompt_version"": ""v2.0-126corpus"", ""confidence"": 0.88}"
R0042,Asparagopsis taxiformis,MODULATES,Butyrivibrio,increase,Not stated,0.5% DM,in_vivo,['Microbial community restructuring'],Direct,16S rRNA,High,direct effect of AT on butyrate-producing bacteria such as Butyrivibrio,10.1128/mbio.00782-24,auto,v2.0-126corpus,0.85,"{""source"": ""Asparagopsis taxiformis"", ""target"": ""Butyrivibrio"", ""edge_type"": ""MODULATES"", ""effect_direction"": ""increase"", ""effect_size"": ""Not stated"", ""dose"": ""0.5% DM"", ""experimental_system"": ""in_vivo"", ""mechanism_class"": [""Microbial community restructuring""], ""direct_or_inferred"": ""Direct"", ""evidence_method"": ""16S rRNA"", ""evidence_quality"": ""High"", ""supporting_quote"": ""direct effect of AT on butyrate-producing bacteria such as Butyrivibrio"", ""paper_id"": ""10.1128/mbio.00782-24"", ""extraction_source"": ""auto"", ""prompt_version"": ""v2.0-126corpus"", ""confidence"": 0.85}"
R0042,Asparagopsis taxiformis,MODULATES,Moryella,increase,Not stated,0.5% DM,in_vivo,['Microbial community restructuring'],Direct,16S rRNA,High,direct effect of AT on butyrate-producing bacteria such as Moryella,10.1128/mbio.00782-24,auto,v2.0-126corpus,0.85,"{""source"": ""Asparagopsis taxiformis"", ""target"": ""Moryella"", ""edge_type"": ""MODULATES"", ""effect_direction"": ""increase"", ""effect_size"": ""Not stated"", ""dose"": ""0.5% DM"", ""experimental_system"": ""in_vivo"", ""mechanism_class"": [""Microbial community restructuring""], ""direct_or_inferred"": ""Direct"", ""evidence_method"": ""16S rRNA"", ""evidence_quality"": ""High"", ""supporting_quote"": ""direct effect of AT on butyrate-producing bacteria such as Moryella"", ""paper_id"": ""10.1128/mbio.00782-24"", ""extraction_source"": ""auto"", ""prompt_version"": ""v2.0-126corpus"", ""confidence"": 0.85}"
R0042,Asparagopsis taxiformis,MODULATES,Eubacterium,increase,Not stated,0.5% DM,in_vivo,['Microbial community restructuring'],Direct,16S rRNA,High,direct effect of AT on butyrate-producing bacteria such as Eubacterium,10.1128/mbio.00782-24,auto,v2.0-126corpus,0.85,"{""source"": ""Asparagopsis taxiformis"", ""target"": ""Eubacterium"", ""edge_type"": ""MODULATES"", ""effect_direction"": ""increase"", ""effect_size"": ""Not stated"", ""dose"": ""0.5% DM"", ""experimental_system"": ""in_vivo"", ""mechanism_class"": [""Microbial community restructuring""], ""direct_or_inferred"": ""Direct"", ""evidence_method"": ""16S rRNA"", ""evidence_quality"": ""High"", ""supporting_quote"": ""direct effect of AT on butyrate-producing bacteria such as Eubacterium"", ""paper_id"": ""10.1128/mbio.00782-24"", ""extraction_source"": ""auto"", ""prompt_version"": ""v2.0-126corpus"", ""confidence"": 0.85}"
R0043,bromoform,INHIBITS,methane yield,decrease,~90%,592 mg/d,in_vivo,"['Hydrogen sink redistribution', 'Fermentation pathway modulation']",Inferred,GreenFeed,High,"synthetic CHBr3 supplementation reduced enteric CH4 production in a nonlinear, dose-dependent manner, with ~90% reduction at 592 mg CHBr3/d",10.3168/jds.2025-27372,auto,v2.0-126corpus,0.92,"{""source"": ""bromoform"", ""target"": ""methane yield"", ""edge_type"": ""INHIBITS"", ""effect_direction"": ""decrease"", ""effect_size"": ""~90%"", ""dose"": ""592 mg/d"", ""experimental_system"": ""in_vivo"", ""mechanism_class"": [""Hydrogen sink redistribution"", ""Fermentation pathway modulation""], ""direct_or_inferred"": ""Inferred"", ""evidence_method"": ""GreenFeed"", ""evidence_quality"": ""High"", ""supporting_quote"": ""synthetic CHBr3 supplementation reduced enteric CH4 production in a nonlinear, dose-dependent manner, with ~90% reduction at 592 mg CHBr3/d"", ""paper_id"": ""10.3168/jds.2025-27372"", ""extraction_source"": ""auto"", ""prompt_version"": ""v2.0-126corpus"", ""confidence"": 0.92}"
R0043,bromoform,PROMOTES,hydrogen,increase,quadratic increase,592 mg/d,in_vivo,['Hydrogen sink redistribution'],Direct,GreenFeed,High,hydrogen production and yield increased quadratically with increasing dose of CHBr3,10.3168/jds.2025-27372,auto,v2.0-126corpus,0.9,"{""source"": ""bromoform"", ""target"": ""hydrogen"", ""edge_type"": ""PROMOTES"", ""effect_direction"": ""increase"", ""effect_size"": ""quadratic increase"", ""dose"": ""592 mg/d"", ""experimental_system"": ""in_vivo"", ""mechanism_class"": [""Hydrogen sink redistribution""], ""direct_or_inferred"": ""Direct"", ""evidence_method"": ""GreenFeed"", ""evidence_quality"": ""High"", ""supporting_quote"": ""hydrogen production and yield increased quadratically with increasing dose of CHBr3"", ""paper_id"": ""10.3168/jds.2025-27372"", ""extraction_source"": ""auto"", ""prompt_version"": ""v2.0-126corpus"", ""confidence"": 0.9}"
R0043,bromoform,PROMOTES,propionate production,increase,quadratic increase,592 mg/d,in_vivo,['Fermentation pathway modulation'],Direct,rumen fluid analysis,High,Molar proportions of propionate increased quadratically with increasing dose of CHBr3,10.3168/jds.2025-27372,auto,v2.0-126corpus,0.85,"{""source"": ""bromoform"", ""target"": ""propionate production"", ""edge_type"": ""PROMOTES"", ""effect_direction"": ""increase"", ""effect_size"": ""quadratic increase"", ""dose"": ""592 mg/d"", ""experimental_system"": ""in_vivo"", ""mechanism_class"": [""Fermentation pathway modulation""], ""direct_or_inferred"": ""Direct"", ""evidence_method"": ""rumen fluid analysis"", ""evidence_quality"": ""High"", ""supporting_quote"": ""Molar proportions of propionate increased quadratically with increasing dose of CHBr3"", ""paper_id"": ""10.3168/jds.2025-27372"", ""extraction_source"": ""auto"", ""prompt_version"": ""v2.0-126corpus"", ""confidence"": 0.85}"
R0043,bromoform,INHIBITS,acetate,decrease,quadratic decrease,592 mg/d,in_vivo,['Fermentation pathway modulation'],Direct,rumen fluid analysis,High,molar proportion of acetate decreased quadratically with increasing dose of CHBr3,10.3168/jds.2025-27372,auto,v2.0-126corpus,0.85,"{""source"": ""bromoform"", ""target"": ""acetate"", ""edge_type"": ""INHIBITS"", ""effect_direction"": ""decrease"", ""effect_size"": ""quadratic decrease"", ""dose"": ""592 mg/d"", ""experimental_system"": ""in_vivo"", ""mechanism_class"": [""Fermentation pathway modulation""], ""direct_or_inferred"": ""Direct"", ""evidence_method"": ""rumen fluid analysis"", ""evidence_quality"": ""High"", ""supporting_quote"": ""molar proportion of acetate decreased quadratically with increasing dose of CHBr3"", ""paper_id"": ""10.3168/jds.2025-27372"", ""extraction_source"": ""auto"", ""prompt_version"": ""v2.0-126corpus"", ""confidence"": 0.85}"
R0044,seaweed,INHIBITS,methane yield,decrease,Not stated,Not specified in abstract,review,['Unknown/unclear mechanism'],Inferred,meta-analysis,Medium,"lower (p < 0.05) ... daily CH4 emission, CH4 yield, and CH4 intensity",10.3390/ dairy5030036,auto,v2.0-126corpus,0.8,"{""source"": ""seaweed"", ""target"": ""methane yield"", ""edge_type"": ""INHIBITS"", ""effect_direction"": ""decrease"", ""effect_size"": ""Not stated"", ""dose"": ""Not specified in abstract"", ""experimental_system"": ""review"", ""mechanism_class"": [""Unknown/unclear mechanism""], ""direct_or_inferred"": ""Inferred"", ""evidence_method"": ""meta-analysis"", ""evidence_quality"": ""Medium"", ""supporting_quote"": ""lower (p < 0.05) ... daily CH4 emission, CH4 yield, and CH4 intensity"", ""paper_id"": ""10.3390/ dairy5030036"", ""extraction_source"": ""auto"", ""prompt_version"": ""v2.0-126corpus"", ""confidence"": 0.8}"
R0044,seaweed,MODULATES,milk yield,no_change,Not stated,Not specified in abstract,review,['Unknown/unclear mechanism'],Inferred,meta-analysis,Medium,without negatively affecting milk yield or feed efficiency,10.3390/ dairy5030036,auto,v2.0-126corpus,0.8,"{""source"": ""seaweed"", ""target"": ""milk yield"", ""edge_type"": ""MODULATES"", ""effect_direction"": ""no_change"", ""effect_size"": ""Not stated"", ""dose"": ""Not specified in abstract"", ""experimental_system"": ""review"", ""mechanism_class"": [""Unknown/unclear mechanism""], ""direct_or_inferred"": ""Inferred"", ""evidence_method"": ""meta-analysis"", ""evidence_quality"": ""Medium"", ""supporting_quote"": ""without negatively affecting milk yield or feed efficiency"", ""paper_id"": ""10.3390/ dairy5030036"", ""extraction_source"": ""auto"", ""prompt_version"": ""v2.0-126corpus"", ""confidence"": 0.8}"
R0044,seaweed,MODULATES,milk composition,mixed,Not stated,Not specified in abstract,review,['Unknown/unclear mechanism'],Inferred,meta-analysis,Medium,"milk fat content, milk lactose content, and milk iodine increased; milk protein content, milk urea nitrogen, and somatic cell count decreased",10.3390/ dairy5030036,auto,v2.0-126corpus,0.8,"{""source"": ""seaweed"", ""target"": ""milk composition"", ""edge_type"": ""MODULATES"", ""effect_direction"": ""mixed"", ""effect_size"": ""Not stated"", ""dose"": ""Not specified in abstract"", ""experimental_system"": ""review"", ""mechanism_class"": [""Unknown/unclear mechanism""], ""direct_or_inferred"": ""Inferred"", ""evidence_method"": ""meta-analysis"", ""evidence_quality"": ""Medium"", ""supporting_quote"": ""milk fat content, milk lactose content, and milk iodine increased; milk protein content, milk urea nitrogen, and somatic cell count decreased"", ""paper_id"": ""10.3390/ dairy5030036"", ""extraction_source"": ""auto"", ""prompt_version"": ""v2.0-126corpus"", ""confidence"": 0.8}"
R0044,seaweed,MODULATES,nutrient digestibility,no_change,Not stated,Not specified in abstract,review,['Unknown/unclear mechanism'],Inferred,meta-analysis,Medium,Dietary supplementation with seaweed did not affect (p > 0.05) nutrient digestibility,10.3390/ dairy5030036,auto,v2.0-126corpus,0.8,"{""source"": ""seaweed"", ""target"": ""nutrient digestibility"", ""edge_type"": ""MODULATES"", ""effect_direction"": ""no_change"", ""effect_size"": ""Not stated"", ""dose"": ""Not specified in abstract"", ""experimental_system"": ""review"", ""mechanism_class"": [""Unknown/unclear mechanism""], ""direct_or_inferred"": ""Inferred"", ""evidence_method"": ""meta-analysis"", ""evidence_quality"": ""Medium"", ""supporting_quote"": ""Dietary supplementation with seaweed did not affect (p > 0.05) nutrient digestibility"", ""paper_id"": ""10.3390/ dairy5030036"", ""extraction_source"": ""auto"", ""prompt_version"": ""v2.0-126corpus"", ""confidence"": 0.8}"
R0044,seaweed,MODULATES,rumen fermentation,mixed,Not stated,Not specified in abstract,review,['Unknown/unclear mechanism'],Inferred,meta-analysis,Medium,"increased ruminal pH and butyrate and valerate; decreased ammonia N and acetate/propionate ratio; no change in total VFA, acetate, propionate",10.3390/ dairy5030036,auto,v2.0-126corpus,0.8,"{""source"": ""seaweed"", ""target"": ""rumen fermentation"", ""edge_type"": ""MODULATES"", ""effect_direction"": ""mixed"", ""effect_size"": ""Not stated"", ""dose"": ""Not specified in abstract"", ""experimental_system"": ""review"", ""mechanism_class"": [""Unknown/unclear mechanism""], ""direct_or_inferred"": ""Inferred"", ""evidence_method"": ""meta-analysis"", ""evidence_quality"": ""Medium"", ""supporting_quote"": ""increased ruminal pH and butyrate and valerate; decreased ammonia N and acetate/propionate ratio; no change in total VFA, acetate, propionate"", ""paper_id"": ""10.3390/ dairy5030036"", ""extraction_source"": ""auto"", ""prompt_version"": ""v2.0-126corpus"", ""confidence"": 0.8}"
R0045,Asparagopsis taxiformis,PRODUCES,bromoform,increase,Not stated,2% DM diet,in_vitro,['Unknown/unclear mechanism'],Direct,in vitro gas production,Medium,"presence of halogenated methane analogues, primarily bromoform",10.1186/s40104-023-00935-z,auto,v2.0-126corpus,0.85,"{""source"": ""Asparagopsis taxiformis"", ""target"": ""bromoform"", ""edge_type"": ""PRODUCES"", ""effect_direction"": ""increase"", ""effect_size"": ""Not stated"", ""dose"": ""2% DM diet"", ""experimental_system"": ""in_vitro"", ""mechanism_class"": [""Unknown/unclear mechanism""], ""direct_or_inferred"": ""Direct"", ""evidence_method"": ""in vitro gas production"", ""evidence_quality"": ""Medium"", ""supporting_quote"": ""presence of halogenated methane analogues, primarily bromoform"", ""paper_id"": ""10.1186/s40104-023-00935-z"", ""extraction_source"": ""auto"", ""prompt_version"": ""v2.0-126corpus"", ""confidence"": 0.85}"
R0045,bromoform,INHIBITS,Methanobrevibacter smithii,decrease,Not stated,"0.4, 2, 10 and 50 µmol/L",in_vitro,['Direct archaeal inhibition'],Direct,in vitro gas production,Medium,pure cultures of seven methanogens strains ... to test the effects of increasing concentrations of CHBr3,10.1186/s40104-023-00935-z,auto,v2.0-126corpus,0.8,"{""source"": ""bromoform"", ""target"": ""Methanobrevibacter smithii"", ""edge_type"": ""INHIBITS"", ""effect_direction"": ""decrease"", ""effect_size"": ""Not stated"", ""dose"": ""0.4, 2, 10 and 50 µmol/L"", ""experimental_system"": ""in_vitro"", ""mechanism_class"": [""Direct archaeal inhibition""], ""direct_or_inferred"": ""Direct"", ""evidence_method"": ""in vitro gas production"", ""evidence_quality"": ""Medium"", ""supporting_quote"": ""pure cultures of seven methanogens strains ... to test the effects of increasing concentrations of CHBr3"", ""paper_id"": ""10.1186/s40104-023-00935-z"", ""extraction_source"": ""auto"", ""prompt_version"": ""v2.0-126corpus"", ""confidence"": 0.8}"
R0045,bromoform,INHIBITS,Methanobrevibacter ruminantium,decrease,Not stated,"0.4, 2, 10 and 50 µmol/L",in_vitro,['Direct archaeal inhibition'],Direct,in vitro gas production,Medium,pure cultures of seven methanogens strains ... to test the effects of increasing concentrations of CHBr3,10.1186/s40104-023-00935-z,auto,v2.0-126corpus,0.8,"{""source"": ""bromoform"", ""target"": ""Methanobrevibacter ruminantium"", ""edge_type"": ""INHIBITS"", ""effect_direction"": ""decrease"", ""effect_size"": ""Not stated"", ""dose"": ""0.4, 2, 10 and 50 µmol/L"", ""experimental_system"": ""in_vitro"", ""mechanism_class"": [""Direct archaeal inhibition""], ""direct_or_inferred"": ""Direct"", ""evidence_method"": ""in vitro gas production"", ""evidence_quality"": ""Medium"", ""supporting_quote"": ""pure cultures of seven methanogens strains ... to test the effects of increasing concentrations of CHBr3"", ""paper_id"": ""10.1186/s40104-023-00935-z"", ""extraction_source"": ""auto"", ""prompt_version"": ""v2.0-126corpus"", ""confidence"": 0.8}"
R0045,bromoform,INHIBITS,Methanosphaera stadtmanae,decrease,Not stated,"0.4, 2, 10 and 50 µmol/L",in_vitro,['Direct archaeal inhibition'],Direct,in vitro gas production,Medium,pure cultures of seven methanogens strains ... to test the effects of increasing concentrations of CHBr3,10.1186/s40104-023-00935-z,auto,v2.0-126corpus,0.8,"{""source"": ""bromoform"", ""target"": ""Methanosphaera stadtmanae"", ""edge_type"": ""INHIBITS"", ""effect_direction"": ""decrease"", ""effect_size"": ""Not stated"", ""dose"": ""0.4, 2, 10 and 50 µmol/L"", ""experimental_system"": ""in_vitro"", ""mechanism_class"": [""Direct archaeal inhibition""], ""direct_or_inferred"": ""Direct"", ""evidence_method"": ""in vitro gas production"", ""evidence_quality"": ""Medium"", ""supporting_quote"": ""pure cultures of seven methanogens strains ... to test the effects of increasing concentrations of CHBr3"", ""paper_id"": ""10.1186/s40104-023-00935-z"", ""extraction_source"": ""auto"", ""prompt_version"": ""v2.0-126corpus"", ""confidence"": 0.8}"
R0045,bromoform,INHIBITS,Methanosarcina barkeri,decrease,Not stated,"0.4, 2, 10 and 50 µmol/L",in_vitro,['Direct archaeal inhibition'],Direct,in vitro gas production,Medium,pure cultures of seven methanogens strains ... to test the effects of increasing concentrations of CHBr3,10.1186/s40104-023-00935-z,auto,v2.0-126corpus,0.8,"{""source"": ""bromoform"", ""target"": ""Methanosarcina barkeri"", ""edge_type"": ""INHIBITS"", ""effect_direction"": ""decrease"", ""effect_size"": ""Not stated"", ""dose"": ""0.4, 2, 10 and 50 µmol/L"", ""experimental_system"": ""in_vitro"", ""mechanism_class"": [""Direct archaeal inhibition""], ""direct_or_inferred"": ""Direct"", ""evidence_method"": ""in vitro gas production"", ""evidence_quality"": ""Medium"", ""supporting_quote"": ""pure cultures of seven methanogens strains ... to test the effects of increasing concentrations of CHBr3"", ""paper_id"": ""10.1186/s40104-023-00935-z"", ""extraction_source"": ""auto"", ""prompt_version"": ""v2.0-126corpus"", ""confidence"": 0.8}"
R0045,bromoform,INHIBITS,Methanobrevibacter millerae,decrease,Not stated,"0.4, 2, 10 and 50 µmol/L",in_vitro,['Direct archaeal inhibition'],Direct,in vitro gas production,Medium,pure cultures of seven methanogens strains ... to test the effects of increasing concentrations of CHBr3,10.1186/s40104-023-00935-z,auto,v2.0-126corpus,0.8,"{""source"": ""bromoform"", ""target"": ""Methanobrevibacter millerae"", ""edge_type"": ""INHIBITS"", ""effect_direction"": ""decrease"", ""effect_size"": ""Not stated"", ""dose"": ""0.4, 2, 10 and 50 µmol/L"", ""experimental_system"": ""in_vitro"", ""mechanism_class"": [""Direct archaeal inhibition""], ""direct_or_inferred"": ""Direct"", ""evidence_method"": ""in vitro gas production"", ""evidence_quality"": ""Medium"", ""supporting_quote"": ""pure cultures of seven methanogens strains ... to test the effects of increasing concentrations of CHBr3"", ""paper_id"": ""10.1186/s40104-023-00935-z"", ""extraction_source"": ""auto"", ""prompt_version"": ""v2.0-126corpus"", ""confidence"": 0.8}"
R0045,bromoform,INHIBITS,Methanothermobacter wolfei,decrease,Not stated,"0.4, 2, 10 and 50 µmol/L",in_vitro,['Direct archaeal inhibition'],Direct,in vitro gas production,Medium,pure cultures of seven methanogens strains ... to test the effects of increasing concentrations of CHBr3,10.1186/s40104-023-00935-z,auto,v2.0-126corpus,0.8,"{""source"": ""bromoform"", ""target"": ""Methanothermobacter wolfei"", ""edge_type"": ""INHIBITS"", ""effect_direction"": ""decrease"", ""effect_size"": ""Not stated"", ""dose"": ""0.4, 2, 10 and 50 µmol/L"", ""experimental_system"": ""in_vitro"", ""mechanism_class"": [""Direct archaeal inhibition""], ""direct_or_inferred"": ""Direct"", ""evidence_method"": ""in vitro gas production"", ""evidence_quality"": ""Medium"", ""supporting_quote"": ""pure cultures of seven methanogens strains ... to test the effects of increasing concentrations of CHBr3"", ""paper_id"": ""10.1186/s40104-023-00935-z"", ""extraction_source"": ""auto"", ""prompt_version"": ""v2.0-126corpus"", ""confidence"": 0.8}"
R0045,bromoform,INHIBITS,Methanobacterium mobile,decrease,Not stated,"0.4, 2, 10 and 50 µmol/L",in_vitro,['Direct archaeal inhibition'],Direct,in vitro gas production,Medium,pure cultures of seven methanogens strains ... to test the effects of increasing concentrations of CHBr3,10.1186/s40104-023-00935-z,auto,v2.0-126corpus,0.8,"{""source"": ""bromoform"", ""target"": ""Methanobacterium mobile"", ""edge_type"": ""INHIBITS"", ""effect_direction"": ""decrease"", ""effect_size"": ""Not stated"", ""dose"": ""0.4, 2, 10 and 50 µmol/L"", ""experimental_system"": ""in_vitro"", ""mechanism_class"": [""Direct archaeal inhibition""], ""direct_or_inferred"": ""Direct"", ""evidence_method"": ""in vitro gas production"", ""evidence_quality"": ""Medium"", ""supporting_quote"": ""pure cultures of seven methanogens strains ... to test the effects of increasing concentrations of CHBr3"", ""paper_id"": ""10.1186/s40104-023-00935-z"", ""extraction_source"": ""auto"", ""prompt_version"": ""v2.0-126corpus"", ""confidence"": 0.8}"
R0046,Ascophyllum nodosum,INHIBITS,methane yield,decrease,34% (mmol/d) and 30% (mmol/g DOM) in Exp1; 23-26% (mmol/d) and 21-29% (mmol/g DOM) in Exp2,0.3% DM (Exp1); 0.3-0.5% DM (Exp2),in_vitro,"['Fermentation pathway modulation', 'Hydrogen sink redistribution']",Inferred,RUSITEC,High,"0.3% treatment reduced CH4 production relative to CTR, primarily by decreasing nutrient degradation and total volatile fatty acid production",10.1371/journal.pone.0344019,auto,v2.0-126corpus,0.85,"{""source"": ""Ascophyllum nodosum"", ""target"": ""methane yield"", ""edge_type"": ""INHIBITS"", ""effect_direction"": ""decrease"", ""effect_size"": ""34% (mmol/d) and 30% (mmol/g DOM) in Exp1; 23-26% (mmol/d) and 21-29% (mmol/g DOM) in Exp2"", ""dose"": ""0.3% DM (Exp1); 0.3-0.5% DM (Exp2)"", ""experimental_system"": ""in_vitro"", ""mechanism_class"": [""Fermentation pathway modulation"", ""Hydrogen sink redistribution""], ""direct_or_inferred"": ""Inferred"", ""evidence_method"": ""RUSITEC"", ""evidence_quality"": ""High"", ""supporting_quote"": ""0.3% treatment reduced CH4 production relative to CTR, primarily by decreasing nutrient degradation and total volatile fatty acid production"", ""paper_id"": ""10.1371/journal.pone.0344019"", ""extraction_source"": ""auto"", ""prompt_version"": ""v2.0-126corpus"", ""confidence"": 0.85}"
R0046,Ascophyllum nodosum,INHIBITS,total gas production,decrease,20% (Exp1); 20-24% (Exp2),0.3% DM (Exp1); 0.3-0.5% DM (Exp2),in_vitro,['Fermentation pathway modulation'],Inferred,RUSITEC,High,0.3% treatment reduced total gas by 20%,10.1371/journal.pone.0344019,auto,v2.0-126corpus,0.85,"{""source"": ""Ascophyllum nodosum"", ""target"": ""total gas production"", ""edge_type"": ""INHIBITS"", ""effect_direction"": ""decrease"", ""effect_size"": ""20% (Exp1); 20-24% (Exp2)"", ""dose"": ""0.3% DM (Exp1); 0.3-0.5% DM (Exp2)"", ""experimental_system"": ""in_vitro"", ""mechanism_class"": [""Fermentation pathway modulation""], ""direct_or_inferred"": ""Inferred"", ""evidence_method"": ""RUSITEC"", ""evidence_quality"": ""High"", ""supporting_quote"": ""0.3% treatment reduced total gas by 20%"", ""paper_id"": ""10.1371/journal.pone.0344019"", ""extraction_source"": ""auto"", ""prompt_version"": ""v2.0-126corpus"", ""confidence"": 0.85}"
R0046,Ascophyllum nodosum,INHIBITS,nutrient degradation,decrease,Not stated,0.3% DM (Exp1); 0.5% DM (Exp2),in_vitro,['Fermentation pathway modulation'],Inferred,RUSITEC,High,0.3% treatment reduced nutrient degradation,10.1371/journal.pone.0344019,auto,v2.0-126corpus,0.8,"{""source"": ""Ascophyllum nodosum"", ""target"": ""nutrient degradation"", ""edge_type"": ""INHIBITS"", ""effect_direction"": ""decrease"", ""effect_size"": ""Not stated"", ""dose"": ""0.3% DM (Exp1); 0.5% DM (Exp2)"", ""experimental_system"": ""in_vitro"", ""mechanism_class"": [""Fermentation pathway modulation""], ""direct_or_inferred"": ""Inferred"", ""evidence_method"": ""RUSITEC"", ""evidence_quality"": ""High"", ""supporting_quote"": ""0.3% treatment reduced nutrient degradation"", ""paper_id"": ""10.1371/journal.pone.0344019"", ""extraction_source"": ""auto"", ""prompt_version"": ""v2.0-126corpus"", ""confidence"": 0.8}"
R0046,Ascophyllum nodosum,INHIBITS,volatile fatty acid production,decrease,Not stated,0.3% DM (Exp1),in_vitro,['Fermentation pathway modulation'],Inferred,RUSITEC,High,decreasing total volatile fatty acid production,10.1371/journal.pone.0344019,auto,v2.0-126corpus,0.8,"{""source"": ""Ascophyllum nodosum"", ""target"": ""volatile fatty acid production"", ""edge_type"": ""INHIBITS"", ""effect_direction"": ""decrease"", ""effect_size"": ""Not stated"", ""dose"": ""0.3% DM (Exp1)"", ""experimental_system"": ""in_vitro"", ""mechanism_class"": [""Fermentation pathway modulation""], ""direct_or_inferred"": ""Inferred"", ""evidence_method"": ""RUSITEC"", ""evidence_quality"": ""High"", ""supporting_quote"": ""decreasing total volatile fatty acid production"", ""paper_id"": ""10.1371/journal.pone.0344019"", ""extraction_source"": ""auto"", ""prompt_version"": ""v2.0-126corpus"", ""confidence"": 0.8}"
R0046,Ascophyllum nodosum,INHIBITS,metabolic hydrogen recovery,decrease,22%,0.3-0.5% DM (Exp2),in_vitro,['Hydrogen sink redistribution'],Inferred,RUSITEC,High,Metabolic hydrogen recovery decreased by 22% across all ASC extract treatments,10.1371/journal.pone.0344019,auto,v2.0-126corpus,0.85,"{""source"": ""Ascophyllum nodosum"", ""target"": ""metabolic hydrogen recovery"", ""edge_type"": ""INHIBITS"", ""effect_direction"": ""decrease"", ""effect_size"": ""22%"", ""dose"": ""0.3-0.5% DM (Exp2)"", ""experimental_system"": ""in_vitro"", ""mechanism_class"": [""Hydrogen sink redistribution""], ""direct_or_inferred"": ""Inferred"", ""evidence_method"": ""RUSITEC"", ""evidence_quality"": ""High"", ""supporting_quote"": ""Metabolic hydrogen recovery decreased by 22% across all ASC extract treatments"", ""paper_id"": ""10.1371/journal.pone.0344019"", ""extraction_source"": ""auto"", ""prompt_version"": ""v2.0-126corpus"", ""confidence"": 0.85}"
R0047,Asparagopsis taxiformis,INHIBITS,methane yield,decrease,"75% (volume), 78% (yield)",30-45 mg CHBr3/kg DM,in_vivo,['Unknown/unclear mechanism'],Inferred,in vitro gas production,High,the volume of CH4 decreased by up to 75% for treatments above 30 mg/kg DM,10.1016/j.animal.2024.101249,auto,v2.0-126corpus,0.85,"{""source"": ""Asparagopsis taxiformis"", ""target"": ""methane yield"", ""edge_type"": ""INHIBITS"", ""effect_direction"": ""decrease"", ""effect_size"": ""75% (volume), 78% (yield)"", ""dose"": ""30-45 mg CHBr3/kg DM"", ""experimental_system"": ""in_vivo"", ""mechanism_class"": [""Unknown/unclear mechanism""], ""direct_or_inferred"": ""Inferred"", ""evidence_method"": ""in vitro gas production"", ""evidence_quality"": ""High"", ""supporting_quote"": ""the volume of CH4 decreased by up to 75% for treatments above 30 mg/kg DM"", ""paper_id"": ""10.1016/j.animal.2024.101249"", ""extraction_source"": ""auto"", ""prompt_version"": ""v2.0-126corpus"", ""confidence"": 0.85}"
R0047,bromoform,INHIBITS,dry matter intake,decrease,28%,30-45 mg CHBr3/kg DM,in_vivo,['Unknown/unclear mechanism'],Inferred,Not stated,High,Lambs fed treatments B30 and B45 decreased DM intake by up to 28%,10.1016/j.animal.2024.101249,auto,v2.0-126corpus,0.85,"{""source"": ""bromoform"", ""target"": ""dry matter intake"", ""edge_type"": ""INHIBITS"", ""effect_direction"": ""decrease"", ""effect_size"": ""28%"", ""dose"": ""30-45 mg CHBr3/kg DM"", ""experimental_system"": ""in_vivo"", ""mechanism_class"": [""Unknown/unclear mechanism""], ""direct_or_inferred"": ""Inferred"", ""evidence_method"": ""Not stated"", ""evidence_quality"": ""High"", ""supporting_quote"": ""Lambs fed treatments B30 and B45 decreased DM intake by up to 28%"", ""paper_id"": ""10.1016/j.animal.2024.101249"", ""extraction_source"": ""auto"", ""prompt_version"": ""v2.0-126corpus"", ""confidence"": 0.85}"
R0047,bromoform,INHIBITS,average daily gain,decrease,40%,45 mg CHBr3/kg DM,in_vivo,['Unknown/unclear mechanism'],Inferred,Not stated,High,B45 showed results 40% lower than B0,10.1016/j.animal.2024.101249,auto,v2.0-126corpus,0.85,"{""source"": ""bromoform"", ""target"": ""average daily gain"", ""edge_type"": ""INHIBITS"", ""effect_direction"": ""decrease"", ""effect_size"": ""40%"", ""dose"": ""45 mg CHBr3/kg DM"", ""experimental_system"": ""in_vivo"", ""mechanism_class"": [""Unknown/unclear mechanism""], ""direct_or_inferred"": ""Inferred"", ""evidence_method"": ""Not stated"", ""evidence_quality"": ""High"", ""supporting_quote"": ""B45 showed results 40% lower than B0"", ""paper_id"": ""10.1016/j.animal.2024.101249"", ""extraction_source"": ""auto"", ""prompt_version"": ""v2.0-126corpus"", ""confidence"": 0.85}"
R0047,bromoform,ASSOCIATED_WITH,rumen mucosa lesions,increase,Not stated,30-45 mg CHBr3/kg DM,in_vivo,['Unknown/unclear mechanism'],Direct,histological examination,High,distinct lesions on the ventral region of the rumen mucosa of animals supplemented with Bromoil,10.1016/j.animal.2024.101249,auto,v2.0-126corpus,0.85,"{""source"": ""bromoform"", ""target"": ""rumen mucosa lesions"", ""edge_type"": ""ASSOCIATED_WITH"", ""effect_direction"": ""increase"", ""effect_size"": ""Not stated"", ""dose"": ""30-45 mg CHBr3/kg DM"", ""experimental_system"": ""in_vivo"", ""mechanism_class"": [""Unknown/unclear mechanism""], ""direct_or_inferred"": ""Direct"", ""evidence_method"": ""histological examination"", ""evidence_quality"": ""High"", ""supporting_quote"": ""distinct lesions on the ventral region of the rumen mucosa of animals supplemented with Bromoil"", ""paper_id"": ""10.1016/j.animal.2024.101249"", ""extraction_source"": ""auto"", ""prompt_version"": ""v2.0-126corpus"", ""confidence"": 0.85}"
R0048,bromoform,MODULATES,blood urea to creatinine ratio,increase,Not stated,"7,372 mg/kg",in_vivo,['Unknown/unclear mechanism'],Inferred,blood parameters,Medium,Supplementation of cows with bromoform resulted in increased blood urea to creatinine ratio (P = 0.048),10.1016/j.tvjl.2024.106248,auto,v2.0-126corpus,0.75,"{""source"": ""bromoform"", ""target"": ""blood urea to creatinine ratio"", ""edge_type"": ""MODULATES"", ""effect_direction"": ""increase"", ""effect_size"": ""Not stated"", ""dose"": ""7,372 mg/kg"", ""experimental_system"": ""in_vivo"", ""mechanism_class"": [""Unknown/unclear mechanism""], ""direct_or_inferred"": ""Inferred"", ""evidence_method"": ""blood parameters"", ""evidence_quality"": ""Medium"", ""supporting_quote"": ""Supplementation of cows with bromoform resulted in increased blood urea to creatinine ratio (P = 0.048)"", ""paper_id"": ""10.1016/j.tvjl.2024.106248"", ""extraction_source"": ""auto"", ""prompt_version"": ""v2.0-126corpus"", ""confidence"": 0.75}"
R0048,bromoform,MODULATES,base excess,increase,Not stated,"7,372 mg/kg",in_vivo,['Unknown/unclear mechanism'],Inferred,blood parameters,Medium,Supplementation of cows with bromoform resulted in increased ... base excess (P = 0.049),10.1016/j.tvjl.2024.106248,auto,v2.0-126corpus,0.75,"{""source"": ""bromoform"", ""target"": ""base excess"", ""edge_type"": ""MODULATES"", ""effect_direction"": ""increase"", ""effect_size"": ""Not stated"", ""dose"": ""7,372 mg/kg"", ""experimental_system"": ""in_vivo"", ""mechanism_class"": [""Unknown/unclear mechanism""], ""direct_or_inferred"": ""Inferred"", ""evidence_method"": ""blood parameters"", ""evidence_quality"": ""Medium"", ""supporting_quote"": ""Supplementation of cows with bromoform resulted in increased ... base excess (P = 0.049)"", ""paper_id"": ""10.1016/j.tvjl.2024.106248"", ""extraction_source"": ""auto"", ""prompt_version"": ""v2.0-126corpus"", ""confidence"": 0.75}"
R0048,bromoform,MODULATES,total carbon dioxide,increase,Not stated,"7,372 mg/kg",in_vivo,['Unknown/unclear mechanism'],Inferred,blood parameters,Medium,Supplementation of cows with bromoform resulted in increased ... total carbon dioxide (TCO2; P = 0.048),10.1016/j.tvjl.2024.106248,auto,v2.0-126corpus,0.75,"{""source"": ""bromoform"", ""target"": ""total carbon dioxide"", ""edge_type"": ""MODULATES"", ""effect_direction"": ""increase"", ""effect_size"": ""Not stated"", ""dose"": ""7,372 mg/kg"", ""experimental_system"": ""in_vivo"", ""mechanism_class"": [""Unknown/unclear mechanism""], ""direct_or_inferred"": ""Inferred"", ""evidence_method"": ""blood parameters"", ""evidence_quality"": ""Medium"", ""supporting_quote"": ""Supplementation of cows with bromoform resulted in increased ... total carbon dioxide (TCO2; P = 0.048)"", ""paper_id"": ""10.1016/j.tvjl.2024.106248"", ""extraction_source"": ""auto"", ""prompt_version"": ""v2.0-126corpus"", ""confidence"": 0.75}"
R0048,bromoform,MODULATES,glutamate dehydrogenase,decrease,Not stated,"7,372 mg/kg",in_vivo,['Unknown/unclear mechanism'],Inferred,blood parameters,Medium,Supplementation of cows with bromoform resulted in ... a decrease in blood glutamate dehydrogenase (GLDH; P = 0.031),10.1016/j.tvjl.2024.106248,auto,v2.0-126corpus,0.75,"{""source"": ""bromoform"", ""target"": ""glutamate dehydrogenase"", ""edge_type"": ""MODULATES"", ""effect_direction"": ""decrease"", ""effect_size"": ""Not stated"", ""dose"": ""7,372 mg/kg"", ""experimental_system"": ""in_vivo"", ""mechanism_class"": [""Unknown/unclear mechanism""], ""direct_or_inferred"": ""Inferred"", ""evidence_method"": ""blood parameters"", ""evidence_quality"": ""Medium"", ""supporting_quote"": ""Supplementation of cows with bromoform resulted in ... a decrease in blood glutamate dehydrogenase (GLDH; P = 0.031)"", ""paper_id"": ""10.1016/j.tvjl.2024.106248"", ""extraction_source"": ""auto"", ""prompt_version"": ""v2.0-126corpus"", ""confidence"": 0.75}"
R0048,bromoform,MODULATES,partial pressure of carbon dioxide,increase,Not stated,"7,372 mg/kg",in_vivo,['Unknown/unclear mechanism'],Inferred,blood parameters,Medium,a trend was observed for higher levels of partial pressure of carbon dioxide (pCO2; P = 0.070),10.1016/j.tvjl.2024.106248,auto,v2.0-126corpus,0.7,"{""source"": ""bromoform"", ""target"": ""partial pressure of carbon dioxide"", ""edge_type"": ""MODULATES"", ""effect_direction"": ""increase"", ""effect_size"": ""Not stated"", ""dose"": ""7,372 mg/kg"", ""experimental_system"": ""in_vivo"", ""mechanism_class"": [""Unknown/unclear mechanism""], ""direct_or_inferred"": ""Inferred"", ""evidence_method"": ""blood parameters"", ""evidence_quality"": ""Medium"", ""supporting_quote"": ""a trend was observed for higher levels of partial pressure of carbon dioxide (pCO2; P = 0.070)"", ""paper_id"": ""10.1016/j.tvjl.2024.106248"", ""extraction_source"": ""auto"", ""prompt_version"": ""v2.0-126corpus"", ""confidence"": 0.7}"
R0048,bromoform,MODULATES,bicarbonate,increase,Not stated,"7,372 mg/kg",in_vivo,['Unknown/unclear mechanism'],Inferred,blood parameters,Medium,a trend was observed for higher levels of ... bicarbonate (HCO3-; P = 0.052),10.1016/j.tvjl.2024.106248,auto,v2.0-126corpus,0.7,"{""source"": ""bromoform"", ""target"": ""bicarbonate"", ""edge_type"": ""MODULATES"", ""effect_direction"": ""increase"", ""effect_size"": ""Not stated"", ""dose"": ""7,372 mg/kg"", ""experimental_system"": ""in_vivo"", ""mechanism_class"": [""Unknown/unclear mechanism""], ""direct_or_inferred"": ""Inferred"", ""evidence_method"": ""blood parameters"", ""evidence_quality"": ""Medium"", ""supporting_quote"": ""a trend was observed for higher levels of ... bicarbonate (HCO3-; P = 0.052)"", ""paper_id"": ""10.1016/j.tvjl.2024.106248"", ""extraction_source"": ""auto"", ""prompt_version"": ""v2.0-126corpus"", ""confidence"": 0.7}"
R0048,bromoform,MODULATES,partial pressure of oxygen,decrease,Not stated,"7,372 mg/kg",in_vivo,['Unknown/unclear mechanism'],Inferred,blood parameters,Medium,a trend was observed for ... lower levels of partial pressure of oxygen (pO2; P = 0.058),10.1016/j.tvjl.2024.106248,auto,v2.0-126corpus,0.7,"{""source"": ""bromoform"", ""target"": ""partial pressure of oxygen"", ""edge_type"": ""MODULATES"", ""effect_direction"": ""decrease"", ""effect_size"": ""Not stated"", ""dose"": ""7,372 mg/kg"", ""experimental_system"": ""in_vivo"", ""mechanism_class"": [""Unknown/unclear mechanism""], ""direct_or_inferred"": ""Inferred"", ""evidence_method"": ""blood parameters"", ""evidence_quality"": ""Medium"", ""supporting_quote"": ""a trend was observed for ... lower levels of partial pressure of oxygen (pO2; P = 0.058)"", ""paper_id"": ""10.1016/j.tvjl.2024.106248"", ""extraction_source"": ""auto"", ""prompt_version"": ""v2.0-126corpus"", ""confidence"": 0.7}"
R0048,bromoform,MODULATES,gamma-glutamyl transferase,increase,Not stated,"7,372 mg/kg",in_vivo,['Unknown/unclear mechanism'],Inferred,blood parameters,Medium,Blood gamma-glutamyl transferase (GGT) was elevated in offspring of cows fed bromoform (P = 0.050),10.1016/j.tvjl.2024.106248,auto,v2.0-126corpus,0.75,"{""source"": ""bromoform"", ""target"": ""gamma-glutamyl transferase"", ""edge_type"": ""MODULATES"", ""effect_direction"": ""increase"", ""effect_size"": ""Not stated"", ""dose"": ""7,372 mg/kg"", ""experimental_system"": ""in_vivo"", ""mechanism_class"": [""Unknown/unclear mechanism""], ""direct_or_inferred"": ""Inferred"", ""evidence_method"": ""blood parameters"", ""evidence_quality"": ""Medium"", ""supporting_quote"": ""Blood gamma-glutamyl transferase (GGT) was elevated in offspring of cows fed bromoform (P = 0.050)"", ""paper_id"": ""10.1016/j.tvjl.2024.106248"", ""extraction_source"": ""auto"", ""prompt_version"": ""v2.0-126corpus"", ""confidence"": 0.75}"
R0049,Saccharina latissima,MODULATES,volatile fatty acids,decrease,Not stated,Not specified,in_vivo,['Unknown/unclear mechanism'],Inferred,VFA measurement,Medium,lower volatile fatty acid composition (25.6 mmol/l for S. latissima),10.1017/S1751731119001502,auto,v2.0-126corpus,0.7,"{""source"": ""Saccharina latissima"", ""target"": ""volatile fatty acids"", ""edge_type"": ""MODULATES"", ""effect_direction"": ""decrease"", ""effect_size"": ""Not stated"", ""dose"": ""Not specified"", ""experimental_system"": ""in_vivo"", ""mechanism_class"": [""Unknown/unclear mechanism""], ""direct_or_inferred"": ""Inferred"", ""evidence_method"": ""VFA measurement"", ""evidence_quality"": ""Medium"", ""supporting_quote"": ""lower volatile fatty acid composition (25.6 mmol/l for S. latissima)"", ""paper_id"": ""10.1017/S1751731119001502"", ""extraction_source"": ""auto"", ""prompt_version"": ""v2.0-126corpus"", ""confidence"": 0.7}"
R0049,Porphyra spp.,MODULATES,volatile fatty acids,decrease,Not stated,Not specified,in_vivo,['Unknown/unclear mechanism'],Inferred,VFA measurement,Medium,lower volatile fatty acid composition (54.8 mmol/l for Porphyra spp.),10.1017/S1751731119001502,auto,v2.0-126corpus,0.7,"{""source"": ""Porphyra spp."", ""target"": ""volatile fatty acids"", ""edge_type"": ""MODULATES"", ""effect_direction"": ""decrease"", ""effect_size"": ""Not stated"", ""dose"": ""Not specified"", ""experimental_system"": ""in_vivo"", ""mechanism_class"": [""Unknown/unclear mechanism""], ""direct_or_inferred"": ""Inferred"", ""evidence_method"": ""VFA measurement"", ""evidence_quality"": ""Medium"", ""supporting_quote"": ""lower volatile fatty acid composition (54.8 mmol/l for Porphyra spp.)"", ""paper_id"": ""10.1017/S1751731119001502"", ""extraction_source"": ""auto"", ""prompt_version"": ""v2.0-126corpus"", ""confidence"": 0.7}"
R0050,Brominata pellets,MODULATES,dry matter intake,no_change,Not stated,0.25% DM,in_vivo,['Unknown/unclear mechanism'],Not stated,Not stated,Low,no significant differences in DMI,10.1371/journal.pone.0335414,auto,v2.0-126corpus,0.75,"{""source"": ""Brominata pellets"", ""target"": ""dry matter intake"", ""edge_type"": ""MODULATES"", ""effect_direction"": ""no_change"", ""effect_size"": ""Not stated"", ""dose"": ""0.25% DM"", ""experimental_system"": ""in_vivo"", ""mechanism_class"": [""Unknown/unclear mechanism""], ""direct_or_inferred"": ""Not stated"", ""evidence_method"": ""Not stated"", ""evidence_quality"": ""Low"", ""supporting_quote"": ""no significant differences in DMI"", ""paper_id"": ""10.1371/journal.pone.0335414"", ""extraction_source"": ""auto"", ""prompt_version"": ""v2.0-126corpus"", ""confidence"": 0.75}"
R0050,Brominata pellets,MODULATES,milk yield,no_change,Not stated,0.25% DM,in_vivo,['Unknown/unclear mechanism'],Not stated,Not stated,Low,no significant differences in milk yield,10.1371/journal.pone.0335414,auto,v2.0-126corpus,0.75,"{""source"": ""Brominata pellets"", ""target"": ""milk yield"", ""edge_type"": ""MODULATES"", ""effect_direction"": ""no_change"", ""effect_size"": ""Not stated"", ""dose"": ""0.25% DM"", ""experimental_system"": ""in_vivo"", ""mechanism_class"": [""Unknown/unclear mechanism""], ""direct_or_inferred"": ""Not stated"", ""evidence_method"": ""Not stated"", ""evidence_quality"": ""Low"", ""supporting_quote"": ""no significant differences in milk yield"", ""paper_id"": ""10.1371/journal.pone.0335414"", ""extraction_source"": ""auto"", ""prompt_version"": ""v2.0-126corpus"", ""confidence"": 0.75}"
R0050,Brominata pellets,MODULATES,feed efficiency,no_change,Not stated,0.25% DM,in_vivo,['Unknown/unclear mechanism'],Not stated,Not stated,Low,no significant differences in feed efficiency,10.1371/journal.pone.0335414,auto,v2.0-126corpus,0.75,"{""source"": ""Brominata pellets"", ""target"": ""feed efficiency"", ""edge_type"": ""MODULATES"", ""effect_direction"": ""no_change"", ""effect_size"": ""Not stated"", ""dose"": ""0.25% DM"", ""experimental_system"": ""in_vivo"", ""mechanism_class"": [""Unknown/unclear mechanism""], ""direct_or_inferred"": ""Not stated"", ""evidence_method"": ""Not stated"", ""evidence_quality"": ""Low"", ""supporting_quote"": ""no significant differences in feed efficiency"", ""paper_id"": ""10.1371/journal.pone.0335414"", ""extraction_source"": ""auto"", ""prompt_version"": ""v2.0-126corpus"", ""confidence"": 0.75}"
R0050,Brominata pellets,MODULATES,fat digestibility,decrease,Not stated,0.25% DM,in_vivo,['Unknown/unclear mechanism'],Not stated,spot fecal collection,Medium,significant reduction in fat digestibility in cows fed Brominata (P=0.046),10.1371/journal.pone.0335414,auto,v2.0-126corpus,0.85,"{""source"": ""Brominata pellets"", ""target"": ""fat digestibility"", ""edge_type"": ""MODULATES"", ""effect_direction"": ""decrease"", ""effect_size"": ""Not stated"", ""dose"": ""0.25% DM"", ""experimental_system"": ""in_vivo"", ""mechanism_class"": [""Unknown/unclear mechanism""], ""direct_or_inferred"": ""Not stated"", ""evidence_method"": ""spot fecal collection"", ""evidence_quality"": ""Medium"", ""supporting_quote"": ""significant reduction in fat digestibility in cows fed Brominata (P=0.046)"", ""paper_id"": ""10.1371/journal.pone.0335414"", ""extraction_source"": ""auto"", ""prompt_version"": ""v2.0-126corpus"", ""confidence"": 0.85}"
R0051,Mazzaella japonica,MODULATES,methane yield,decrease,9.2% reduction at 2% DM,2% DM,in_vivo,['Unknown/unclear mechanism'],Inferred,respiration chamber,High,"Methane production (g/day) decreased quadratically (P = 0.037), such that the heifers receiving 2% M. japonica produced 9.2% less CH4 than control animals",10.3389/fanim.2023.1181768,auto,v2.0-126corpus,0.85,"{""source"": ""Mazzaella japonica"", ""target"": ""methane yield"", ""edge_type"": ""MODULATES"", ""effect_direction"": ""decrease"", ""effect_size"": ""9.2% reduction at 2% DM"", ""dose"": ""2% DM"", ""experimental_system"": ""in_vivo"", ""mechanism_class"": [""Unknown/unclear mechanism""], ""direct_or_inferred"": ""Inferred"", ""evidence_method"": ""respiration chamber"", ""evidence_quality"": ""High"", ""supporting_quote"": ""Methane production (g/day) decreased quadratically (P = 0.037), such that the heifers receiving 2% M. japonica produced 9.2% less CH4 than control animals"", ""paper_id"": ""10.3389/fanim.2023.1181768"", ""extraction_source"": ""auto"", ""prompt_version"": ""v2.0-126corpus"", ""confidence"": 0.85}"
R0051,Mazzaella japonica,MODULATES,methane yield,no_change,Not stated,1% and 2% DM,in_vivo,['Unknown/unclear mechanism'],Inferred,respiration chamber,High,CH4 yield (g/kg DMI) did not differ among treatments,10.3389/fanim.2023.1181768,auto,v2.0-126corpus,0.9,"{""source"": ""Mazzaella japonica"", ""target"": ""methane yield"", ""edge_type"": ""MODULATES"", ""effect_direction"": ""no_change"", ""effect_size"": ""Not stated"", ""dose"": ""1% and 2% DM"", ""experimental_system"": ""in_vivo"", ""mechanism_class"": [""Unknown/unclear mechanism""], ""direct_or_inferred"": ""Inferred"", ""evidence_method"": ""respiration chamber"", ""evidence_quality"": ""High"", ""supporting_quote"": ""CH4 yield (g/kg DMI) did not differ among treatments"", ""paper_id"": ""10.3389/fanim.2023.1181768"", ""extraction_source"": ""auto"", ""prompt_version"": ""v2.0-126corpus"", ""confidence"": 0.9}"
R0051,Mazzaella japonica,MODULATES,acetate proportion,decrease,"quadratic decrease, P=0.023",1% and 2% DM,in_vivo,['Fermentation pathway modulation'],Direct,rumen fluid analysis,High,adding M. japonica to the diet quadratically (P = 0.023) decreased the proportion of acetate,10.3389/fanim.2023.1181768,auto,v2.0-126corpus,0.85,"{""source"": ""Mazzaella japonica"", ""target"": ""acetate proportion"", ""edge_type"": ""MODULATES"", ""effect_direction"": ""decrease"", ""effect_size"": ""quadratic decrease, P=0.023"", ""dose"": ""1% and 2% DM"", ""experimental_system"": ""in_vivo"", ""mechanism_class"": [""Fermentation pathway modulation""], ""direct_or_inferred"": ""Direct"", ""evidence_method"": ""rumen fluid analysis"", ""evidence_quality"": ""High"", ""supporting_quote"": ""adding M. japonica to the diet quadratically (P = 0.023) decreased the proportion of acetate"", ""paper_id"": ""10.3389/fanim.2023.1181768"", ""extraction_source"": ""auto"", ""prompt_version"": ""v2.0-126corpus"", ""confidence"": 0.85}"
R0052,Asparagopsis armata,INHIBITS,methane yield,decrease,95.6%,0.50% DM,in_vitro,['Unknown/unclear mechanism'],Inferred,in vitro gas production,Medium,Adding A. armata biomass led to significant reductions in CH4 yield (mL/g) of 62.5 and 95.6%,10.1016/j.anifeedsci.2024.116118,auto,v2.0-126corpus,0.85,"{""source"": ""Asparagopsis armata"", ""target"": ""methane yield"", ""edge_type"": ""INHIBITS"", ""effect_direction"": ""decrease"", ""effect_size"": ""95.6%"", ""dose"": ""0.50% DM"", ""experimental_system"": ""in_vitro"", ""mechanism_class"": [""Unknown/unclear mechanism""], ""direct_or_inferred"": ""Inferred"", ""evidence_method"": ""in vitro gas production"", ""evidence_quality"": ""Medium"", ""supporting_quote"": ""Adding A. armata biomass led to significant reductions in CH4 yield (mL/g) of 62.5 and 95.6%"", ""paper_id"": ""10.1016/j.anifeedsci.2024.116118"", ""extraction_source"": ""auto"", ""prompt_version"": ""v2.0-126corpus"", ""confidence"": 0.85}"
R0052,bromoform,INHIBITS,methane yield,decrease,59.6%,0.0073 mg,in_vitro,['Unknown/unclear mechanism'],Inferred,in vitro gas production,Medium,"The addition of bromoform resulted in a decrease in the CH4 yield (mL/g) by 7.6, 23.0, and 59.6%",10.1016/j.anifeedsci.2024.116118,auto,v2.0-126corpus,0.85,"{""source"": ""bromoform"", ""target"": ""methane yield"", ""edge_type"": ""INHIBITS"", ""effect_direction"": ""decrease"", ""effect_size"": ""59.6%"", ""dose"": ""0.0073 mg"", ""experimental_system"": ""in_vitro"", ""mechanism_class"": [""Unknown/unclear mechanism""], ""direct_or_inferred"": ""Inferred"", ""evidence_method"": ""in vitro gas production"", ""evidence_quality"": ""Medium"", ""supporting_quote"": ""The addition of bromoform resulted in a decrease in the CH4 yield (mL/g) by 7.6, 23.0, and 59.6%"", ""paper_id"": ""10.1016/j.anifeedsci.2024.116118"", ""extraction_source"": ""auto"", ""prompt_version"": ""v2.0-126corpus"", ""confidence"": 0.85}"
R0053,bromoform,INHIBITS,methane yield,decrease,Not stated,1-2 µM,in_vitro,['Unknown/unclear mechanism'],Inferred,in vitro gas production,Medium,Bromoform and dibromomethane produced sigmoidal-relationships between concentration and inhibition at approximately 1–2 µM,10.1038/s41598-025-10936-9,auto,v2.0-126corpus,0.8,"{""source"": ""bromoform"", ""target"": ""methane yield"", ""edge_type"": ""INHIBITS"", ""effect_direction"": ""decrease"", ""effect_size"": ""Not stated"", ""dose"": ""1-2 µM"", ""experimental_system"": ""in_vitro"", ""mechanism_class"": [""Unknown/unclear mechanism""], ""direct_or_inferred"": ""Inferred"", ""evidence_method"": ""in vitro gas production"", ""evidence_quality"": ""Medium"", ""supporting_quote"": ""Bromoform and dibromomethane produced sigmoidal-relationships between concentration and inhibition at approximately 1–2 µM"", ""paper_id"": ""10.1038/s41598-025-10936-9"", ""extraction_source"": ""auto"", ""prompt_version"": ""v2.0-126corpus"", ""confidence"": 0.8}"
R0053,dibromomethane,INHIBITS,methane yield,decrease,Not stated,1-2 µM,in_vitro,['Unknown/unclear mechanism'],Inferred,in vitro gas production,Medium,Bromoform and dibromomethane produced sigmoidal-relationships between concentration and inhibition at approximately 1–2 µM,10.1038/s41598-025-10936-9,auto,v2.0-126corpus,0.8,"{""source"": ""dibromomethane"", ""target"": ""methane yield"", ""edge_type"": ""INHIBITS"", ""effect_direction"": ""decrease"", ""effect_size"": ""Not stated"", ""dose"": ""1-2 µM"", ""experimental_system"": ""in_vitro"", ""mechanism_class"": [""Unknown/unclear mechanism""], ""direct_or_inferred"": ""Inferred"", ""evidence_method"": ""in vitro gas production"", ""evidence_quality"": ""Medium"", ""supporting_quote"": ""Bromoform and dibromomethane produced sigmoidal-relationships between concentration and inhibition at approximately 1–2 µM"", ""paper_id"": ""10.1038/s41598-025-10936-9"", ""extraction_source"": ""auto"", ""prompt_version"": ""v2.0-126corpus"", ""confidence"": 0.8}"
R0053,Asparagopsis taxiformis,INHIBITS,methane yield,decrease,less effective per mole bromoform compared to direct bromoform,Not specified,in_vitro,['Unknown/unclear mechanism'],Inferred,in vitro gas production,Medium,A. taxiformis dose response was less effective at inhibiting methane per mole of bromoform added compared with direct bromoform additions,10.1038/s41598-025-10936-9,auto,v2.0-126corpus,0.75,"{""source"": ""Asparagopsis taxiformis"", ""target"": ""methane yield"", ""edge_type"": ""INHIBITS"", ""effect_direction"": ""decrease"", ""effect_size"": ""less effective per mole bromoform compared to direct bromoform"", ""dose"": ""Not specified"", ""experimental_system"": ""in_vitro"", ""mechanism_class"": [""Unknown/unclear mechanism""], ""direct_or_inferred"": ""Inferred"", ""evidence_method"": ""in vitro gas production"", ""evidence_quality"": ""Medium"", ""supporting_quote"": ""A. taxiformis dose response was less effective at inhibiting methane per mole of bromoform added compared with direct bromoform additions"", ""paper_id"": ""10.1038/s41598-025-10936-9"", ""extraction_source"": ""auto"", ""prompt_version"": ""v2.0-126corpus"", ""confidence"": 0.75}"
R0054,Dictyota dichotoma,INHIBITS,methane,decrease,Not stated,Not specified,in_vitro,['Fermentation pathway modulation'],Inferred,in vitro gas production,Medium,A shift in fermentation towards propionate formation when using lipophilic extracts of D. dichotoma suggests a specific inhibition of methanogenic archaea.,10.1016/j.algal.2025.104379,auto,v2.0-126corpus,0.75,"{""source"": ""Dictyota dichotoma"", ""target"": ""methane"", ""edge_type"": ""INHIBITS"", ""effect_direction"": ""decrease"", ""effect_size"": ""Not stated"", ""dose"": ""Not specified"", ""experimental_system"": ""in_vitro"", ""mechanism_class"": [""Fermentation pathway modulation""], ""direct_or_inferred"": ""Inferred"", ""evidence_method"": ""in vitro gas production"", ""evidence_quality"": ""Medium"", ""supporting_quote"": ""A shift in fermentation towards propionate formation when using lipophilic extracts of D. dichotoma suggests a specific inhibition of methanogenic archaea."", ""paper_id"": ""10.1016/j.algal.2025.104379"", ""extraction_source"": ""auto"", ""prompt_version"": ""v2.0-126corpus"", ""confidence"": 0.75}"
R0054,Dictyota dichotoma,INHIBITS,total gas production,decrease,115-123 vs control 157 mL/g DM,Not specified,in_vitro,['Fermentation pathway modulation'],Inferred,in vitro gas production,High,highly lipophilic extracts of D. dichotoma significantly reduced TGP at 48 h (115-123 vs control 157 mL/g DM) (P < 0.05),10.1016/j.algal.2025.104379,auto,v2.0-126corpus,0.85,"{""source"": ""Dictyota dichotoma"", ""target"": ""total gas production"", ""edge_type"": ""INHIBITS"", ""effect_direction"": ""decrease"", ""effect_size"": ""115-123 vs control 157 mL/g DM"", ""dose"": ""Not specified"", ""experimental_system"": ""in_vitro"", ""mechanism_class"": [""Fermentation pathway modulation""], ""direct_or_inferred"": ""Inferred"", ""evidence_method"": ""in vitro gas production"", ""evidence_quality"": ""High"", ""supporting_quote"": ""highly lipophilic extracts of D. dichotoma significantly reduced TGP at 48 h (115-123 vs control 157 mL/g DM) (P < 0.05)"", ""paper_id"": ""10.1016/j.algal.2025.104379"", ""extraction_source"": ""auto"", ""prompt_version"": ""v2.0-126corpus"", ""confidence"": 0.85}"
R0054,Dictyota dichotoma,MODULATES,volatile fatty acids,decrease,Not stated,Not specified,in_vitro,['Fermentation pathway modulation'],Inferred,in vitro gas production,Medium,reduced total VFA production (P < 0.05),10.1016/j.algal.2025.104379,auto,v2.0-126corpus,0.8,"{""source"": ""Dictyota dichotoma"", ""target"": ""volatile fatty acids"", ""edge_type"": ""MODULATES"", ""effect_direction"": ""decrease"", ""effect_size"": ""Not stated"", ""dose"": ""Not specified"", ""experimental_system"": ""in_vitro"", ""mechanism_class"": [""Fermentation pathway modulation""], ""direct_or_inferred"": ""Inferred"", ""evidence_method"": ""in vitro gas production"", ""evidence_quality"": ""Medium"", ""supporting_quote"": ""reduced total VFA production (P < 0.05)"", ""paper_id"": ""10.1016/j.algal.2025.104379"", ""extraction_source"": ""auto"", ""prompt_version"": ""v2.0-126corpus"", ""confidence"": 0.8}"
R0054,Dictyota dichotoma,MODULATES,dry matter degradability,decrease,Not stated,Not specified,in_vitro,['Fermentation pathway modulation'],Inferred,in vitro gas production,Medium,DMD (P < 0.05) was also observed,10.1016/j.algal.2025.104379,auto,v2.0-126corpus,0.8,"{""source"": ""Dictyota dichotoma"", ""target"": ""dry matter degradability"", ""edge_type"": ""MODULATES"", ""effect_direction"": ""decrease"", ""effect_size"": ""Not stated"", ""dose"": ""Not specified"", ""experimental_system"": ""in_vitro"", ""mechanism_class"": [""Fermentation pathway modulation""], ""direct_or_inferred"": ""Inferred"", ""evidence_method"": ""in vitro gas production"", ""evidence_quality"": ""Medium"", ""supporting_quote"": ""DMD (P < 0.05) was also observed"", ""paper_id"": ""10.1016/j.algal.2025.104379"", ""extraction_source"": ""auto"", ""prompt_version"": ""v2.0-126corpus"", ""confidence"": 0.8}"
R0055,Macrocystis pyrifera,PROMOTES,Selenomonas,increase,Not stated,5 g,in_vivo,['Microbial community restructuring'],Inferred,16S rRNA,Medium,"In animals fed with macroalgae, the fibrinolytic and cellulolytic bacteria Selenomonas was found in the highest abundance.",10.3390/vetsci11120653,auto,v2.0-126corpus,0.7,"{""source"": ""Macrocystis pyrifera"", ""target"": ""Selenomonas"", ""edge_type"": ""PROMOTES"", ""effect_direction"": ""increase"", ""effect_size"": ""Not stated"", ""dose"": ""5 g"", ""experimental_system"": ""in_vivo"", ""mechanism_class"": [""Microbial community restructuring""], ""direct_or_inferred"": ""Inferred"", ""evidence_method"": ""16S rRNA"", ""evidence_quality"": ""Medium"", ""supporting_quote"": ""In animals fed with macroalgae, the fibrinolytic and cellulolytic bacteria Selenomonas was found in the highest abundance."", ""paper_id"": ""10.3390/vetsci11120653"", ""extraction_source"": ""auto"", ""prompt_version"": ""v2.0-126corpus"", ""confidence"": 0.7}"
R0055,Ulva spp.,PROMOTES,Selenomonas,increase,Not stated,5 g,in_vivo,['Microbial community restructuring'],Inferred,16S rRNA,Medium,"In animals fed with macroalgae, the fibrinolytic and cellulolytic bacteria Selenomonas was found in the highest abundance.",10.3390/vetsci11120653,auto,v2.0-126corpus,0.7,"{""source"": ""Ulva spp."", ""target"": ""Selenomonas"", ""edge_type"": ""PROMOTES"", ""effect_direction"": ""increase"", ""effect_size"": ""Not stated"", ""dose"": ""5 g"", ""experimental_system"": ""in_vivo"", ""mechanism_class"": [""Microbial community restructuring""], ""direct_or_inferred"": ""Inferred"", ""evidence_method"": ""16S rRNA"", ""evidence_quality"": ""Medium"", ""supporting_quote"": ""In animals fed with macroalgae, the fibrinolytic and cellulolytic bacteria Selenomonas was found in the highest abundance."", ""paper_id"": ""10.3390/vetsci11120653"", ""extraction_source"": ""auto"", ""prompt_version"": ""v2.0-126corpus"", ""confidence"": 0.7}"
R0055,Mazzaella spp.,PROMOTES,Selenomonas,increase,Not stated,5 g,in_vivo,['Microbial community restructuring'],Inferred,16S rRNA,Medium,"In animals fed with macroalgae, the fibrinolytic and cellulolytic bacteria Selenomonas was found in the highest abundance.",10.3390/vetsci11120653,auto,v2.0-126corpus,0.7,"{""source"": ""Mazzaella spp."", ""target"": ""Selenomonas"", ""edge_type"": ""PROMOTES"", ""effect_direction"": ""increase"", ""effect_size"": ""Not stated"", ""dose"": ""5 g"", ""experimental_system"": ""in_vivo"", ""mechanism_class"": [""Microbial community restructuring""], ""direct_or_inferred"": ""Inferred"", ""evidence_method"": ""16S rRNA"", ""evidence_quality"": ""Medium"", ""supporting_quote"": ""In animals fed with macroalgae, the fibrinolytic and cellulolytic bacteria Selenomonas was found in the highest abundance."", ""paper_id"": ""10.3390/vetsci11120653"", ""extraction_source"": ""auto"", ""prompt_version"": ""v2.0-126corpus"", ""confidence"": 0.7}"
R0056,Asparagopsis armata,INHIBITS,methane yield,decrease,38%,467 mg bromoform/d,in_vivo,['Unknown/unclear mechanism'],Inferred,modified sulphur hexafluoride (SF6) tracer technique,High,linear decrease in methane production (MeP; g CH4/d) with increased bromoform concentration; reductions up to 38% in MeP,10.1016/j.anifeedsci.2024.115932,auto,v2.0-126corpus,0.9,"{""source"": ""Asparagopsis armata"", ""target"": ""methane yield"", ""edge_type"": ""INHIBITS"", ""effect_direction"": ""decrease"", ""effect_size"": ""38%"", ""dose"": ""467 mg bromoform/d"", ""experimental_system"": ""in_vivo"", ""mechanism_class"": [""Unknown/unclear mechanism""], ""direct_or_inferred"": ""Inferred"", ""evidence_method"": ""modified sulphur hexafluoride (SF6) tracer technique"", ""evidence_quality"": ""High"", ""supporting_quote"": ""linear decrease in methane production (MeP; g CH4/d) with increased bromoform concentration; reductions up to 38% in MeP"", ""paper_id"": ""10.1016/j.anifeedsci.2024.115932"", ""extraction_source"": ""auto"", ""prompt_version"": ""v2.0-126corpus"", ""confidence"": 0.9}"
R0056,bromoform,INHIBITS,methane yield,decrease,38%,467 mg bromoform/d,in_vivo,['Unknown/unclear mechanism'],Inferred,modified sulphur hexafluoride (SF6) tracer technique,High,linear decrease in methane production (MeP; g CH4/d) with increased bromoform concentration; reductions up to 38% in MeP,10.1016/j.anifeedsci.2024.115932,auto,v2.0-126corpus,0.9,"{""source"": ""bromoform"", ""target"": ""methane yield"", ""edge_type"": ""INHIBITS"", ""effect_direction"": ""decrease"", ""effect_size"": ""38%"", ""dose"": ""467 mg bromoform/d"", ""experimental_system"": ""in_vivo"", ""mechanism_class"": [""Unknown/unclear mechanism""], ""direct_or_inferred"": ""Inferred"", ""evidence_method"": ""modified sulphur hexafluoride (SF6) tracer technique"", ""evidence_quality"": ""High"", ""supporting_quote"": ""linear decrease in methane production (MeP; g CH4/d) with increased bromoform concentration; reductions up to 38% in MeP"", ""paper_id"": ""10.1016/j.anifeedsci.2024.115932"", ""extraction_source"": ""auto"", ""prompt_version"": ""v2.0-126corpus"", ""confidence"": 0.9}"
R0056,Asparagopsis armata,INHIBITS,methane yield,decrease,Not stated,467 mg bromoform/d,in_vivo,['Unknown/unclear mechanism'],Inferred,modified sulphur hexafluoride (SF6) tracer technique,High,linear decrease in methane yield (MeY; g CH4/kg DMI) with increased bromoform concentration,10.1016/j.anifeedsci.2024.115932,auto,v2.0-126corpus,0.9,"{""source"": ""Asparagopsis armata"", ""target"": ""methane yield"", ""edge_type"": ""INHIBITS"", ""effect_direction"": ""decrease"", ""effect_size"": ""Not stated"", ""dose"": ""467 mg bromoform/d"", ""experimental_system"": ""in_vivo"", ""mechanism_class"": [""Unknown/unclear mechanism""], ""direct_or_inferred"": ""Inferred"", ""evidence_method"": ""modified sulphur hexafluoride (SF6) tracer technique"", ""evidence_quality"": ""High"", ""supporting_quote"": ""linear decrease in methane yield (MeY; g CH4/kg DMI) with increased bromoform concentration"", ""paper_id"": ""10.1016/j.anifeedsci.2024.115932"", ""extraction_source"": ""auto"", ""prompt_version"": ""v2.0-126corpus"", ""confidence"": 0.9}"
R0056,Asparagopsis armata,INHIBITS,methane intensity,decrease,Not stated,467 mg bromoform/d,in_vivo,['Unknown/unclear mechanism'],Inferred,modified sulphur hexafluoride (SF6) tracer technique,High,linear decrease in methane intensity (MeI; g CH4/kg energy corrected milk) with increased bromoform concentration,10.1016/j.anifeedsci.2024.115932,auto,v2.0-126corpus,0.9,"{""source"": ""Asparagopsis armata"", ""target"": ""methane intensity"", ""edge_type"": ""INHIBITS"", ""effect_direction"": ""decrease"", ""effect_size"": ""Not stated"", ""dose"": ""467 mg bromoform/d"", ""experimental_system"": ""in_vivo"", ""mechanism_class"": [""Unknown/unclear mechanism""], ""direct_or_inferred"": ""Inferred"", ""evidence_method"": ""modified sulphur hexafluoride (SF6) tracer technique"", ""evidence_quality"": ""High"", ""supporting_quote"": ""linear decrease in methane intensity (MeI; g CH4/kg energy corrected milk) with increased bromoform concentration"", ""paper_id"": ""10.1016/j.anifeedsci.2024.115932"", ""extraction_source"": ""auto"", ""prompt_version"": ""v2.0-126corpus"", ""confidence"": 0.9}"
R0057,SeaFeed,INHIBITS,methane yield,decrease,51.7%,25 mg bromoform per kg DMI,in_vivo,['Unknown/unclear mechanism'],Inferred,Not stated,Medium,Steers fed SeaFeed produced 51.7% less (P<0.01) methane,10.1093/tas/txae116,auto,v2.0-126corpus,0.85,"{""source"": ""SeaFeed"", ""target"": ""methane yield"", ""edge_type"": ""INHIBITS"", ""effect_direction"": ""decrease"", ""effect_size"": ""51.7%"", ""dose"": ""25 mg bromoform per kg DMI"", ""experimental_system"": ""in_vivo"", ""mechanism_class"": [""Unknown/unclear mechanism""], ""direct_or_inferred"": ""Inferred"", ""evidence_method"": ""Not stated"", ""evidence_quality"": ""Medium"", ""supporting_quote"": ""Steers fed SeaFeed produced 51.7% less (P<0.01) methane"", ""paper_id"": ""10.1093/tas/txae116"", ""extraction_source"": ""auto"", ""prompt_version"": ""v2.0-126corpus"", ""confidence"": 0.85}"
R0057,SeaFeed,INHIBITS,methane intensity,decrease,55.4%,25 mg bromoform per kg DMI,in_vivo,['Unknown/unclear mechanism'],Inferred,Not stated,Medium,SeaFeed reduced methane intensity by 55.4% over the 200-d feeding period,10.1093/tas/txae116,auto,v2.0-126corpus,0.85,"{""source"": ""SeaFeed"", ""target"": ""methane intensity"", ""edge_type"": ""INHIBITS"", ""effect_direction"": ""decrease"", ""effect_size"": ""55.4%"", ""dose"": ""25 mg bromoform per kg DMI"", ""experimental_system"": ""in_vivo"", ""mechanism_class"": [""Unknown/unclear mechanism""], ""direct_or_inferred"": ""Inferred"", ""evidence_method"": ""Not stated"", ""evidence_quality"": ""Medium"", ""supporting_quote"": ""SeaFeed reduced methane intensity by 55.4% over the 200-d feeding period"", ""paper_id"": ""10.1093/tas/txae116"", ""extraction_source"": ""auto"", ""prompt_version"": ""v2.0-126corpus"", ""confidence"": 0.85}"
R0057,SeaFeed,PROMOTES,gain-to-feed ratio,increase,6.6%,25 mg bromoform per kg DMI,in_vivo,['Unknown/unclear mechanism'],Inferred,Not stated,Medium,steers fed SeaFeed were more efficient with a 6.6% higher (P<0.01) gain-to-feed ratio,10.1093/tas/txae116,auto,v2.0-126corpus,0.85,"{""source"": ""SeaFeed"", ""target"": ""gain-to-feed ratio"", ""edge_type"": ""PROMOTES"", ""effect_direction"": ""increase"", ""effect_size"": ""6.6%"", ""dose"": ""25 mg bromoform per kg DMI"", ""experimental_system"": ""in_vivo"", ""mechanism_class"": [""Unknown/unclear mechanism""], ""direct_or_inferred"": ""Inferred"", ""evidence_method"": ""Not stated"", ""evidence_quality"": ""Medium"", ""supporting_quote"": ""steers fed SeaFeed were more efficient with a 6.6% higher (P<0.01) gain-to-feed ratio"", ""paper_id"": ""10.1093/tas/txae116"", ""extraction_source"": ""auto"", ""prompt_version"": ""v2.0-126corpus"", ""confidence"": 0.85}"
R0057,SeaFeed,PROMOTES,average daily gain,increase,0.094 kg,25 mg bromoform per kg DMI,in_vivo,['Unknown/unclear mechanism'],Inferred,Not stated,Medium,0.094 kg higher (P<0.01) average daily gain,10.1093/tas/txae116,auto,v2.0-126corpus,0.85,"{""source"": ""SeaFeed"", ""target"": ""average daily gain"", ""edge_type"": ""PROMOTES"", ""effect_direction"": ""increase"", ""effect_size"": ""0.094 kg"", ""dose"": ""25 mg bromoform per kg DMI"", ""experimental_system"": ""in_vivo"", ""mechanism_class"": [""Unknown/unclear mechanism""], ""direct_or_inferred"": ""Inferred"", ""evidence_method"": ""Not stated"", ""evidence_quality"": ""Medium"", ""supporting_quote"": ""0.094 kg higher (P<0.01) average daily gain"", ""paper_id"": ""10.1093/tas/txae116"", ""extraction_source"": ""auto"", ""prompt_version"": ""v2.0-126corpus"", ""confidence"": 0.85}"
R0057,SeaFeed,PROMOTES,live exit weight,increase,19.7 kg,25 mg bromoform per kg DMI,in_vivo,['Unknown/unclear mechanism'],Inferred,Not stated,Medium,19.7 kg higher (P<0.01) live exit weight,10.1093/tas/txae116,auto,v2.0-126corpus,0.85,"{""source"": ""SeaFeed"", ""target"": ""live exit weight"", ""edge_type"": ""PROMOTES"", ""effect_direction"": ""increase"", ""effect_size"": ""19.7 kg"", ""dose"": ""25 mg bromoform per kg DMI"", ""experimental_system"": ""in_vivo"", ""mechanism_class"": [""Unknown/unclear mechanism""], ""direct_or_inferred"": ""Inferred"", ""evidence_method"": ""Not stated"", ""evidence_quality"": ""Medium"", ""supporting_quote"": ""19.7 kg higher (P<0.01) live exit weight"", ""paper_id"": ""10.1093/tas/txae116"", ""extraction_source"": ""auto"", ""prompt_version"": ""v2.0-126corpus"", ""confidence"": 0.85}"
R0059,Asparagopsis taxiformis,INHIBITS,daily CH4 emission,decrease,30%,0.50% and 0.75% DM,in_vivo,['Unknown/unclear mechanism'],Inferred,GreenFeed,High,Daily CH4 emission decreased up to 30% with increasing AT dose.,10.3168/jds.2025-27377,auto,v2.0-126corpus,0.85,"{""source"": ""Asparagopsis taxiformis"", ""target"": ""daily CH4 emission"", ""edge_type"": ""INHIBITS"", ""effect_direction"": ""decrease"", ""effect_size"": ""30%"", ""dose"": ""0.50% and 0.75% DM"", ""experimental_system"": ""in_vivo"", ""mechanism_class"": [""Unknown/unclear mechanism""], ""direct_or_inferred"": ""Inferred"", ""evidence_method"": ""GreenFeed"", ""evidence_quality"": ""High"", ""supporting_quote"": ""Daily CH4 emission decreased up to 30% with increasing AT dose."", ""paper_id"": ""10.3168/jds.2025-27377"", ""extraction_source"": ""auto"", ""prompt_version"": ""v2.0-126corpus"", ""confidence"": 0.85}"
R0059,Asparagopsis taxiformis,MODULATES,CH4 yield,no_change,Not stated,0.50% and 0.75% DM,in_vivo,['Unknown/unclear mechanism'],Inferred,GreenFeed,High,resulting in no effect on CH4 yield (g CH4/kg DMI).,10.3168/jds.2025-27377,auto,v2.0-126corpus,0.85,"{""source"": ""Asparagopsis taxiformis"", ""target"": ""CH4 yield"", ""edge_type"": ""MODULATES"", ""effect_direction"": ""no_change"", ""effect_size"": ""Not stated"", ""dose"": ""0.50% and 0.75% DM"", ""experimental_system"": ""in_vivo"", ""mechanism_class"": [""Unknown/unclear mechanism""], ""direct_or_inferred"": ""Inferred"", ""evidence_method"": ""GreenFeed"", ""evidence_quality"": ""High"", ""supporting_quote"": ""resulting in no effect on CH4 yield (g CH4/kg DMI)."", ""paper_id"": ""10.3168/jds.2025-27377"", ""extraction_source"": ""auto"", ""prompt_version"": ""v2.0-126corpus"", ""confidence"": 0.85}"
R0059,Asparagopsis taxiformis,INHIBITS,CH4 intensity,decrease,18%,0.50% and 0.75% DM,in_vivo,['Unknown/unclear mechanism'],Inferred,GreenFeed,High,Methane intensity (g CH4/kg of ECM) decreased by AT up to 18%.,10.3168/jds.2025-27377,auto,v2.0-126corpus,0.85,"{""source"": ""Asparagopsis taxiformis"", ""target"": ""CH4 intensity"", ""edge_type"": ""INHIBITS"", ""effect_direction"": ""decrease"", ""effect_size"": ""18%"", ""dose"": ""0.50% and 0.75% DM"", ""experimental_system"": ""in_vivo"", ""mechanism_class"": [""Unknown/unclear mechanism""], ""direct_or_inferred"": ""Inferred"", ""evidence_method"": ""GreenFeed"", ""evidence_quality"": ""High"", ""supporting_quote"": ""Methane intensity (g CH4/kg of ECM) decreased by AT up to 18%."", ""paper_id"": ""10.3168/jds.2025-27377"", ""extraction_source"": ""auto"", ""prompt_version"": ""v2.0-126corpus"", ""confidence"": 0.85}"
R0059,Asparagopsis taxiformis,INHIBITS,dry matter intake,decrease,22%,0.50% and 0.75% DM,in_vivo,['Unknown/unclear mechanism'],Inferred,Not stated,High,Inclusion of AT also decreased DMI by up to 22%,10.3168/jds.2025-27377,auto,v2.0-126corpus,0.85,"{""source"": ""Asparagopsis taxiformis"", ""target"": ""dry matter intake"", ""edge_type"": ""INHIBITS"", ""effect_direction"": ""decrease"", ""effect_size"": ""22%"", ""dose"": ""0.50% and 0.75% DM"", ""experimental_system"": ""in_vivo"", ""mechanism_class"": [""Unknown/unclear mechanism""], ""direct_or_inferred"": ""Inferred"", ""evidence_method"": ""Not stated"", ""evidence_quality"": ""High"", ""supporting_quote"": ""Inclusion of AT also decreased DMI by up to 22%"", ""paper_id"": ""10.3168/jds.2025-27377"", ""extraction_source"": ""auto"", ""prompt_version"": ""v2.0-126corpus"", ""confidence"": 0.85}"
R0059,Asparagopsis taxiformis,INHIBITS,milk production,decrease,14% ECM decrease,0.50% and 0.75% DM,in_vivo,['Unknown/unclear mechanism'],Inferred,Not stated,High,resulting in a decrease in ECM of up to 14%.,10.3168/jds.2025-27377,auto,v2.0-126corpus,0.85,"{""source"": ""Asparagopsis taxiformis"", ""target"": ""milk production"", ""edge_type"": ""INHIBITS"", ""effect_direction"": ""decrease"", ""effect_size"": ""14% ECM decrease"", ""dose"": ""0.50% and 0.75% DM"", ""experimental_system"": ""in_vivo"", ""mechanism_class"": [""Unknown/unclear mechanism""], ""direct_or_inferred"": ""Inferred"", ""evidence_method"": ""Not stated"", ""evidence_quality"": ""High"", ""supporting_quote"": ""resulting in a decrease in ECM of up to 14%."", ""paper_id"": ""10.3168/jds.2025-27377"", ""extraction_source"": ""auto"", ""prompt_version"": ""v2.0-126corpus"", ""confidence"": 0.85}"
R0060,Asparagopsis armata,INHIBITS,methane yield,decrease,0.39 g per mg bromoform,"0, 2, 4 or 6 g/day",in_vivo,['Hydrogen sink redistribution'],Inferred,respiration chamber,High,highly significant effects of A. armata on methane emissions (−0.39 g per mg bromoform) and ruminal short chain fatty acids,10.1080/00288233.2024.2445811,auto,v2.0-126corpus,0.9,"{""source"": ""Asparagopsis armata"", ""target"": ""methane yield"", ""edge_type"": ""INHIBITS"", ""effect_direction"": ""decrease"", ""effect_size"": ""0.39 g per mg bromoform"", ""dose"": ""0, 2, 4 or 6 g/day"", ""experimental_system"": ""in_vivo"", ""mechanism_class"": [""Hydrogen sink redistribution""], ""direct_or_inferred"": ""Inferred"", ""evidence_method"": ""respiration chamber"", ""evidence_quality"": ""High"", ""supporting_quote"": ""highly significant effects of A. armata on methane emissions (−0.39 g per mg bromoform) and ruminal short chain fatty acids"", ""paper_id"": ""10.1080/00288233.2024.2445811"", ""extraction_source"": ""auto"", ""prompt_version"": ""v2.0-126corpus"", ""confidence"": 0.9}"
R0060,Asparagopsis armata,PROMOTES,hydrogen emissions,increase,Not stated,high levels,in_vivo,['Hydrogen sink redistribution'],Direct,respiration chamber,High,significant effects on hydrogen emissions at high levels of A. armata,10.1080/00288233.2024.2445811,auto,v2.0-126corpus,0.85,"{""source"": ""Asparagopsis armata"", ""target"": ""hydrogen emissions"", ""edge_type"": ""PROMOTES"", ""effect_direction"": ""increase"", ""effect_size"": ""Not stated"", ""dose"": ""high levels"", ""experimental_system"": ""in_vivo"", ""mechanism_class"": [""Hydrogen sink redistribution""], ""direct_or_inferred"": ""Direct"", ""evidence_method"": ""respiration chamber"", ""evidence_quality"": ""High"", ""supporting_quote"": ""significant effects on hydrogen emissions at high levels of A. armata"", ""paper_id"": ""10.1080/00288233.2024.2445811"", ""extraction_source"": ""auto"", ""prompt_version"": ""v2.0-126corpus"", ""confidence"": 0.85}"
R0060,Asparagopsis armata,MODULATES,Acetate/Propionate ratio,decrease,Not stated,"0, 2, 4 or 6 g/day",in_vivo,['Fermentation pathway modulation'],Inferred,respiration chamber,High,regression of Methane Yield on the Acetate/Propionate ratio,10.1080/00288233.2024.2445811,auto,v2.0-126corpus,0.8,"{""source"": ""Asparagopsis armata"", ""target"": ""Acetate/Propionate ratio"", ""edge_type"": ""MODULATES"", ""effect_direction"": ""decrease"", ""effect_size"": ""Not stated"", ""dose"": ""0, 2, 4 or 6 g/day"", ""experimental_system"": ""in_vivo"", ""mechanism_class"": [""Fermentation pathway modulation""], ""direct_or_inferred"": ""Inferred"", ""evidence_method"": ""respiration chamber"", ""evidence_quality"": ""High"", ""supporting_quote"": ""regression of Methane Yield on the Acetate/Propionate ratio"", ""paper_id"": ""10.1080/00288233.2024.2445811"", ""extraction_source"": ""auto"", ""prompt_version"": ""v2.0-126corpus"", ""confidence"": 0.8}"
R0060,Mootral,INHIBITS,methane yield,no_change,Not stated,4 g/day,in_vivo,['Unknown/unclear mechanism'],Not stated,respiration chamber,High,There was no effect of Mootral™ in Phase 2 or 3,10.1080/00288233.2024.2445811,auto,v2.0-126corpus,0.9,"{""source"": ""Mootral"", ""target"": ""methane yield"", ""edge_type"": ""INHIBITS"", ""effect_direction"": ""no_change"", ""effect_size"": ""Not stated"", ""dose"": ""4 g/day"", ""experimental_system"": ""in_vivo"", ""mechanism_class"": [""Unknown/unclear mechanism""], ""direct_or_inferred"": ""Not stated"", ""evidence_method"": ""respiration chamber"", ""evidence_quality"": ""High"", ""supporting_quote"": ""There was no effect of Mootral™ in Phase 2 or 3"", ""paper_id"": ""10.1080/00288233.2024.2445811"", ""extraction_source"": ""auto"", ""prompt_version"": ""v2.0-126corpus"", ""confidence"": 0.9}"
R0061,Bonnemaisonia hamifera,INHIBITS,methane yield,decrease,13.3%,1% DM,in_vivo,['Hydrogen sink redistribution'],Inferred,respiration chamber,High,Increasing inclusion levels of B. hamifera linearly decreased CH4 emissions with up to a 13.3% reduction in daily CH4 production,10.3168/jdsc.2024-0670,auto,v2.0-126corpus,0.85,"{""source"": ""Bonnemaisonia hamifera"", ""target"": ""methane yield"", ""edge_type"": ""INHIBITS"", ""effect_direction"": ""decrease"", ""effect_size"": ""13.3%"", ""dose"": ""1% DM"", ""experimental_system"": ""in_vivo"", ""mechanism_class"": [""Hydrogen sink redistribution""], ""direct_or_inferred"": ""Inferred"", ""evidence_method"": ""respiration chamber"", ""evidence_quality"": ""High"", ""supporting_quote"": ""Increasing inclusion levels of B. hamifera linearly decreased CH4 emissions with up to a 13.3% reduction in daily CH4 production"", ""paper_id"": ""10.3168/jdsc.2024-0670"", ""extraction_source"": ""auto"", ""prompt_version"": ""v2.0-126corpus"", ""confidence"": 0.85}"
R0061,Bonnemaisonia hamifera,INHIBITS,methane yield,decrease,15.7%,1% DM,in_vivo,['Hydrogen sink redistribution'],Inferred,respiration chamber,High,15.7% reduction in CH4 yield (g/kg DMI),10.3168/jdsc.2024-0670,auto,v2.0-126corpus,0.85,"{""source"": ""Bonnemaisonia hamifera"", ""target"": ""methane yield"", ""edge_type"": ""INHIBITS"", ""effect_direction"": ""decrease"", ""effect_size"": ""15.7%"", ""dose"": ""1% DM"", ""experimental_system"": ""in_vivo"", ""mechanism_class"": [""Hydrogen sink redistribution""], ""direct_or_inferred"": ""Inferred"", ""evidence_method"": ""respiration chamber"", ""evidence_quality"": ""High"", ""supporting_quote"": ""15.7% reduction in CH4 yield (g/kg DMI)"", ""paper_id"": ""10.3168/jdsc.2024-0670"", ""extraction_source"": ""auto"", ""prompt_version"": ""v2.0-126corpus"", ""confidence"": 0.85}"
R0061,Bonnemaisonia hamifera,INHIBITS,methane intensity,decrease,16.4%,1% DM,in_vivo,['Hydrogen sink redistribution'],Inferred,respiration chamber,High,16.4% reduction in CH4 intensity (g/kg ECM),10.3168/jdsc.2024-0670,auto,v2.0-126corpus,0.85,"{""source"": ""Bonnemaisonia hamifera"", ""target"": ""methane intensity"", ""edge_type"": ""INHIBITS"", ""effect_direction"": ""decrease"", ""effect_size"": ""16.4%"", ""dose"": ""1% DM"", ""experimental_system"": ""in_vivo"", ""mechanism_class"": [""Hydrogen sink redistribution""], ""direct_or_inferred"": ""Inferred"", ""evidence_method"": ""respiration chamber"", ""evidence_quality"": ""High"", ""supporting_quote"": ""16.4% reduction in CH4 intensity (g/kg ECM)"", ""paper_id"": ""10.3168/jdsc.2024-0670"", ""extraction_source"": ""auto"", ""prompt_version"": ""v2.0-126corpus"", ""confidence"": 0.85}"
R0061,Bonnemaisonia hamifera,PROMOTES,hydrogen production,increase,Not stated,1% DM,in_vivo,['Hydrogen sink redistribution'],Inferred,respiration chamber,High,linear increases were observed in daily H2 production (g/d),10.3168/jdsc.2024-0670,auto,v2.0-126corpus,0.85,"{""source"": ""Bonnemaisonia hamifera"", ""target"": ""hydrogen production"", ""edge_type"": ""PROMOTES"", ""effect_direction"": ""increase"", ""effect_size"": ""Not stated"", ""dose"": ""1% DM"", ""experimental_system"": ""in_vivo"", ""mechanism_class"": [""Hydrogen sink redistribution""], ""direct_or_inferred"": ""Inferred"", ""evidence_method"": ""respiration chamber"", ""evidence_quality"": ""High"", ""supporting_quote"": ""linear increases were observed in daily H2 production (g/d)"", ""paper_id"": ""10.3168/jdsc.2024-0670"", ""extraction_source"": ""auto"", ""prompt_version"": ""v2.0-126corpus"", ""confidence"": 0.85}"
R0061,Bonnemaisonia hamifera,PROMOTES,hydrogen yield,increase,Not stated,1% DM,in_vivo,['Hydrogen sink redistribution'],Inferred,respiration chamber,High,linear increases were observed in H2 yield (g/kg DMI),10.3168/jdsc.2024-0670,auto,v2.0-126corpus,0.85,"{""source"": ""Bonnemaisonia hamifera"", ""target"": ""hydrogen yield"", ""edge_type"": ""PROMOTES"", ""effect_direction"": ""increase"", ""effect_size"": ""Not stated"", ""dose"": ""1% DM"", ""experimental_system"": ""in_vivo"", ""mechanism_class"": [""Hydrogen sink redistribution""], ""direct_or_inferred"": ""Inferred"", ""evidence_method"": ""respiration chamber"", ""evidence_quality"": ""High"", ""supporting_quote"": ""linear increases were observed in H2 yield (g/kg DMI)"", ""paper_id"": ""10.3168/jdsc.2024-0670"", ""extraction_source"": ""auto"", ""prompt_version"": ""v2.0-126corpus"", ""confidence"": 0.85}"
R0061,Bonnemaisonia hamifera,PROMOTES,hydrogen intensity,increase,Not stated,1% DM,in_vivo,['Hydrogen sink redistribution'],Inferred,respiration chamber,High,linear increases were observed in H2 intensity (g/kg ECM),10.3168/jdsc.2024-0670,auto,v2.0-126corpus,0.85,"{""source"": ""Bonnemaisonia hamifera"", ""target"": ""hydrogen intensity"", ""edge_type"": ""PROMOTES"", ""effect_direction"": ""increase"", ""effect_size"": ""Not stated"", ""dose"": ""1% DM"", ""experimental_system"": ""in_vivo"", ""mechanism_class"": [""Hydrogen sink redistribution""], ""direct_or_inferred"": ""Inferred"", ""evidence_method"": ""respiration chamber"", ""evidence_quality"": ""High"", ""supporting_quote"": ""linear increases were observed in H2 intensity (g/kg ECM)"", ""paper_id"": ""10.3168/jdsc.2024-0670"", ""extraction_source"": ""auto"", ""prompt_version"": ""v2.0-126corpus"", ""confidence"": 0.85}"
R0062,Saccharina latissima,INHIBITS,Archaea,decrease,Not stated,Not specified,in_vitro,['Direct archaeal inhibition'],Direct,qPCR,Medium,significantly lower gene copies of Archaea 16S rRNA and methyl coenzyme-M reductase subunit A genes,10.1016/j.animal.2024.101274,auto,v2.0-126corpus,0.8,"{""source"": ""Saccharina latissima"", ""target"": ""Archaea"", ""edge_type"": ""INHIBITS"", ""effect_direction"": ""decrease"", ""effect_size"": ""Not stated"", ""dose"": ""Not specified"", ""experimental_system"": ""in_vitro"", ""mechanism_class"": [""Direct archaeal inhibition""], ""direct_or_inferred"": ""Direct"", ""evidence_method"": ""qPCR"", ""evidence_quality"": ""Medium"", ""supporting_quote"": ""significantly lower gene copies of Archaea 16S rRNA and methyl coenzyme-M reductase subunit A genes"", ""paper_id"": ""10.1016/j.animal.2024.101274"", ""extraction_source"": ""auto"", ""prompt_version"": ""v2.0-126corpus"", ""confidence"": 0.8}"
R0062,Saccharina latissima,INHIBITS,methyl coenzyme-M reductase subunit A,decrease,Not stated,Not specified,in_vitro,['Direct archaeal inhibition'],Direct,qPCR,Medium,significantly lower gene copies of Archaea 16S rRNA and methyl coenzyme-M reductase subunit A genes,10.1016/j.animal.2024.101274,auto,v2.0-126corpus,0.8,"{""source"": ""Saccharina latissima"", ""target"": ""methyl coenzyme-M reductase subunit A"", ""edge_type"": ""INHIBITS"", ""effect_direction"": ""decrease"", ""effect_size"": ""Not stated"", ""dose"": ""Not specified"", ""experimental_system"": ""in_vitro"", ""mechanism_class"": [""Direct archaeal inhibition""], ""direct_or_inferred"": ""Direct"", ""evidence_method"": ""qPCR"", ""evidence_quality"": ""Medium"", ""supporting_quote"": ""significantly lower gene copies of Archaea 16S rRNA and methyl coenzyme-M reductase subunit A genes"", ""paper_id"": ""10.1016/j.animal.2024.101274"", ""extraction_source"": ""auto"", ""prompt_version"": ""v2.0-126corpus"", ""confidence"": 0.8}"
R0062,Saccharina latissima,PROMOTES,Prevotella,increase,79-93% relative abundance,Not specified,in_vitro,['Microbial community restructuring'],Direct,16S rRNA amplicon sequencing,High,dominant bacterial taxa when incubated with S. latissima belonged to the genus Prevotella (relative abundance: 79 – 93%),10.1016/j.animal.2024.101274,auto,v2.0-126corpus,0.9,"{""source"": ""Saccharina latissima"", ""target"": ""Prevotella"", ""edge_type"": ""PROMOTES"", ""effect_direction"": ""increase"", ""effect_size"": ""79-93% relative abundance"", ""dose"": ""Not specified"", ""experimental_system"": ""in_vitro"", ""mechanism_class"": [""Microbial community restructuring""], ""direct_or_inferred"": ""Direct"", ""evidence_method"": ""16S rRNA amplicon sequencing"", ""evidence_quality"": ""High"", ""supporting_quote"": ""dominant bacterial taxa when incubated with S. latissima belonged to the genus Prevotella (relative abundance: 79 – 93%)"", ""paper_id"": ""10.1016/j.animal.2024.101274"", ""extraction_source"": ""auto"", ""prompt_version"": ""v2.0-126corpus"", ""confidence"": 0.9}"
R0062,Saccharina latissima,PROMOTES,Fibrobacter succinogenes,increase,>2.5 Log2FoldChange higher,Not specified,in_vitro,['Microbial community restructuring'],Direct,16S rRNA amplicon sequencing,High,fibrolytic bacteria including Fibrobacter succinogenes and Ruminococcus flavefaciens were > 2.5 Log2FoldChange higher when incubating with S. latissima than with A. esculenta,10.1016/j.animal.2024.101274,auto,v2.0-126corpus,0.9,"{""source"": ""Saccharina latissima"", ""target"": ""Fibrobacter succinogenes"", ""edge_type"": ""PROMOTES"", ""effect_direction"": ""increase"", ""effect_size"": "">2.5 Log2FoldChange higher"", ""dose"": ""Not specified"", ""experimental_system"": ""in_vitro"", ""mechanism_class"": [""Microbial community restructuring""], ""direct_or_inferred"": ""Direct"", ""evidence_method"": ""16S rRNA amplicon sequencing"", ""evidence_quality"": ""High"", ""supporting_quote"": ""fibrolytic bacteria including Fibrobacter succinogenes and Ruminococcus flavefaciens were > 2.5 Log2FoldChange higher when incubating with S. latissima than with A. esculenta"", ""paper_id"": ""10.1016/j.animal.2024.101274"", ""extraction_source"": ""auto"", ""prompt_version"": ""v2.0-126corpus"", ""confidence"": 0.9}"
R0062,Saccharina latissima,PROMOTES,Ruminococcus flavefaciens,increase,>2.5 Log2FoldChange higher,Not specified,in_vitro,['Microbial community restructuring'],Direct,16S rRNA amplicon sequencing,High,fibrolytic bacteria including Fibrobacter succinogenes and Ruminococcus flavefaciens were > 2.5 Log2FoldChange higher when incubating with S. latissima than with A. esculenta,10.1016/j.animal.2024.101274,auto,v2.0-126corpus,0.9,"{""source"": ""Saccharina latissima"", ""target"": ""Ruminococcus flavefaciens"", ""edge_type"": ""PROMOTES"", ""effect_direction"": ""increase"", ""effect_size"": "">2.5 Log2FoldChange higher"", ""dose"": ""Not specified"", ""experimental_system"": ""in_vitro"", ""mechanism_class"": [""Microbial community restructuring""], ""direct_or_inferred"": ""Direct"", ""evidence_method"": ""16S rRNA amplicon sequencing"", ""evidence_quality"": ""High"", ""supporting_quote"": ""fibrolytic bacteria including Fibrobacter succinogenes and Ruminococcus flavefaciens were > 2.5 Log2FoldChange higher when incubating with S. latissima than with A. esculenta"", ""paper_id"": ""10.1016/j.animal.2024.101274"", ""extraction_source"": ""auto"", ""prompt_version"": ""v2.0-126corpus"", ""confidence"": 0.9}"
R0062,Alaria esculenta,INHIBITS,Archaea,decrease,Not stated,Not specified,in_vitro,['Direct archaeal inhibition'],Direct,qPCR,Medium,significantly lower gene copies of Archaea 16S rRNA and methyl coenzyme-M reductase subunit A genes,10.1016/j.animal.2024.101274,auto,v2.0-126corpus,0.8,"{""source"": ""Alaria esculenta"", ""target"": ""Archaea"", ""edge_type"": ""INHIBITS"", ""effect_direction"": ""decrease"", ""effect_size"": ""Not stated"", ""dose"": ""Not specified"", ""experimental_system"": ""in_vitro"", ""mechanism_class"": [""Direct archaeal inhibition""], ""direct_or_inferred"": ""Direct"", ""evidence_method"": ""qPCR"", ""evidence_quality"": ""Medium"", ""supporting_quote"": ""significantly lower gene copies of Archaea 16S rRNA and methyl coenzyme-M reductase subunit A genes"", ""paper_id"": ""10.1016/j.animal.2024.101274"", ""extraction_source"": ""auto"", ""prompt_version"": ""v2.0-126corpus"", ""confidence"": 0.8}"
R0062,Alaria esculenta,INHIBITS,methyl coenzyme-M reductase subunit A,decrease,Not stated,Not specified,in_vitro,['Direct archaeal inhibition'],Direct,qPCR,Medium,significantly lower gene copies of Archaea 16S rRNA and methyl coenzyme-M reductase subunit A genes,10.1016/j.animal.2024.101274,auto,v2.0-126corpus,0.8,"{""source"": ""Alaria esculenta"", ""target"": ""methyl coenzyme-M reductase subunit A"", ""edge_type"": ""INHIBITS"", ""effect_direction"": ""decrease"", ""effect_size"": ""Not stated"", ""dose"": ""Not specified"", ""experimental_system"": ""in_vitro"", ""mechanism_class"": [""Direct archaeal inhibition""], ""direct_or_inferred"": ""Direct"", ""evidence_method"": ""qPCR"", ""evidence_quality"": ""Medium"", ""supporting_quote"": ""significantly lower gene copies of Archaea 16S rRNA and methyl coenzyme-M reductase subunit A genes"", ""paper_id"": ""10.1016/j.animal.2024.101274"", ""extraction_source"": ""auto"", ""prompt_version"": ""v2.0-126corpus"", ""confidence"": 0.8}"
R0063,Fucus vesiculosus,INHIBITS,methane yield,decrease,62.6%,20% DM,in_vitro,"['Microbial community restructuring', 'Fermentation pathway modulation']",Direct,in vitro gas production,High,"autumn-harvested samples of those two macroalgae decreased the CH4 production by 62.6% and 48.2%, respectively, and reduced rumen methanogenic archaea",10.1016/j.jclepro.2022.132456,auto,v2.0-126corpus,0.9,"{""source"": ""Fucus vesiculosus"", ""target"": ""methane yield"", ""edge_type"": ""INHIBITS"", ""effect_direction"": ""decrease"", ""effect_size"": ""62.6%"", ""dose"": ""20% DM"", ""experimental_system"": ""in_vitro"", ""mechanism_class"": [""Microbial community restructuring"", ""Fermentation pathway modulation""], ""direct_or_inferred"": ""Direct"", ""evidence_method"": ""in vitro gas production"", ""evidence_quality"": ""High"", ""supporting_quote"": ""autumn-harvested samples of those two macroalgae decreased the CH4 production by 62.6% and 48.2%, respectively, and reduced rumen methanogenic archaea"", ""paper_id"": ""10.1016/j.jclepro.2022.132456"", ""extraction_source"": ""auto"", ""prompt_version"": ""v2.0-126corpus"", ""confidence"": 0.9}"
R0063,Ascophyllum nodosum,INHIBITS,methane yield,decrease,48.2%,20% DM,in_vitro,"['Microbial community restructuring', 'Fermentation pathway modulation']",Direct,in vitro gas production,High,"autumn-harvested samples of those two macroalgae decreased the CH4 production by 62.6% and 48.2%, respectively, and reduced rumen methanogenic archaea",10.1016/j.jclepro.2022.132456,auto,v2.0-126corpus,0.9,"{""source"": ""Ascophyllum nodosum"", ""target"": ""methane yield"", ""edge_type"": ""INHIBITS"", ""effect_direction"": ""decrease"", ""effect_size"": ""48.2%"", ""dose"": ""20% DM"", ""experimental_system"": ""in_vitro"", ""mechanism_class"": [""Microbial community restructuring"", ""Fermentation pathway modulation""], ""direct_or_inferred"": ""Direct"", ""evidence_method"": ""in vitro gas production"", ""evidence_quality"": ""High"", ""supporting_quote"": ""autumn-harvested samples of those two macroalgae decreased the CH4 production by 62.6% and 48.2%, respectively, and reduced rumen methanogenic archaea"", ""paper_id"": ""10.1016/j.jclepro.2022.132456"", ""extraction_source"": ""auto"", ""prompt_version"": ""v2.0-126corpus"", ""confidence"": 0.9}"
R0063,Fucus vesiculosus,INHIBITS,Methanobrevibacter spp.,decrease,Not stated,20% DM,in_vitro,['Microbial community restructuring'],Direct,Not stated,Medium,"reduced rumen methanogenic archaea (e.g., Methanobrevibacter spp.)",10.1016/j.jclepro.2022.132456,auto,v2.0-126corpus,0.8,"{""source"": ""Fucus vesiculosus"", ""target"": ""Methanobrevibacter spp."", ""edge_type"": ""INHIBITS"", ""effect_direction"": ""decrease"", ""effect_size"": ""Not stated"", ""dose"": ""20% DM"", ""experimental_system"": ""in_vitro"", ""mechanism_class"": [""Microbial community restructuring""], ""direct_or_inferred"": ""Direct"", ""evidence_method"": ""Not stated"", ""evidence_quality"": ""Medium"", ""supporting_quote"": ""reduced rumen methanogenic archaea (e.g., Methanobrevibacter spp.)"", ""paper_id"": ""10.1016/j.jclepro.2022.132456"", ""extraction_source"": ""auto"", ""prompt_version"": ""v2.0-126corpus"", ""confidence"": 0.8}"
R0063,Ascophyllum nodosum,INHIBITS,Methanobrevibacter spp.,decrease,Not stated,20% DM,in_vitro,['Microbial community restructuring'],Direct,Not stated,Medium,"reduced rumen methanogenic archaea (e.g., Methanobrevibacter spp.)",10.1016/j.jclepro.2022.132456,auto,v2.0-126corpus,0.8,"{""source"": ""Ascophyllum nodosum"", ""target"": ""Methanobrevibacter spp."", ""edge_type"": ""INHIBITS"", ""effect_direction"": ""decrease"", ""effect_size"": ""Not stated"", ""dose"": ""20% DM"", ""experimental_system"": ""in_vitro"", ""mechanism_class"": [""Microbial community restructuring""], ""direct_or_inferred"": ""Direct"", ""evidence_method"": ""Not stated"", ""evidence_quality"": ""Medium"", ""supporting_quote"": ""reduced rumen methanogenic archaea (e.g., Methanobrevibacter spp.)"", ""paper_id"": ""10.1016/j.jclepro.2022.132456"", ""extraction_source"": ""auto"", ""prompt_version"": ""v2.0-126corpus"", ""confidence"": 0.8}"
R0063,Fucus vesiculosus,INHIBITS,Ruminococcus spp.,decrease,Not stated,20% DM,in_vitro,['Microbial community restructuring'],Direct,Not stated,Medium,"suppression of cellulolytic bacteria (Ruminococcus spp., Lachnospiraceae spp., Rikenellaceae RC9 gut group)",10.1016/j.jclepro.2022.132456,auto,v2.0-126corpus,0.8,"{""source"": ""Fucus vesiculosus"", ""target"": ""Ruminococcus spp."", ""edge_type"": ""INHIBITS"", ""effect_direction"": ""decrease"", ""effect_size"": ""Not stated"", ""dose"": ""20% DM"", ""experimental_system"": ""in_vitro"", ""mechanism_class"": [""Microbial community restructuring""], ""direct_or_inferred"": ""Direct"", ""evidence_method"": ""Not stated"", ""evidence_quality"": ""Medium"", ""supporting_quote"": ""suppression of cellulolytic bacteria (Ruminococcus spp., Lachnospiraceae spp., Rikenellaceae RC9 gut group)"", ""paper_id"": ""10.1016/j.jclepro.2022.132456"", ""extraction_source"": ""auto"", ""prompt_version"": ""v2.0-126corpus"", ""confidence"": 0.8}"
R0063,Ascophyllum nodosum,INHIBITS,Ruminococcus spp.,decrease,Not stated,20% DM,in_vitro,['Microbial community restructuring'],Direct,Not stated,Medium,"suppression of cellulolytic bacteria (Ruminococcus spp., Lachnospiraceae spp., Rikenellaceae RC9 gut group)",10.1016/j.jclepro.2022.132456,auto,v2.0-126corpus,0.8,"{""source"": ""Ascophyllum nodosum"", ""target"": ""Ruminococcus spp."", ""edge_type"": ""INHIBITS"", ""effect_direction"": ""decrease"", ""effect_size"": ""Not stated"", ""dose"": ""20% DM"", ""experimental_system"": ""in_vitro"", ""mechanism_class"": [""Microbial community restructuring""], ""direct_or_inferred"": ""Direct"", ""evidence_method"": ""Not stated"", ""evidence_quality"": ""Medium"", ""supporting_quote"": ""suppression of cellulolytic bacteria (Ruminococcus spp., Lachnospiraceae spp., Rikenellaceae RC9 gut group)"", ""paper_id"": ""10.1016/j.jclepro.2022.132456"", ""extraction_source"": ""auto"", ""prompt_version"": ""v2.0-126corpus"", ""confidence"": 0.8}"
R0063,Fucus vesiculosus,INHIBITS,Lachnospiraceae spp.,decrease,Not stated,20% DM,in_vitro,['Microbial community restructuring'],Direct,Not stated,Medium,"suppression of cellulolytic bacteria (Ruminococcus spp., Lachnospiraceae spp., Rikenellaceae RC9 gut group)",10.1016/j.jclepro.2022.132456,auto,v2.0-126corpus,0.8,"{""source"": ""Fucus vesiculosus"", ""target"": ""Lachnospiraceae spp."", ""edge_type"": ""INHIBITS"", ""effect_direction"": ""decrease"", ""effect_size"": ""Not stated"", ""dose"": ""20% DM"", ""experimental_system"": ""in_vitro"", ""mechanism_class"": [""Microbial community restructuring""], ""direct_or_inferred"": ""Direct"", ""evidence_method"": ""Not stated"", ""evidence_quality"": ""Medium"", ""supporting_quote"": ""suppression of cellulolytic bacteria (Ruminococcus spp., Lachnospiraceae spp., Rikenellaceae RC9 gut group)"", ""paper_id"": ""10.1016/j.jclepro.2022.132456"", ""extraction_source"": ""auto"", ""prompt_version"": ""v2.0-126corpus"", ""confidence"": 0.8}"
R0063,Ascophyllum nodosum,INHIBITS,Lachnospiraceae spp.,decrease,Not stated,20% DM,in_vitro,['Microbial community restructuring'],Direct,Not stated,Medium,"suppression of cellulolytic bacteria (Ruminococcus spp., Lachnospiraceae spp., Rikenellaceae RC9 gut group)",10.1016/j.jclepro.2022.132456,auto,v2.0-126corpus,0.8,"{""source"": ""Ascophyllum nodosum"", ""target"": ""Lachnospiraceae spp."", ""edge_type"": ""INHIBITS"", ""effect_direction"": ""decrease"", ""effect_size"": ""Not stated"", ""dose"": ""20% DM"", ""experimental_system"": ""in_vitro"", ""mechanism_class"": [""Microbial community restructuring""], ""direct_or_inferred"": ""Direct"", ""evidence_method"": ""Not stated"", ""evidence_quality"": ""Medium"", ""supporting_quote"": ""suppression of cellulolytic bacteria (Ruminococcus spp., Lachnospiraceae spp., Rikenellaceae RC9 gut group)"", ""paper_id"": ""10.1016/j.jclepro.2022.132456"", ""extraction_source"": ""auto"", ""prompt_version"": ""v2.0-126corpus"", ""confidence"": 0.8}"
R0063,Fucus vesiculosus,INHIBITS,Rikenellaceae RC9 gut group,decrease,Not stated,20% DM,in_vitro,['Microbial community restructuring'],Direct,Not stated,Medium,"suppression of cellulolytic bacteria (Ruminococcus spp., Lachnospiraceae spp., Rikenellaceae RC9 gut group)",10.1016/j.jclepro.2022.132456,auto,v2.0-126corpus,0.8,"{""source"": ""Fucus vesiculosus"", ""target"": ""Rikenellaceae RC9 gut group"", ""edge_type"": ""INHIBITS"", ""effect_direction"": ""decrease"", ""effect_size"": ""Not stated"", ""dose"": ""20% DM"", ""experimental_system"": ""in_vitro"", ""mechanism_class"": [""Microbial community restructuring""], ""direct_or_inferred"": ""Direct"", ""evidence_method"": ""Not stated"", ""evidence_quality"": ""Medium"", ""supporting_quote"": ""suppression of cellulolytic bacteria (Ruminococcus spp., Lachnospiraceae spp., Rikenellaceae RC9 gut group)"", ""paper_id"": ""10.1016/j.jclepro.2022.132456"", ""extraction_source"": ""auto"", ""prompt_version"": ""v2.0-126corpus"", ""confidence"": 0.8}"
R0063,Ascophyllum nodosum,INHIBITS,Rikenellaceae RC9 gut group,decrease,Not stated,20% DM,in_vitro,['Microbial community restructuring'],Direct,Not stated,Medium,"suppression of cellulolytic bacteria (Ruminococcus spp., Lachnospiraceae spp., Rikenellaceae RC9 gut group)",10.1016/j.jclepro.2022.132456,auto,v2.0-126corpus,0.8,"{""source"": ""Ascophyllum nodosum"", ""target"": ""Rikenellaceae RC9 gut group"", ""edge_type"": ""INHIBITS"", ""effect_direction"": ""decrease"", ""effect_size"": ""Not stated"", ""dose"": ""20% DM"", ""experimental_system"": ""in_vitro"", ""mechanism_class"": [""Microbial community restructuring""], ""direct_or_inferred"": ""Direct"", ""evidence_method"": ""Not stated"", ""evidence_quality"": ""Medium"", ""supporting_quote"": ""suppression of cellulolytic bacteria (Ruminococcus spp., Lachnospiraceae spp., Rikenellaceae RC9 gut group)"", ""paper_id"": ""10.1016/j.jclepro.2022.132456"", ""extraction_source"": ""auto"", ""prompt_version"": ""v2.0-126corpus"", ""confidence"": 0.8}"
R0063,Fucus vesiculosus,INHIBITS,organic matter degradability,decrease,~25%,20% DM,in_vitro,['Fermentation pathway modulation'],Direct,in vitro gas production,High,caused a significant reduction in feed degradability (~25%),10.1016/j.jclepro.2022.132456,auto,v2.0-126corpus,0.9,"{""source"": ""Fucus vesiculosus"", ""target"": ""organic matter degradability"", ""edge_type"": ""INHIBITS"", ""effect_direction"": ""decrease"", ""effect_size"": ""~25%"", ""dose"": ""20% DM"", ""experimental_system"": ""in_vitro"", ""mechanism_class"": [""Fermentation pathway modulation""], ""direct_or_inferred"": ""Direct"", ""evidence_method"": ""in vitro gas production"", ""evidence_quality"": ""High"", ""supporting_quote"": ""caused a significant reduction in feed degradability (~25%)"", ""paper_id"": ""10.1016/j.jclepro.2022.132456"", ""extraction_source"": ""auto"", ""prompt_version"": ""v2.0-126corpus"", ""confidence"": 0.9}"
R0063,Ascophyllum nodosum,INHIBITS,organic matter degradability,decrease,~25%,20% DM,in_vitro,['Fermentation pathway modulation'],Direct,in vitro gas production,High,caused a significant reduction in feed degradability (~25%),10.1016/j.jclepro.2022.132456,auto,v2.0-126corpus,0.9,"{""source"": ""Ascophyllum nodosum"", ""target"": ""organic matter degradability"", ""edge_type"": ""INHIBITS"", ""effect_direction"": ""decrease"", ""effect_size"": ""~25%"", ""dose"": ""20% DM"", ""experimental_system"": ""in_vitro"", ""mechanism_class"": [""Fermentation pathway modulation""], ""direct_or_inferred"": ""Direct"", ""evidence_method"": ""in vitro gas production"", ""evidence_quality"": ""High"", ""supporting_quote"": ""caused a significant reduction in feed degradability (~25%)"", ""paper_id"": ""10.1016/j.jclepro.2022.132456"", ""extraction_source"": ""auto"", ""prompt_version"": ""v2.0-126corpus"", ""confidence"": 0.9}"
R0063,Fucus vesiculosus,INHIBITS,total volatile fatty acids,decrease,Not stated,20% DM,in_vitro,['Fermentation pathway modulation'],Direct,in vitro gas production,High,total volatile fatty acids (r = -0.78; P < 0.001) per gram of OM,10.1016/j.jclepro.2022.132456,auto,v2.0-126corpus,0.9,"{""source"": ""Fucus vesiculosus"", ""target"": ""total volatile fatty acids"", ""edge_type"": ""INHIBITS"", ""effect_direction"": ""decrease"", ""effect_size"": ""Not stated"", ""dose"": ""20% DM"", ""experimental_system"": ""in_vitro"", ""mechanism_class"": [""Fermentation pathway modulation""], ""direct_or_inferred"": ""Direct"", ""evidence_method"": ""in vitro gas production"", ""evidence_quality"": ""High"", ""supporting_quote"": ""total volatile fatty acids (r = -0.78; P < 0.001) per gram of OM"", ""paper_id"": ""10.1016/j.jclepro.2022.132456"", ""extraction_source"": ""auto"", ""prompt_version"": ""v2.0-126corpus"", ""confidence"": 0.9}"
R0063,Ascophyllum nodosum,INHIBITS,total volatile fatty acids,decrease,Not stated,20% DM,in_vitro,['Fermentation pathway modulation'],Direct,in vitro gas production,High,total volatile fatty acids (r = -0.78; P < 0.001) per gram of OM,10.1016/j.jclepro.2022.132456,auto,v2.0-126corpus,0.9,"{""source"": ""Ascophyllum nodosum"", ""target"": ""total volatile fatty acids"", ""edge_type"": ""INHIBITS"", ""effect_direction"": ""decrease"", ""effect_size"": ""Not stated"", ""dose"": ""20% DM"", ""experimental_system"": ""in_vitro"", ""mechanism_class"": [""Fermentation pathway modulation""], ""direct_or_inferred"": ""Direct"", ""evidence_method"": ""in vitro gas production"", ""evidence_quality"": ""High"", ""supporting_quote"": ""total volatile fatty acids (r = -0.78; P < 0.001) per gram of OM"", ""paper_id"": ""10.1016/j.jclepro.2022.132456"", ""extraction_source"": ""auto"", ""prompt_version"": ""v2.0-126corpus"", ""confidence"": 0.9}"
R0064,Asparagopsis armata,INHIBITS,methane yield,decrease,20%,"298 mg bromoform/day (liquid), 293 mg bromoform/day (pellet)",in_vivo,['Unknown/unclear mechanism'],Inferred,modified sulphur hexafluoride tracer technique,High,Methane production (g CH4/d) ... reduced by about 20 %,10.1016/j.anifeedsci.2024.115891,auto,v2.0-126corpus,0.85,"{""source"": ""Asparagopsis armata"", ""target"": ""methane yield"", ""edge_type"": ""INHIBITS"", ""effect_direction"": ""decrease"", ""effect_size"": ""20%"", ""dose"": ""298 mg bromoform/day (liquid), 293 mg bromoform/day (pellet)"", ""experimental_system"": ""in_vivo"", ""mechanism_class"": [""Unknown/unclear mechanism""], ""direct_or_inferred"": ""Inferred"", ""evidence_method"": ""modified sulphur hexafluoride tracer technique"", ""evidence_quality"": ""High"", ""supporting_quote"": ""Methane production (g CH4/d) ... reduced by about 20 %"", ""paper_id"": ""10.1016/j.anifeedsci.2024.115891"", ""extraction_source"": ""auto"", ""prompt_version"": ""v2.0-126corpus"", ""confidence"": 0.85}"
R0064,Asparagopsis armata,INHIBITS,methane yield,decrease,20%,"298 mg bromoform/day (liquid), 293 mg bromoform/day (pellet)",in_vivo,['Unknown/unclear mechanism'],Inferred,modified sulphur hexafluoride tracer technique,High,methane yield (g CH4/kg DMI) ... reduced by about 20 %,10.1016/j.anifeedsci.2024.115891,auto,v2.0-126corpus,0.85,"{""source"": ""Asparagopsis armata"", ""target"": ""methane yield"", ""edge_type"": ""INHIBITS"", ""effect_direction"": ""decrease"", ""effect_size"": ""20%"", ""dose"": ""298 mg bromoform/day (liquid), 293 mg bromoform/day (pellet)"", ""experimental_system"": ""in_vivo"", ""mechanism_class"": [""Unknown/unclear mechanism""], ""direct_or_inferred"": ""Inferred"", ""evidence_method"": ""modified sulphur hexafluoride tracer technique"", ""evidence_quality"": ""High"", ""supporting_quote"": ""methane yield (g CH4/kg DMI) ... reduced by about 20 %"", ""paper_id"": ""10.1016/j.anifeedsci.2024.115891"", ""extraction_source"": ""auto"", ""prompt_version"": ""v2.0-126corpus"", ""confidence"": 0.85}"
R0064,Asparagopsis armata,INHIBITS,methane intensity,decrease,20%,"298 mg bromoform/day (liquid), 293 mg bromoform/day (pellet)",in_vivo,['Unknown/unclear mechanism'],Inferred,modified sulphur hexafluoride tracer technique,High,methane intensity (g CH4/kg energy corrected milk) ... reduced by about 20 %,10.1016/j.anifeedsci.2024.115891,auto,v2.0-126corpus,0.85,"{""source"": ""Asparagopsis armata"", ""target"": ""methane intensity"", ""edge_type"": ""INHIBITS"", ""effect_direction"": ""decrease"", ""effect_size"": ""20%"", ""dose"": ""298 mg bromoform/day (liquid), 293 mg bromoform/day (pellet)"", ""experimental_system"": ""in_vivo"", ""mechanism_class"": [""Unknown/unclear mechanism""], ""direct_or_inferred"": ""Inferred"", ""evidence_method"": ""modified sulphur hexafluoride tracer technique"", ""evidence_quality"": ""High"", ""supporting_quote"": ""methane intensity (g CH4/kg energy corrected milk) ... reduced by about 20 %"", ""paper_id"": ""10.1016/j.anifeedsci.2024.115891"", ""extraction_source"": ""auto"", ""prompt_version"": ""v2.0-126corpus"", ""confidence"": 0.85}"
R0065,Asparagopsis taxiformis,INHIBITS,methane yield,decrease,55%,0.50% DM,in_vivo,"['Hydrogen sink redistribution', 'Fermentation pathway modulation']",Inferred,GreenFeed system,High,"HighAT decreased average daily CH4 emission and CH4 yield by 65% and 55%, respectively, in experimental periods 1 and 2",10.3168/jds.2020-19686,auto,v2.0-126corpus,0.9,"{""source"": ""Asparagopsis taxiformis"", ""target"": ""methane yield"", ""edge_type"": ""INHIBITS"", ""effect_direction"": ""decrease"", ""effect_size"": ""55%"", ""dose"": ""0.50% DM"", ""experimental_system"": ""in_vivo"", ""mechanism_class"": [""Hydrogen sink redistribution"", ""Fermentation pathway modulation""], ""direct_or_inferred"": ""Inferred"", ""evidence_method"": ""GreenFeed system"", ""evidence_quality"": ""High"", ""supporting_quote"": ""HighAT decreased average daily CH4 emission and CH4 yield by 65% and 55%, respectively, in experimental periods 1 and 2"", ""paper_id"": ""10.3168/jds.2020-19686"", ""extraction_source"": ""auto"", ""prompt_version"": ""v2.0-126corpus"", ""confidence"": 0.9}"
R0065,Asparagopsis taxiformis,INHIBITS,daily methane emission,decrease,65%,0.50% DM,in_vivo,"['Hydrogen sink redistribution', 'Fermentation pathway modulation']",Inferred,GreenFeed system,High,"HighAT decreased average daily CH4 emission and CH4 yield by 65% and 55%, respectively, in experimental periods 1 and 2",10.3168/jds.2020-19686,auto,v2.0-126corpus,0.9,"{""source"": ""Asparagopsis taxiformis"", ""target"": ""daily methane emission"", ""edge_type"": ""INHIBITS"", ""effect_direction"": ""decrease"", ""effect_size"": ""65%"", ""dose"": ""0.50% DM"", ""experimental_system"": ""in_vivo"", ""mechanism_class"": [""Hydrogen sink redistribution"", ""Fermentation pathway modulation""], ""direct_or_inferred"": ""Inferred"", ""evidence_method"": ""GreenFeed system"", ""evidence_quality"": ""High"", ""supporting_quote"": ""HighAT decreased average daily CH4 emission and CH4 yield by 65% and 55%, respectively, in experimental periods 1 and 2"", ""paper_id"": ""10.3168/jds.2020-19686"", ""extraction_source"": ""auto"", ""prompt_version"": ""v2.0-126corpus"", ""confidence"": 0.9}"
R0065,Asparagopsis taxiformis,PROMOTES,hydrogen emission,increase,Not stated,0.50% DM,in_vivo,['Hydrogen sink redistribution'],Direct,GreenFeed system,High,H2 emission was increased by AT,10.3168/jds.2020-19686,auto,v2.0-126corpus,0.85,"{""source"": ""Asparagopsis taxiformis"", ""target"": ""hydrogen emission"", ""edge_type"": ""PROMOTES"", ""effect_direction"": ""increase"", ""effect_size"": ""Not stated"", ""dose"": ""0.50% DM"", ""experimental_system"": ""in_vivo"", ""mechanism_class"": [""Hydrogen sink redistribution""], ""direct_or_inferred"": ""Direct"", ""evidence_method"": ""GreenFeed system"", ""evidence_quality"": ""High"", ""supporting_quote"": ""H2 emission was increased by AT"", ""paper_id"": ""10.3168/jds.2020-19686"", ""extraction_source"": ""auto"", ""prompt_version"": ""v2.0-126corpus"", ""confidence"": 0.85}"
R0065,Asparagopsis taxiformis,MODULATES,acetate proportion,decrease,Not stated,0.50% DM,in_vivo,['Fermentation pathway modulation'],Direct,ororuminal technique,High,the proportion of acetate in the total volatile fatty acids in the rumen was decreased,10.3168/jds.2020-19686,auto,v2.0-126corpus,0.85,"{""source"": ""Asparagopsis taxiformis"", ""target"": ""acetate proportion"", ""edge_type"": ""MODULATES"", ""effect_direction"": ""decrease"", ""effect_size"": ""Not stated"", ""dose"": ""0.50% DM"", ""experimental_system"": ""in_vivo"", ""mechanism_class"": [""Fermentation pathway modulation""], ""direct_or_inferred"": ""Direct"", ""evidence_method"": ""ororuminal technique"", ""evidence_quality"": ""High"", ""supporting_quote"": ""the proportion of acetate in the total volatile fatty acids in the rumen was decreased"", ""paper_id"": ""10.3168/jds.2020-19686"", ""extraction_source"": ""auto"", ""prompt_version"": ""v2.0-126corpus"", ""confidence"": 0.85}"
R0065,Asparagopsis taxiformis,MODULATES,propionate proportion,increase,Not stated,0.50% DM,in_vivo,['Fermentation pathway modulation'],Direct,ororuminal technique,High,those of propionate and butyrate were increased by HighAT,10.3168/jds.2020-19686,auto,v2.0-126corpus,0.85,"{""source"": ""Asparagopsis taxiformis"", ""target"": ""propionate proportion"", ""edge_type"": ""MODULATES"", ""effect_direction"": ""increase"", ""effect_size"": ""Not stated"", ""dose"": ""0.50% DM"", ""experimental_system"": ""in_vivo"", ""mechanism_class"": [""Fermentation pathway modulation""], ""direct_or_inferred"": ""Direct"", ""evidence_method"": ""ororuminal technique"", ""evidence_quality"": ""High"", ""supporting_quote"": ""those of propionate and butyrate were increased by HighAT"", ""paper_id"": ""10.3168/jds.2020-19686"", ""extraction_source"": ""auto"", ""prompt_version"": ""v2.0-126corpus"", ""confidence"": 0.85}"
R0065,Asparagopsis taxiformis,MODULATES,butyrate proportion,increase,Not stated,0.50% DM,in_vivo,['Fermentation pathway modulation'],Direct,ororuminal technique,High,those of propionate and butyrate were increased by HighAT,10.3168/jds.2020-19686,auto,v2.0-126corpus,0.85,"{""source"": ""Asparagopsis taxiformis"", ""target"": ""butyrate proportion"", ""edge_type"": ""MODULATES"", ""effect_direction"": ""increase"", ""effect_size"": ""Not stated"", ""dose"": ""0.50% DM"", ""experimental_system"": ""in_vivo"", ""mechanism_class"": [""Fermentation pathway modulation""], ""direct_or_inferred"": ""Direct"", ""evidence_method"": ""ororuminal technique"", ""evidence_quality"": ""High"", ""supporting_quote"": ""those of propionate and butyrate were increased by HighAT"", ""paper_id"": ""10.3168/jds.2020-19686"", ""extraction_source"": ""auto"", ""prompt_version"": ""v2.0-126corpus"", ""confidence"": 0.85}"
R0065,Asparagopsis taxiformis,MODULATES,dry matter intake,decrease,Not stated,0.50% DM,in_vivo,['Unknown/unclear mechanism'],Inferred,Not stated,Medium,HighAT decreased dry matter intake,10.3168/jds.2020-19686,auto,v2.0-126corpus,0.8,"{""source"": ""Asparagopsis taxiformis"", ""target"": ""dry matter intake"", ""edge_type"": ""MODULATES"", ""effect_direction"": ""decrease"", ""effect_size"": ""Not stated"", ""dose"": ""0.50% DM"", ""experimental_system"": ""in_vivo"", ""mechanism_class"": [""Unknown/unclear mechanism""], ""direct_or_inferred"": ""Inferred"", ""evidence_method"": ""Not stated"", ""evidence_quality"": ""Medium"", ""supporting_quote"": ""HighAT decreased dry matter intake"", ""paper_id"": ""10.3168/jds.2020-19686"", ""extraction_source"": ""auto"", ""prompt_version"": ""v2.0-126corpus"", ""confidence"": 0.8}"
R0065,Asparagopsis taxiformis,MODULATES,milk yield,decrease,Not stated,0.50% DM,in_vivo,['Unknown/unclear mechanism'],Inferred,Not stated,Medium,"milk yield, and energy-corrected milk yield were decreased by HighAT",10.3168/jds.2020-19686,auto,v2.0-126corpus,0.8,"{""source"": ""Asparagopsis taxiformis"", ""target"": ""milk yield"", ""edge_type"": ""MODULATES"", ""effect_direction"": ""decrease"", ""effect_size"": ""Not stated"", ""dose"": ""0.50% DM"", ""experimental_system"": ""in_vivo"", ""mechanism_class"": [""Unknown/unclear mechanism""], ""direct_or_inferred"": ""Inferred"", ""evidence_method"": ""Not stated"", ""evidence_quality"": ""Medium"", ""supporting_quote"": ""milk yield, and energy-corrected milk yield were decreased by HighAT"", ""paper_id"": ""10.3168/jds.2020-19686"", ""extraction_source"": ""auto"", ""prompt_version"": ""v2.0-126corpus"", ""confidence"": 0.8}"
R0065,Origanum vulgare,MODULATES,daily methane emission,no_change,Not stated,1.77% DM,in_vivo,['Unknown/unclear mechanism'],Inferred,GreenFeed system,High,Oregano had no effect on CH4 emission or lactational performance of the cows in Exp. 3,10.3168/jds.2020-19686,auto,v2.0-126corpus,0.9,"{""source"": ""Origanum vulgare"", ""target"": ""daily methane emission"", ""edge_type"": ""MODULATES"", ""effect_direction"": ""no_change"", ""effect_size"": ""Not stated"", ""dose"": ""1.77% DM"", ""experimental_system"": ""in_vivo"", ""mechanism_class"": [""Unknown/unclear mechanism""], ""direct_or_inferred"": ""Inferred"", ""evidence_method"": ""GreenFeed system"", ""evidence_quality"": ""High"", ""supporting_quote"": ""Oregano had no effect on CH4 emission or lactational performance of the cows in Exp. 3"", ""paper_id"": ""10.3168/jds.2020-19686"", ""extraction_source"": ""auto"", ""prompt_version"": ""v2.0-126corpus"", ""confidence"": 0.9}"
R0066,Asparagopsis taxiformis,INHIBITS,methane yield,decrease,64.76%,> 10 g/kg DM,in_vivo,['Unknown/unclear mechanism'],Inferred,meta-analysis,Medium,A. taxiformis decreased CH4 by 64.76 % in beef cattle,10.1016/j.anifeedsci.2022.115503,auto,v2.0-126corpus,0.8,"{""source"": ""Asparagopsis taxiformis"", ""target"": ""methane yield"", ""edge_type"": ""INHIBITS"", ""effect_direction"": ""decrease"", ""effect_size"": ""64.76%"", ""dose"": ""> 10 g/kg DM"", ""experimental_system"": ""in_vivo"", ""mechanism_class"": [""Unknown/unclear mechanism""], ""direct_or_inferred"": ""Inferred"", ""evidence_method"": ""meta-analysis"", ""evidence_quality"": ""Medium"", ""supporting_quote"": ""A. taxiformis decreased CH4 by 64.76 % in beef cattle"", ""paper_id"": ""10.1016/j.anifeedsci.2022.115503"", ""extraction_source"": ""auto"", ""prompt_version"": ""v2.0-126corpus"", ""confidence"": 0.8}"
R0066,Asparagopsis taxiformis,MODULATES,acetate,decrease,Not stated,Not specified,in_vitro,['Fermentation pathway modulation'],Inferred,meta-analysis,Medium,A. taxiformis showed the greatest effects on the decrease of C2,10.1016/j.anifeedsci.2022.115503,auto,v2.0-126corpus,0.8,"{""source"": ""Asparagopsis taxiformis"", ""target"": ""acetate"", ""edge_type"": ""MODULATES"", ""effect_direction"": ""decrease"", ""effect_size"": ""Not stated"", ""dose"": ""Not specified"", ""experimental_system"": ""in_vitro"", ""mechanism_class"": [""Fermentation pathway modulation""], ""direct_or_inferred"": ""Inferred"", ""evidence_method"": ""meta-analysis"", ""evidence_quality"": ""Medium"", ""supporting_quote"": ""A. taxiformis showed the greatest effects on the decrease of C2"", ""paper_id"": ""10.1016/j.anifeedsci.2022.115503"", ""extraction_source"": ""auto"", ""prompt_version"": ""v2.0-126corpus"", ""confidence"": 0.8}"
R0066,Asparagopsis taxiformis,MODULATES,propionate production,increase,Not stated,Not specified,in_vitro,['Fermentation pathway modulation'],Inferred,meta-analysis,Medium,A. taxiformis showed the greatest effects on the increase of C3 proportions,10.1016/j.anifeedsci.2022.115503,auto,v2.0-126corpus,0.8,"{""source"": ""Asparagopsis taxiformis"", ""target"": ""propionate production"", ""edge_type"": ""MODULATES"", ""effect_direction"": ""increase"", ""effect_size"": ""Not stated"", ""dose"": ""Not specified"", ""experimental_system"": ""in_vitro"", ""mechanism_class"": [""Fermentation pathway modulation""], ""direct_or_inferred"": ""Inferred"", ""evidence_method"": ""meta-analysis"", ""evidence_quality"": ""Medium"", ""supporting_quote"": ""A. taxiformis showed the greatest effects on the increase of C3 proportions"", ""paper_id"": ""10.1016/j.anifeedsci.2022.115503"", ""extraction_source"": ""auto"", ""prompt_version"": ""v2.0-126corpus"", ""confidence"": 0.8}"
R0066,Asparagopsis taxiformis,ASSOCIATED_WITH,iodine concentration,increase,six-fold increase,Not specified,in_vivo,['Unknown/unclear mechanism'],Inferred,meta-analysis,Medium,inclusion of A. taxiformis increased iodine concentration by more than six-fold increase,10.1016/j.anifeedsci.2022.115503,auto,v2.0-126corpus,0.8,"{""source"": ""Asparagopsis taxiformis"", ""target"": ""iodine concentration"", ""edge_type"": ""ASSOCIATED_WITH"", ""effect_direction"": ""increase"", ""effect_size"": ""six-fold increase"", ""dose"": ""Not specified"", ""experimental_system"": ""in_vivo"", ""mechanism_class"": [""Unknown/unclear mechanism""], ""direct_or_inferred"": ""Inferred"", ""evidence_method"": ""meta-analysis"", ""evidence_quality"": ""Medium"", ""supporting_quote"": ""inclusion of A. taxiformis increased iodine concentration by more than six-fold increase"", ""paper_id"": ""10.1016/j.anifeedsci.2022.115503"", ""extraction_source"": ""auto"", ""prompt_version"": ""v2.0-126corpus"", ""confidence"": 0.8}"
R0067,Chondrus crispus,MODULATES,methane yield,no_change,Not stated,150 g/d,in_vivo,['Unknown/unclear mechanism'],Direct,GreenFeed,High,No effects were observed of the treatments compared with CON for gas emission of CH4,10.3168/jds.2022-22749,auto,v2.0-126corpus,0.95,"{""source"": ""Chondrus crispus"", ""target"": ""methane yield"", ""edge_type"": ""MODULATES"", ""effect_direction"": ""no_change"", ""effect_size"": ""Not stated"", ""dose"": ""150 g/d"", ""experimental_system"": ""in_vivo"", ""mechanism_class"": [""Unknown/unclear mechanism""], ""direct_or_inferred"": ""Direct"", ""evidence_method"": ""GreenFeed"", ""evidence_quality"": ""High"", ""supporting_quote"": ""No effects were observed of the treatments compared with CON for gas emission of CH4"", ""paper_id"": ""10.3168/jds.2022-22749"", ""extraction_source"": ""auto"", ""prompt_version"": ""v2.0-126corpus"", ""confidence"": 0.95}"
R0067,Saccharina latissima,MODULATES,methane yield,no_change,Not stated,150 g/d,in_vivo,['Unknown/unclear mechanism'],Direct,GreenFeed,High,No effects were observed of the treatments compared with CON for gas emission of CH4,10.3168/jds.2022-22749,auto,v2.0-126corpus,0.95,"{""source"": ""Saccharina latissima"", ""target"": ""methane yield"", ""edge_type"": ""MODULATES"", ""effect_direction"": ""no_change"", ""effect_size"": ""Not stated"", ""dose"": ""150 g/d"", ""experimental_system"": ""in_vivo"", ""mechanism_class"": [""Unknown/unclear mechanism""], ""direct_or_inferred"": ""Direct"", ""evidence_method"": ""GreenFeed"", ""evidence_quality"": ""High"", ""supporting_quote"": ""No effects were observed of the treatments compared with CON for gas emission of CH4"", ""paper_id"": ""10.3168/jds.2022-22749"", ""extraction_source"": ""auto"", ""prompt_version"": ""v2.0-126corpus"", ""confidence"": 0.95}"
R0067,Fucus serratus,MODULATES,methane yield,no_change,Not stated,150 g/d (as 50/50 mix with S. latissima),in_vivo,['Unknown/unclear mechanism'],Direct,GreenFeed,High,No effects were observed of the treatments compared with CON for gas emission of CH4,10.3168/jds.2022-22749,auto,v2.0-126corpus,0.95,"{""source"": ""Fucus serratus"", ""target"": ""methane yield"", ""edge_type"": ""MODULATES"", ""effect_direction"": ""no_change"", ""effect_size"": ""Not stated"", ""dose"": ""150 g/d (as 50/50 mix with S. latissima)"", ""experimental_system"": ""in_vivo"", ""mechanism_class"": [""Unknown/unclear mechanism""], ""direct_or_inferred"": ""Direct"", ""evidence_method"": ""GreenFeed"", ""evidence_quality"": ""High"", ""supporting_quote"": ""No effects were observed of the treatments compared with CON for gas emission of CH4"", ""paper_id"": ""10.3168/jds.2022-22749"", ""extraction_source"": ""auto"", ""prompt_version"": ""v2.0-126corpus"", ""confidence"": 0.95}"
R0068,Asparagopsis,INHIBITS,methane yield,decrease,67.9%,30 mg bromoform/kg DMI,in_vivo,['Unknown/unclear mechanism'],Inferred,GreenFeed emissions monitoring,High,Asp-Meal inclusion induced CH4 mitigation of 67.9 % for production (g/day),10.1016/j.livsci.2025.105873,auto,v2.0-126corpus,0.85,"{""source"": ""Asparagopsis"", ""target"": ""methane yield"", ""edge_type"": ""INHIBITS"", ""effect_direction"": ""decrease"", ""effect_size"": ""67.9%"", ""dose"": ""30 mg bromoform/kg DMI"", ""experimental_system"": ""in_vivo"", ""mechanism_class"": [""Unknown/unclear mechanism""], ""direct_or_inferred"": ""Inferred"", ""evidence_method"": ""GreenFeed emissions monitoring"", ""evidence_quality"": ""High"", ""supporting_quote"": ""Asp-Meal inclusion induced CH4 mitigation of 67.9 % for production (g/day)"", ""paper_id"": ""10.1016/j.livsci.2025.105873"", ""extraction_source"": ""auto"", ""prompt_version"": ""v2.0-126corpus"", ""confidence"": 0.85}"
R0068,Asparagopsis,INHIBITS,methane yield,decrease,67.0%,30 mg bromoform/kg DMI,in_vivo,['Unknown/unclear mechanism'],Inferred,GreenFeed emissions monitoring,High,Asp-Meal inclusion induced CH4 mitigation of 67.0 % for yield (g/kg DMI),10.1016/j.livsci.2025.105873,auto,v2.0-126corpus,0.85,"{""source"": ""Asparagopsis"", ""target"": ""methane yield"", ""edge_type"": ""INHIBITS"", ""effect_direction"": ""decrease"", ""effect_size"": ""67.0%"", ""dose"": ""30 mg bromoform/kg DMI"", ""experimental_system"": ""in_vivo"", ""mechanism_class"": [""Unknown/unclear mechanism""], ""direct_or_inferred"": ""Inferred"", ""evidence_method"": ""GreenFeed emissions monitoring"", ""evidence_quality"": ""High"", ""supporting_quote"": ""Asp-Meal inclusion induced CH4 mitigation of 67.0 % for yield (g/kg DMI)"", ""paper_id"": ""10.1016/j.livsci.2025.105873"", ""extraction_source"": ""auto"", ""prompt_version"": ""v2.0-126corpus"", ""confidence"": 0.85}"
R0068,Asparagopsis,INHIBITS,methane intensity,decrease,61.7%,30 mg bromoform/kg DMI,in_vivo,['Unknown/unclear mechanism'],Inferred,GreenFeed emissions monitoring,High,Asp-Meal inclusion induced CH4 mitigation of 61.7 % for intensity (g/kg average daily weight gain),10.1016/j.livsci.2025.105873,auto,v2.0-126corpus,0.85,"{""source"": ""Asparagopsis"", ""target"": ""methane intensity"", ""edge_type"": ""INHIBITS"", ""effect_direction"": ""decrease"", ""effect_size"": ""61.7%"", ""dose"": ""30 mg bromoform/kg DMI"", ""experimental_system"": ""in_vivo"", ""mechanism_class"": [""Unknown/unclear mechanism""], ""direct_or_inferred"": ""Inferred"", ""evidence_method"": ""GreenFeed emissions monitoring"", ""evidence_quality"": ""High"", ""supporting_quote"": ""Asp-Meal inclusion induced CH4 mitigation of 61.7 % for intensity (g/kg average daily weight gain)"", ""paper_id"": ""10.1016/j.livsci.2025.105873"", ""extraction_source"": ""auto"", ""prompt_version"": ""v2.0-126corpus"", ""confidence"": 0.85}"
R0069,Asparagopsis taxiformis,INHIBITS,methane yield,decrease,9%,0.75 g/kg DM,in_vivo,['Unknown/unclear mechanism'],Inferred,GreenFeed head chambers,High,cows fed AT ... tended to have a lower methane emission (9%),10.3168/jds.2025-26577,auto,v2.0-126corpus,0.85,"{""source"": ""Asparagopsis taxiformis"", ""target"": ""methane yield"", ""edge_type"": ""INHIBITS"", ""effect_direction"": ""decrease"", ""effect_size"": ""9%"", ""dose"": ""0.75 g/kg DM"", ""experimental_system"": ""in_vivo"", ""mechanism_class"": [""Unknown/unclear mechanism""], ""direct_or_inferred"": ""Inferred"", ""evidence_method"": ""GreenFeed head chambers"", ""evidence_quality"": ""High"", ""supporting_quote"": ""cows fed AT ... tended to have a lower methane emission (9%)"", ""paper_id"": ""10.3168/jds.2025-26577"", ""extraction_source"": ""auto"", ""prompt_version"": ""v2.0-126corpus"", ""confidence"": 0.85}"
R0069,Asparagopsis taxiformis,INHIBITS,methane yield,decrease,12%,0.75 g/kg DM,in_vivo,['Unknown/unclear mechanism'],Inferred,GreenFeed head chambers,High,cows fed AT ... tended to have ... lower (12%) methane yield,10.3168/jds.2025-26577,auto,v2.0-126corpus,0.85,"{""source"": ""Asparagopsis taxiformis"", ""target"": ""methane yield"", ""edge_type"": ""INHIBITS"", ""effect_direction"": ""decrease"", ""effect_size"": ""12%"", ""dose"": ""0.75 g/kg DM"", ""experimental_system"": ""in_vivo"", ""mechanism_class"": [""Unknown/unclear mechanism""], ""direct_or_inferred"": ""Inferred"", ""evidence_method"": ""GreenFeed head chambers"", ""evidence_quality"": ""High"", ""supporting_quote"": ""cows fed AT ... tended to have ... lower (12%) methane yield"", ""paper_id"": ""10.3168/jds.2025-26577"", ""extraction_source"": ""auto"", ""prompt_version"": ""v2.0-126corpus"", ""confidence"": 0.85}"
R0069,Ascophyllum nodosum,MODULATES,methane yield,no_change,Not stated,5.85 g/kg DM (in AN:FV mixture),in_vivo,['Unknown/unclear mechanism'],Inferred,GreenFeed head chambers,High,feeding the AN:FV and FV:AN mixtures had no effect on methane emission,10.3168/jds.2025-26577,auto,v2.0-126corpus,0.9,"{""source"": ""Ascophyllum nodosum"", ""target"": ""methane yield"", ""edge_type"": ""MODULATES"", ""effect_direction"": ""no_change"", ""effect_size"": ""Not stated"", ""dose"": ""5.85 g/kg DM (in AN:FV mixture)"", ""experimental_system"": ""in_vivo"", ""mechanism_class"": [""Unknown/unclear mechanism""], ""direct_or_inferred"": ""Inferred"", ""evidence_method"": ""GreenFeed head chambers"", ""evidence_quality"": ""High"", ""supporting_quote"": ""feeding the AN:FV and FV:AN mixtures had no effect on methane emission"", ""paper_id"": ""10.3168/jds.2025-26577"", ""extraction_source"": ""auto"", ""prompt_version"": ""v2.0-126corpus"", ""confidence"": 0.9}"
R0069,Fucus vesiculosus,MODULATES,methane yield,no_change,Not stated,15.75 g/kg DM (in FV:AN mixture),in_vivo,['Unknown/unclear mechanism'],Inferred,GreenFeed head chambers,High,feeding the AN:FV and FV:AN mixtures had no effect on methane emission,10.3168/jds.2025-26577,auto,v2.0-126corpus,0.9,"{""source"": ""Fucus vesiculosus"", ""target"": ""methane yield"", ""edge_type"": ""MODULATES"", ""effect_direction"": ""no_change"", ""effect_size"": ""Not stated"", ""dose"": ""15.75 g/kg DM (in FV:AN mixture)"", ""experimental_system"": ""in_vivo"", ""mechanism_class"": [""Unknown/unclear mechanism""], ""direct_or_inferred"": ""Inferred"", ""evidence_method"": ""GreenFeed head chambers"", ""evidence_quality"": ""High"", ""supporting_quote"": ""feeding the AN:FV and FV:AN mixtures had no effect on methane emission"", ""paper_id"": ""10.3168/jds.2025-26577"", ""extraction_source"": ""auto"", ""prompt_version"": ""v2.0-126corpus"", ""confidence"": 0.9}"
R0069,Ascophyllum nodosum,MODULATES,milk urea concentration,decrease,Not stated,5.85 g/kg DM (in AN:FV mixture),in_vivo,['Unknown/unclear mechanism'],Inferred,milk composition analysis,High,Cows fed the AN:FV also had lower milk urea concentration,10.3168/jds.2025-26577,auto,v2.0-126corpus,0.85,"{""source"": ""Ascophyllum nodosum"", ""target"": ""milk urea concentration"", ""edge_type"": ""MODULATES"", ""effect_direction"": ""decrease"", ""effect_size"": ""Not stated"", ""dose"": ""5.85 g/kg DM (in AN:FV mixture)"", ""experimental_system"": ""in_vivo"", ""mechanism_class"": [""Unknown/unclear mechanism""], ""direct_or_inferred"": ""Inferred"", ""evidence_method"": ""milk composition analysis"", ""evidence_quality"": ""High"", ""supporting_quote"": ""Cows fed the AN:FV also had lower milk urea concentration"", ""paper_id"": ""10.3168/jds.2025-26577"", ""extraction_source"": ""auto"", ""prompt_version"": ""v2.0-126corpus"", ""confidence"": 0.85}"
R0071,Padina gymnospora,INHIBITS,ciliate protozoa,decrease,Not stated,5% of diet,in_vivo,['Protozoal suppression'],Direct,protozoal counts,High,significantly decreased the numbers of total protozoa and holotrichs in the A5 group,10.3390/microorganisms13040780,auto,v2.0-126corpus,0.9,"{""source"": ""Padina gymnospora"", ""target"": ""ciliate protozoa"", ""edge_type"": ""INHIBITS"", ""effect_direction"": ""decrease"", ""effect_size"": ""Not stated"", ""dose"": ""5% of diet"", ""experimental_system"": ""in_vivo"", ""mechanism_class"": [""Protozoal suppression""], ""direct_or_inferred"": ""Direct"", ""evidence_method"": ""protozoal counts"", ""evidence_quality"": ""High"", ""supporting_quote"": ""significantly decreased the numbers of total protozoa and holotrichs in the A5 group"", ""paper_id"": ""10.3390/microorganisms13040780"", ""extraction_source"": ""auto"", ""prompt_version"": ""v2.0-126corpus"", ""confidence"": 0.9}"
R0071,Padina gymnospora,INHIBITS,holotrichs,decrease,Not stated,5% of diet,in_vivo,['Protozoal suppression'],Direct,protozoal counts,High,significantly decreased the numbers of total protozoa and holotrichs in the A5 group,10.3390/microorganisms13040780,auto,v2.0-126corpus,0.9,"{""source"": ""Padina gymnospora"", ""target"": ""holotrichs"", ""edge_type"": ""INHIBITS"", ""effect_direction"": ""decrease"", ""effect_size"": ""Not stated"", ""dose"": ""5% of diet"", ""experimental_system"": ""in_vivo"", ""mechanism_class"": [""Protozoal suppression""], ""direct_or_inferred"": ""Direct"", ""evidence_method"": ""protozoal counts"", ""evidence_quality"": ""High"", ""supporting_quote"": ""significantly decreased the numbers of total protozoa and holotrichs in the A5 group"", ""paper_id"": ""10.3390/microorganisms13040780"", ""extraction_source"": ""auto"", ""prompt_version"": ""v2.0-126corpus"", ""confidence"": 0.9}"
R0071,Padina gymnospora,PROMOTES,Desulfovibrio,increase,Not stated,5% of diet,in_vivo,['Microbial community restructuring'],Direct,metagenomics,High,abundance of Desulfovibrio was significantly higher in the A5 group,10.3390/microorganisms13040780,auto,v2.0-126corpus,0.9,"{""source"": ""Padina gymnospora"", ""target"": ""Desulfovibrio"", ""edge_type"": ""PROMOTES"", ""effect_direction"": ""increase"", ""effect_size"": ""Not stated"", ""dose"": ""5% of diet"", ""experimental_system"": ""in_vivo"", ""mechanism_class"": [""Microbial community restructuring""], ""direct_or_inferred"": ""Direct"", ""evidence_method"": ""metagenomics"", ""evidence_quality"": ""High"", ""supporting_quote"": ""abundance of Desulfovibrio was significantly higher in the A5 group"", ""paper_id"": ""10.3390/microorganisms13040780"", ""extraction_source"": ""auto"", ""prompt_version"": ""v2.0-126corpus"", ""confidence"": 0.9}"
R0071,Padina gymnospora,INHIBITS,daily enteric CH4 emission,decrease,28.4%,5% of diet,in_vivo,"['Protozoal suppression', 'Microbial community restructuring']",Inferred,"metagenomics, protozoal counts",High,significant increase in the abundance of sulfate-reducing bacteria and reduction in protozoal numbers led to a significant reduction in CH4 emissions,10.3390/microorganisms13040780,auto,v2.0-126corpus,0.85,"{""source"": ""Padina gymnospora"", ""target"": ""daily enteric CH4 emission"", ""edge_type"": ""INHIBITS"", ""effect_direction"": ""decrease"", ""effect_size"": ""28.4%"", ""dose"": ""5% of diet"", ""experimental_system"": ""in_vivo"", ""mechanism_class"": [""Protozoal suppression"", ""Microbial community restructuring""], ""direct_or_inferred"": ""Inferred"", ""evidence_method"": ""metagenomics, protozoal counts"", ""evidence_quality"": ""High"", ""supporting_quote"": ""significant increase in the abundance of sulfate-reducing bacteria and reduction in protozoal numbers led to a significant reduction in CH4 emissions"", ""paper_id"": ""10.3390/microorganisms13040780"", ""extraction_source"": ""auto"", ""prompt_version"": ""v2.0-126corpus"", ""confidence"": 0.85}"
R0071,Padina gymnospora,INHIBITS,CH4 energy loss,decrease,23.4%,5% of diet,in_vivo,"['Protozoal suppression', 'Microbial community restructuring']",Inferred,"metagenomics, protozoal counts",High,energy loss in CH4 as a percentage of GE relative to group C decreased significantly (−23.4%) in the A5 group,10.3390/microorganisms13040780,auto,v2.0-126corpus,0.85,"{""source"": ""Padina gymnospora"", ""target"": ""CH4 energy loss"", ""edge_type"": ""INHIBITS"", ""effect_direction"": ""decrease"", ""effect_size"": ""23.4%"", ""dose"": ""5% of diet"", ""experimental_system"": ""in_vivo"", ""mechanism_class"": [""Protozoal suppression"", ""Microbial community restructuring""], ""direct_or_inferred"": ""Inferred"", ""evidence_method"": ""metagenomics, protozoal counts"", ""evidence_quality"": ""High"", ""supporting_quote"": ""energy loss in CH4 as a percentage of GE relative to group C decreased significantly (−23.4%) in the A5 group"", ""paper_id"": ""10.3390/microorganisms13040780"", ""extraction_source"": ""auto"", ""prompt_version"": ""v2.0-126corpus"", ""confidence"": 0.85}"
R0072,Saccharina latissima,MODULATES,methane yield,no_change,Not stated,4% DM,in_vivo,['Unknown/unclear mechanism'],Direct,respiration chamber,High,None of the 3 species affected the CH4 emission.,10.3168/jds.2023-23437,auto,v2.0-126corpus,0.95,"{""source"": ""Saccharina latissima"", ""target"": ""methane yield"", ""edge_type"": ""MODULATES"", ""effect_direction"": ""no_change"", ""effect_size"": ""Not stated"", ""dose"": ""4% DM"", ""experimental_system"": ""in_vivo"", ""mechanism_class"": [""Unknown/unclear mechanism""], ""direct_or_inferred"": ""Direct"", ""evidence_method"": ""respiration chamber"", ""evidence_quality"": ""High"", ""supporting_quote"": ""None of the 3 species affected the CH4 emission."", ""paper_id"": ""10.3168/jds.2023-23437"", ""extraction_source"": ""auto"", ""prompt_version"": ""v2.0-126corpus"", ""confidence"": 0.95}"
R0072,Ascophyllum nodosum,MODULATES,methane yield,no_change,Not stated,4% DM,in_vivo,['Unknown/unclear mechanism'],Direct,respiration chamber,High,None of the 3 species affected the CH4 emission.,10.3168/jds.2023-23437,auto,v2.0-126corpus,0.95,"{""source"": ""Ascophyllum nodosum"", ""target"": ""methane yield"", ""edge_type"": ""MODULATES"", ""effect_direction"": ""no_change"", ""effect_size"": ""Not stated"", ""dose"": ""4% DM"", ""experimental_system"": ""in_vivo"", ""mechanism_class"": [""Unknown/unclear mechanism""], ""direct_or_inferred"": ""Direct"", ""evidence_method"": ""respiration chamber"", ""evidence_quality"": ""High"", ""supporting_quote"": ""None of the 3 species affected the CH4 emission."", ""paper_id"": ""10.3168/jds.2023-23437"", ""extraction_source"": ""auto"", ""prompt_version"": ""v2.0-126corpus"", ""confidence"": 0.95}"
R0072,Sargassum muticum,MODULATES,methane yield,no_change,Not stated,2% DM,in_vivo,['Unknown/unclear mechanism'],Direct,respiration chamber,High,None of the 3 species affected the CH4 emission.,10.3168/jds.2023-23437,auto,v2.0-126corpus,0.95,"{""source"": ""Sargassum muticum"", ""target"": ""methane yield"", ""edge_type"": ""MODULATES"", ""effect_direction"": ""no_change"", ""effect_size"": ""Not stated"", ""dose"": ""2% DM"", ""experimental_system"": ""in_vivo"", ""mechanism_class"": [""Unknown/unclear mechanism""], ""direct_or_inferred"": ""Direct"", ""evidence_method"": ""respiration chamber"", ""evidence_quality"": ""High"", ""supporting_quote"": ""None of the 3 species affected the CH4 emission."", ""paper_id"": ""10.3168/jds.2023-23437"", ""extraction_source"": ""auto"", ""prompt_version"": ""v2.0-126corpus"", ""confidence"": 0.95}"
R0073,Rugulopteryx okamurae,INHIBITS,methane yield,decrease,"98% at 5% dose, 38% at 1% dose",1% and 5% of diet DM,in_vitro,['Unknown/unclear mechanism'],Inferred,in vitro gas production,Medium,inclusion of 5% R. okamurae in the diet significantly reduced accumulated methane production by 98% after 24 h of incubation,10.3390/oceans5030038,auto,v2.0-126corpus,0.85,"{""source"": ""Rugulopteryx okamurae"", ""target"": ""methane yield"", ""edge_type"": ""INHIBITS"", ""effect_direction"": ""decrease"", ""effect_size"": ""98% at 5% dose, 38% at 1% dose"", ""dose"": ""1% and 5% of diet DM"", ""experimental_system"": ""in_vitro"", ""mechanism_class"": [""Unknown/unclear mechanism""], ""direct_or_inferred"": ""Inferred"", ""evidence_method"": ""in vitro gas production"", ""evidence_quality"": ""Medium"", ""supporting_quote"": ""inclusion of 5% R. okamurae in the diet significantly reduced accumulated methane production by 98% after 24 h of incubation"", ""paper_id"": ""10.3390/oceans5030038"", ""extraction_source"": ""auto"", ""prompt_version"": ""v2.0-126corpus"", ""confidence"": 0.85}"
R0075,Ascophyllum nodosum,INHIBITS,methane yield,no_change,Not stated,2% DMI,in_vivo,['Unknown/unclear mechanism'],Inferred,GreenFeed,High,SW: 202 g/d (P>0.05 vs CON),10.1093/jas/skaf032,auto,v2.0-126corpus,0.85,"{""source"": ""Ascophyllum nodosum"", ""target"": ""methane yield"", ""edge_type"": ""INHIBITS"", ""effect_direction"": ""no_change"", ""effect_size"": ""Not stated"", ""dose"": ""2% DMI"", ""experimental_system"": ""in_vivo"", ""mechanism_class"": [""Unknown/unclear mechanism""], ""direct_or_inferred"": ""Inferred"", ""evidence_method"": ""GreenFeed"", ""evidence_quality"": ""High"", ""supporting_quote"": ""SW: 202 g/d (P>0.05 vs CON)"", ""paper_id"": ""10.1093/jas/skaf032"", ""extraction_source"": ""auto"", ""prompt_version"": ""v2.0-126corpus"", ""confidence"": 0.85}"
R0075,Ascophyllum nodosum extract,INHIBITS,methane yield,decrease,8%,2% DMI,in_vivo,['Unknown/unclear mechanism'],Inferred,GreenFeed,High,EX: 193 g/d (8% reduction vs CON),10.1093/jas/skaf032,auto,v2.0-126corpus,0.85,"{""source"": ""Ascophyllum nodosum extract"", ""target"": ""methane yield"", ""edge_type"": ""INHIBITS"", ""effect_direction"": ""decrease"", ""effect_size"": ""8%"", ""dose"": ""2% DMI"", ""experimental_system"": ""in_vivo"", ""mechanism_class"": [""Unknown/unclear mechanism""], ""direct_or_inferred"": ""Inferred"", ""evidence_method"": ""GreenFeed"", ""evidence_quality"": ""High"", ""supporting_quote"": ""EX: 193 g/d (8% reduction vs CON)"", ""paper_id"": ""10.1093/jas/skaf032"", ""extraction_source"": ""auto"", ""prompt_version"": ""v2.0-126corpus"", ""confidence"": 0.85}"
R0075,Linseed oil,INHIBITS,methane yield,decrease,19%,4% DMI,in_vivo,"['Fermentation pathway modulation', 'Microbial community restructuring']",Direct,"GreenFeed, 16S rRNA",High,"LSO reduced CH4 by 19%, increased propionate, altered fungal and bacterial genera",10.1093/jas/skaf032,auto,v2.0-126corpus,0.92,"{""source"": ""Linseed oil"", ""target"": ""methane yield"", ""edge_type"": ""INHIBITS"", ""effect_direction"": ""decrease"", ""effect_size"": ""19%"", ""dose"": ""4% DMI"", ""experimental_system"": ""in_vivo"", ""mechanism_class"": [""Fermentation pathway modulation"", ""Microbial community restructuring""], ""direct_or_inferred"": ""Direct"", ""evidence_method"": ""GreenFeed, 16S rRNA"", ""evidence_quality"": ""High"", ""supporting_quote"": ""LSO reduced CH4 by 19%, increased propionate, altered fungal and bacterial genera"", ""paper_id"": ""10.1093/jas/skaf032"", ""extraction_source"": ""auto"", ""prompt_version"": ""v2.0-126corpus"", ""confidence"": 0.92}"
R0076,Padina gymnospora,INHIBITS,methane yield,decrease,34-45%,2-10% DM,in_vitro,"['Protozoal suppression', 'Microbial community restructuring', 'Fermentation pathway modulation']",Direct,"in vitro gas production, metagenome",High,"Inclusion of BW decreased CH4 production by 34%, 38%, and 45% in A2, A5, and A10 treatments, respectively.",10.3389/fmicb.2024.1431131,auto,v2.0-126corpus,0.92,"{""source"": ""Padina gymnospora"", ""target"": ""methane yield"", ""edge_type"": ""INHIBITS"", ""effect_direction"": ""decrease"", ""effect_size"": ""34-45%"", ""dose"": ""2-10% DM"", ""experimental_system"": ""in_vitro"", ""mechanism_class"": [""Protozoal suppression"", ""Microbial community restructuring"", ""Fermentation pathway modulation""], ""direct_or_inferred"": ""Direct"", ""evidence_method"": ""in vitro gas production, metagenome"", ""evidence_quality"": ""High"", ""supporting_quote"": ""Inclusion of BW decreased CH4 production by 34%, 38%, and 45% in A2, A5, and A10 treatments, respectively."", ""paper_id"": ""10.3389/fmicb.2024.1431131"", ""extraction_source"": ""auto"", ""prompt_version"": ""v2.0-126corpus"", ""confidence"": 0.92}"
R0076,Padina gymnospora,MODULATES,dry matter digestibility,decrease,7.5-8%,2-10% DM,in_vitro,['Fermentation pathway modulation'],Direct,in vitro digestibility,High,A decrease of 7.5%–8% in dry matter (DM) and organic matter (OM) digestibility was also recorded.,10.3389/fmicb.2024.1431131,auto,v2.0-126corpus,0.9,"{""source"": ""Padina gymnospora"", ""target"": ""dry matter digestibility"", ""edge_type"": ""MODULATES"", ""effect_direction"": ""decrease"", ""effect_size"": ""7.5-8%"", ""dose"": ""2-10% DM"", ""experimental_system"": ""in_vitro"", ""mechanism_class"": [""Fermentation pathway modulation""], ""direct_or_inferred"": ""Direct"", ""evidence_method"": ""in vitro digestibility"", ""evidence_quality"": ""High"", ""supporting_quote"": ""A decrease of 7.5%–8% in dry matter (DM) and organic matter (OM) digestibility was also recorded."", ""paper_id"": ""10.3389/fmicb.2024.1431131"", ""extraction_source"": ""auto"", ""prompt_version"": ""v2.0-126corpus"", ""confidence"": 0.9}"
R0076,Padina gymnospora,MODULATES,organic matter digestibility,decrease,7.5-8%,2-10% DM,in_vitro,['Fermentation pathway modulation'],Direct,in vitro digestibility,High,A decrease of 7.5%–8% in dry matter (DM) and organic matter (OM) digestibility was also recorded.,10.3389/fmicb.2024.1431131,auto,v2.0-126corpus,0.9,"{""source"": ""Padina gymnospora"", ""target"": ""organic matter digestibility"", ""edge_type"": ""MODULATES"", ""effect_direction"": ""decrease"", ""effect_size"": ""7.5-8%"", ""dose"": ""2-10% DM"", ""experimental_system"": ""in_vitro"", ""mechanism_class"": [""Fermentation pathway modulation""], ""direct_or_inferred"": ""Direct"", ""evidence_method"": ""in vitro digestibility"", ""evidence_quality"": ""High"", ""supporting_quote"": ""A decrease of 7.5%–8% in dry matter (DM) and organic matter (OM) digestibility was also recorded."", ""paper_id"": ""10.3389/fmicb.2024.1431131"", ""extraction_source"": ""auto"", ""prompt_version"": ""v2.0-126corpus"", ""confidence"": 0.9}"
R0076,Padina gymnospora,INHIBITS,Entodinomorphs,decrease,Not stated,2-10% DM,in_vitro,['Protozoal suppression'],Direct,microscopy,High,"The BW inclusion also decreased the numbers of total, Entodinomorphs, and Holotrichs protozoa.",10.3389/fmicb.2024.1431131,auto,v2.0-126corpus,0.88,"{""source"": ""Padina gymnospora"", ""target"": ""Entodinomorphs"", ""edge_type"": ""INHIBITS"", ""effect_direction"": ""decrease"", ""effect_size"": ""Not stated"", ""dose"": ""2-10% DM"", ""experimental_system"": ""in_vitro"", ""mechanism_class"": [""Protozoal suppression""], ""direct_or_inferred"": ""Direct"", ""evidence_method"": ""microscopy"", ""evidence_quality"": ""High"", ""supporting_quote"": ""The BW inclusion also decreased the numbers of total, Entodinomorphs, and Holotrichs protozoa."", ""paper_id"": ""10.3389/fmicb.2024.1431131"", ""extraction_source"": ""auto"", ""prompt_version"": ""v2.0-126corpus"", ""confidence"": 0.88}"
R0076,Padina gymnospora,INHIBITS,Holotrichs,decrease,Not stated,2-10% DM,in_vitro,['Protozoal suppression'],Direct,microscopy,High,"The BW inclusion also decreased the numbers of total, Entodinomorphs, and Holotrichs protozoa.",10.3389/fmicb.2024.1431131,auto,v2.0-126corpus,0.88,"{""source"": ""Padina gymnospora"", ""target"": ""Holotrichs"", ""edge_type"": ""INHIBITS"", ""effect_direction"": ""decrease"", ""effect_size"": ""Not stated"", ""dose"": ""2-10% DM"", ""experimental_system"": ""in_vitro"", ""mechanism_class"": [""Protozoal suppression""], ""direct_or_inferred"": ""Direct"", ""evidence_method"": ""microscopy"", ""evidence_quality"": ""High"", ""supporting_quote"": ""The BW inclusion also decreased the numbers of total, Entodinomorphs, and Holotrichs protozoa."", ""paper_id"": ""10.3389/fmicb.2024.1431131"", ""extraction_source"": ""auto"", ""prompt_version"": ""v2.0-126corpus"", ""confidence"": 0.88}"
R0076,Padina gymnospora,MODULATES,Methanobrevibacter,decrease,Not stated,2-10% DM,in_vitro,['Microbial community restructuring'],Direct,metagenome,High,Methanobrevibacter was most abundant at the genus level.,10.3389/fmicb.2024.1431131,auto,v2.0-126corpus,0.85,"{""source"": ""Padina gymnospora"", ""target"": ""Methanobrevibacter"", ""edge_type"": ""MODULATES"", ""effect_direction"": ""decrease"", ""effect_size"": ""Not stated"", ""dose"": ""2-10% DM"", ""experimental_system"": ""in_vitro"", ""mechanism_class"": [""Microbial community restructuring""], ""direct_or_inferred"": ""Direct"", ""evidence_method"": ""metagenome"", ""evidence_quality"": ""High"", ""supporting_quote"": ""Methanobrevibacter was most abundant at the genus level."", ""paper_id"": ""10.3389/fmicb.2024.1431131"", ""extraction_source"": ""auto"", ""prompt_version"": ""v2.0-126corpus"", ""confidence"": 0.85}"
R0077,Asparagopsis taxiformis,INHIBITS,methane yield,decrease,99%,2% DM,in_vitro,"['Direct archaeal inhibition', 'Microbial community restructuring']",Direct,"in vitro gas production, 16S rRNA, qPCR",High,Methane yield was decreased 99% by Asparagopsis taxiformis (AT) when compared with the control.,10.1038/s41598-023-36359-y,auto,v2.0-126corpus,0.95,"{""source"": ""Asparagopsis taxiformis"", ""target"": ""methane yield"", ""edge_type"": ""INHIBITS"", ""effect_direction"": ""decrease"", ""effect_size"": ""99%"", ""dose"": ""2% DM"", ""experimental_system"": ""in_vitro"", ""mechanism_class"": [""Direct archaeal inhibition"", ""Microbial community restructuring""], ""direct_or_inferred"": ""Direct"", ""evidence_method"": ""in vitro gas production, 16S rRNA, qPCR"", ""evidence_quality"": ""High"", ""supporting_quote"": ""Methane yield was decreased 99% by Asparagopsis taxiformis (AT) when compared with the control."", ""paper_id"": ""10.1038/s41598-023-36359-y"", ""extraction_source"": ""auto"", ""prompt_version"": ""v2.0-126corpus"", ""confidence"": 0.95}"
R0077,Colpomenia peregrina,INHIBITS,methane yield,decrease,14%,2% DM,in_vitro,['Unknown/unclear mechanism'],Inferred,in vitro gas production,Medium,Colpomenia peregrina also decreased methane yield 14% compared with control,10.1038/s41598-023-36359-y,auto,v2.0-126corpus,0.7,"{""source"": ""Colpomenia peregrina"", ""target"": ""methane yield"", ""edge_type"": ""INHIBITS"", ""effect_direction"": ""decrease"", ""effect_size"": ""14%"", ""dose"": ""2% DM"", ""experimental_system"": ""in_vitro"", ""mechanism_class"": [""Unknown/unclear mechanism""], ""direct_or_inferred"": ""Inferred"", ""evidence_method"": ""in vitro gas production"", ""evidence_quality"": ""Medium"", ""supporting_quote"": ""Colpomenia peregrina also decreased methane yield 14% compared with control"", ""paper_id"": ""10.1038/s41598-023-36359-y"", ""extraction_source"": ""auto"", ""prompt_version"": ""v2.0-126corpus"", ""confidence"": 0.7}"
R0077,Asparagopsis taxiformis,INHIBITS,total gas production,decrease,14%,2% DM,in_vitro,['Fermentation pathway modulation'],Inferred,in vitro gas production,High,Total gas production was decreased 14% by AT,10.1038/s41598-023-36359-y,auto,v2.0-126corpus,0.9,"{""source"": ""Asparagopsis taxiformis"", ""target"": ""total gas production"", ""edge_type"": ""INHIBITS"", ""effect_direction"": ""decrease"", ""effect_size"": ""14%"", ""dose"": ""2% DM"", ""experimental_system"": ""in_vitro"", ""mechanism_class"": [""Fermentation pathway modulation""], ""direct_or_inferred"": ""Inferred"", ""evidence_method"": ""in vitro gas production"", ""evidence_quality"": ""High"", ""supporting_quote"": ""Total gas production was decreased 14% by AT"", ""paper_id"": ""10.1038/s41598-023-36359-y"", ""extraction_source"": ""auto"", ""prompt_version"": ""v2.0-126corpus"", ""confidence"": 0.9}"
R0077,Sargassum horneri,INHIBITS,total gas production,decrease,10%,2% DM,in_vitro,['Fermentation pathway modulation'],Inferred,in vitro gas production,High,Total gas production was decreased 14 and 10% by AT and Sargassum horneri compared with control,10.1038/s41598-023-36359-y,auto,v2.0-126corpus,0.85,"{""source"": ""Sargassum horneri"", ""target"": ""total gas production"", ""edge_type"": ""INHIBITS"", ""effect_direction"": ""decrease"", ""effect_size"": ""10%"", ""dose"": ""2% DM"", ""experimental_system"": ""in_vitro"", ""mechanism_class"": [""Fermentation pathway modulation""], ""direct_or_inferred"": ""Inferred"", ""evidence_method"": ""in vitro gas production"", ""evidence_quality"": ""High"", ""supporting_quote"": ""Total gas production was decreased 14 and 10% by AT and Sargassum horneri compared with control"", ""paper_id"": ""10.1038/s41598-023-36359-y"", ""extraction_source"": ""auto"", ""prompt_version"": ""v2.0-126corpus"", ""confidence"": 0.85}"
R0077,Asparagopsis taxiformis,INHIBITS,total VFA,decrease,10%,2% DM,in_vitro,['Fermentation pathway modulation'],Inferred,in vitro gas production,High,AT reduced it by 10%,10.1038/s41598-023-36359-y,auto,v2.0-126corpus,0.9,"{""source"": ""Asparagopsis taxiformis"", ""target"": ""total VFA"", ""edge_type"": ""INHIBITS"", ""effect_direction"": ""decrease"", ""effect_size"": ""10%"", ""dose"": ""2% DM"", ""experimental_system"": ""in_vitro"", ""mechanism_class"": [""Fermentation pathway modulation""], ""direct_or_inferred"": ""Inferred"", ""evidence_method"": ""in vitro gas production"", ""evidence_quality"": ""High"", ""supporting_quote"": ""AT reduced it by 10%"", ""paper_id"": ""10.1038/s41598-023-36359-y"", ""extraction_source"": ""auto"", ""prompt_version"": ""v2.0-126corpus"", ""confidence"": 0.9}"
R0077,Asparagopsis taxiformis,INHIBITS,acetate,decrease,9%,2% DM,in_vitro,['Fermentation pathway modulation'],Inferred,in vitro gas production,High,Molar proportion of acetate was decreased 9% by AT,10.1038/s41598-023-36359-y,auto,v2.0-126corpus,0.9,"{""source"": ""Asparagopsis taxiformis"", ""target"": ""acetate"", ""edge_type"": ""INHIBITS"", ""effect_direction"": ""decrease"", ""effect_size"": ""9%"", ""dose"": ""2% DM"", ""experimental_system"": ""in_vitro"", ""mechanism_class"": [""Fermentation pathway modulation""], ""direct_or_inferred"": ""Inferred"", ""evidence_method"": ""in vitro gas production"", ""evidence_quality"": ""High"", ""supporting_quote"": ""Molar proportion of acetate was decreased 9% by AT"", ""paper_id"": ""10.1038/s41598-023-36359-y"", ""extraction_source"": ""auto"", ""prompt_version"": ""v2.0-126corpus"", ""confidence"": 0.9}"
R0077,Asparagopsis taxiformis,PROMOTES,propionate production,increase,14%,2% DM,in_vitro,['Fermentation pathway modulation'],Inferred,in vitro gas production,High,increase in propionate by 14%,10.1038/s41598-023-36359-y,auto,v2.0-126corpus,0.9,"{""source"": ""Asparagopsis taxiformis"", ""target"": ""propionate production"", ""edge_type"": ""PROMOTES"", ""effect_direction"": ""increase"", ""effect_size"": ""14%"", ""dose"": ""2% DM"", ""experimental_system"": ""in_vitro"", ""mechanism_class"": [""Fermentation pathway modulation""], ""direct_or_inferred"": ""Inferred"", ""evidence_method"": ""in vitro gas production"", ""evidence_quality"": ""High"", ""supporting_quote"": ""increase in propionate by 14%"", ""paper_id"": ""10.1038/s41598-023-36359-y"", ""extraction_source"": ""auto"", ""prompt_version"": ""v2.0-126corpus"", ""confidence"": 0.9}"
R0077,Asparagopsis taxiformis,PROMOTES,butyrate production,increase,7%,2% DM,in_vitro,['Fermentation pathway modulation'],Inferred,in vitro gas production,High,increased butyrate molar proportions by 7%,10.1038/s41598-023-36359-y,auto,v2.0-126corpus,0.9,"{""source"": ""Asparagopsis taxiformis"", ""target"": ""butyrate production"", ""edge_type"": ""PROMOTES"", ""effect_direction"": ""increase"", ""effect_size"": ""7%"", ""dose"": ""2% DM"", ""experimental_system"": ""in_vitro"", ""mechanism_class"": [""Fermentation pathway modulation""], ""direct_or_inferred"": ""Inferred"", ""evidence_method"": ""in vitro gas production"", ""evidence_quality"": ""High"", ""supporting_quote"": ""increased butyrate molar proportions by 7%"", ""paper_id"": ""10.1038/s41598-023-36359-y"", ""extraction_source"": ""auto"", ""prompt_version"": ""v2.0-126corpus"", ""confidence"": 0.9}"
R0077,Asparagopsis taxiformis,PROMOTES,valerate,increase,24%,2% DM,in_vitro,['Fermentation pathway modulation'],Inferred,in vitro gas production,High,increased valerate molar proportions by 24%,10.1038/s41598-023-36359-y,auto,v2.0-126corpus,0.9,"{""source"": ""Asparagopsis taxiformis"", ""target"": ""valerate"", ""edge_type"": ""PROMOTES"", ""effect_direction"": ""increase"", ""effect_size"": ""24%"", ""dose"": ""2% DM"", ""experimental_system"": ""in_vitro"", ""mechanism_class"": [""Fermentation pathway modulation""], ""direct_or_inferred"": ""Inferred"", ""evidence_method"": ""in vitro gas production"", ""evidence_quality"": ""High"", ""supporting_quote"": ""increased valerate molar proportions by 24%"", ""paper_id"": ""10.1038/s41598-023-36359-y"", ""extraction_source"": ""auto"", ""prompt_version"": ""v2.0-126corpus"", ""confidence"": 0.9}"
R0077,Vertebrata lanosa,PROMOTES,ammonia,increase,Not stated,2% DM,in_vitro,['Fermentation pathway modulation'],Inferred,in vitro gas production,Medium,Vertebrata lanosa increased ammonia concentration,10.1038/s41598-023-36359-y,auto,v2.0-126corpus,0.7,"{""source"": ""Vertebrata lanosa"", ""target"": ""ammonia"", ""edge_type"": ""PROMOTES"", ""effect_direction"": ""increase"", ""effect_size"": ""Not stated"", ""dose"": ""2% DM"", ""experimental_system"": ""in_vitro"", ""mechanism_class"": [""Fermentation pathway modulation""], ""direct_or_inferred"": ""Inferred"", ""evidence_method"": ""in vitro gas production"", ""evidence_quality"": ""Medium"", ""supporting_quote"": ""Vertebrata lanosa increased ammonia concentration"", ""paper_id"": ""10.1038/s41598-023-36359-y"", ""extraction_source"": ""auto"", ""prompt_version"": ""v2.0-126corpus"", ""confidence"": 0.7}"
R0077,Asparagopsis taxiformis,INHIBITS,Methanobacteriaceae,decrease,Not stated,2% DM,in_vitro,"['Direct archaeal inhibition', 'Microbial community restructuring']",Direct,16S rRNA,High,Inclusion of AT decreased relative abundance of Methanobacteriaceae,10.1038/s41598-023-36359-y,auto,v2.0-126corpus,0.9,"{""source"": ""Asparagopsis taxiformis"", ""target"": ""Methanobacteriaceae"", ""edge_type"": ""INHIBITS"", ""effect_direction"": ""decrease"", ""effect_size"": ""Not stated"", ""dose"": ""2% DM"", ""experimental_system"": ""in_vitro"", ""mechanism_class"": [""Direct archaeal inhibition"", ""Microbial community restructuring""], ""direct_or_inferred"": ""Direct"", ""evidence_method"": ""16S rRNA"", ""evidence_quality"": ""High"", ""supporting_quote"": ""Inclusion of AT decreased relative abundance of Methanobacteriaceae"", ""paper_id"": ""10.1038/s41598-023-36359-y"", ""extraction_source"": ""auto"", ""prompt_version"": ""v2.0-126corpus"", ""confidence"": 0.9}"
R0077,Asparagopsis taxiformis,INHIBITS,Methanosphaera stadtmane,decrease,Not stated,2% DM,in_vitro,['Direct archaeal inhibition'],Direct,qPCR,High,Specific gene activities for Methanosphaera stadtmane were decreased by AT inclusion,10.1038/s41598-023-36359-y,auto,v2.0-126corpus,0.9,"{""source"": ""Asparagopsis taxiformis"", ""target"": ""Methanosphaera stadtmane"", ""edge_type"": ""INHIBITS"", ""effect_direction"": ""decrease"", ""effect_size"": ""Not stated"", ""dose"": ""2% DM"", ""experimental_system"": ""in_vitro"", ""mechanism_class"": [""Direct archaeal inhibition""], ""direct_or_inferred"": ""Direct"", ""evidence_method"": ""qPCR"", ""evidence_quality"": ""High"", ""supporting_quote"": ""Specific gene activities for Methanosphaera stadtmane were decreased by AT inclusion"", ""paper_id"": ""10.1038/s41598-023-36359-y"", ""extraction_source"": ""auto"", ""prompt_version"": ""v2.0-126corpus"", ""confidence"": 0.9}"
R0077,Asparagopsis taxiformis,INHIBITS,Methanobrevibacter ruminantium,decrease,Not stated,2% DM,in_vitro,['Direct archaeal inhibition'],Direct,qPCR,High,Specific gene activities for Methanobrevibacter ruminantium were decreased by AT inclusion,10.1038/s41598-023-36359-y,auto,v2.0-126corpus,0.9,"{""source"": ""Asparagopsis taxiformis"", ""target"": ""Methanobrevibacter ruminantium"", ""edge_type"": ""INHIBITS"", ""effect_direction"": ""decrease"", ""effect_size"": ""Not stated"", ""dose"": ""2% DM"", ""experimental_system"": ""in_vitro"", ""mechanism_class"": [""Direct archaeal inhibition""], ""direct_or_inferred"": ""Direct"", ""evidence_method"": ""qPCR"", ""evidence_quality"": ""High"", ""supporting_quote"": ""Specific gene activities for Methanobrevibacter ruminantium were decreased by AT inclusion"", ""paper_id"": ""10.1038/s41598-023-36359-y"", ""extraction_source"": ""auto"", ""prompt_version"": ""v2.0-126corpus"", ""confidence"": 0.9}"
R0077,Asparagopsis taxiformis,INHIBITS,Prevotella,decrease,Not stated,2% DM,in_vitro,['Microbial community restructuring'],Direct,16S rRNA,High,Inclusion of AT decreased relative abundance of Prevotella,10.1038/s41598-023-36359-y,auto,v2.0-126corpus,0.9,"{""source"": ""Asparagopsis taxiformis"", ""target"": ""Prevotella"", ""edge_type"": ""INHIBITS"", ""effect_direction"": ""decrease"", ""effect_size"": ""Not stated"", ""dose"": ""2% DM"", ""experimental_system"": ""in_vitro"", ""mechanism_class"": [""Microbial community restructuring""], ""direct_or_inferred"": ""Direct"", ""evidence_method"": ""16S rRNA"", ""evidence_quality"": ""High"", ""supporting_quote"": ""Inclusion of AT decreased relative abundance of Prevotella"", ""paper_id"": ""10.1038/s41598-023-36359-y"", ""extraction_source"": ""auto"", ""prompt_version"": ""v2.0-126corpus"", ""confidence"": 0.9}"
R0077,Asparagopsis taxiformis,INHIBITS,Bacteroidales,decrease,Not stated,2% DM,in_vitro,['Microbial community restructuring'],Direct,16S rRNA,High,Inclusion of AT decreased relative abundance of Bacteroidales,10.1038/s41598-023-36359-y,auto,v2.0-126corpus,0.9,"{""source"": ""Asparagopsis taxiformis"", ""target"": ""Bacteroidales"", ""edge_type"": ""INHIBITS"", ""effect_direction"": ""decrease"", ""effect_size"": ""Not stated"", ""dose"": ""2% DM"", ""experimental_system"": ""in_vitro"", ""mechanism_class"": [""Microbial community restructuring""], ""direct_or_inferred"": ""Direct"", ""evidence_method"": ""16S rRNA"", ""evidence_quality"": ""High"", ""supporting_quote"": ""Inclusion of AT decreased relative abundance of Bacteroidales"", ""paper_id"": ""10.1038/s41598-023-36359-y"", ""extraction_source"": ""auto"", ""prompt_version"": ""v2.0-126corpus"", ""confidence"": 0.9}"
R0077,Asparagopsis taxiformis,INHIBITS,Firmicutes,decrease,Not stated,2% DM,in_vitro,['Microbial community restructuring'],Direct,16S rRNA,High,Inclusion of AT decreased relative abundance of Firmicutes,10.1038/s41598-023-36359-y,auto,v2.0-126corpus,0.9,"{""source"": ""Asparagopsis taxiformis"", ""target"": ""Firmicutes"", ""edge_type"": ""INHIBITS"", ""effect_direction"": ""decrease"", ""effect_size"": ""Not stated"", ""dose"": ""2% DM"", ""experimental_system"": ""in_vitro"", ""mechanism_class"": [""Microbial community restructuring""], ""direct_or_inferred"": ""Direct"", ""evidence_method"": ""16S rRNA"", ""evidence_quality"": ""High"", ""supporting_quote"": ""Inclusion of AT decreased relative abundance of Firmicutes"", ""paper_id"": ""10.1038/s41598-023-36359-y"", ""extraction_source"": ""auto"", ""prompt_version"": ""v2.0-126corpus"", ""confidence"": 0.9}"
R0077,Asparagopsis taxiformis,PROMOTES,Clostridium,increase,Not stated,2% DM,in_vitro,['Microbial community restructuring'],Direct,16S rRNA,High,Clostridium were increased,10.1038/s41598-023-36359-y,auto,v2.0-126corpus,0.9,"{""source"": ""Asparagopsis taxiformis"", ""target"": ""Clostridium"", ""edge_type"": ""PROMOTES"", ""effect_direction"": ""increase"", ""effect_size"": ""Not stated"", ""dose"": ""2% DM"", ""experimental_system"": ""in_vitro"", ""mechanism_class"": [""Microbial community restructuring""], ""direct_or_inferred"": ""Direct"", ""evidence_method"": ""16S rRNA"", ""evidence_quality"": ""High"", ""supporting_quote"": ""Clostridium were increased"", ""paper_id"": ""10.1038/s41598-023-36359-y"", ""extraction_source"": ""auto"", ""prompt_version"": ""v2.0-126corpus"", ""confidence"": 0.9}"
R0077,Asparagopsis taxiformis,PROMOTES,Anaerovibrio,increase,Not stated,2% DM,in_vitro,['Microbial community restructuring'],Direct,16S rRNA,High,Anaerovibrio were increased,10.1038/s41598-023-36359-y,auto,v2.0-126corpus,0.9,"{""source"": ""Asparagopsis taxiformis"", ""target"": ""Anaerovibrio"", ""edge_type"": ""PROMOTES"", ""effect_direction"": ""increase"", ""effect_size"": ""Not stated"", ""dose"": ""2% DM"", ""experimental_system"": ""in_vitro"", ""mechanism_class"": [""Microbial community restructuring""], ""direct_or_inferred"": ""Direct"", ""evidence_method"": ""16S rRNA"", ""evidence_quality"": ""High"", ""supporting_quote"": ""Anaerovibrio were increased"", ""paper_id"": ""10.1038/s41598-023-36359-y"", ""extraction_source"": ""auto"", ""prompt_version"": ""v2.0-126corpus"", ""confidence"": 0.9}"
R0077,Asparagopsis taxiformis,PROMOTES,Methanobrevibacter,increase,Not stated,2% DM,in_vitro,['Microbial community restructuring'],Direct,16S rRNA,High,Methanobrevibacter were increased,10.1038/s41598-023-36359-y,auto,v2.0-126corpus,0.9,"{""source"": ""Asparagopsis taxiformis"", ""target"": ""Methanobrevibacter"", ""edge_type"": ""PROMOTES"", ""effect_direction"": ""increase"", ""effect_size"": ""Not stated"", ""dose"": ""2% DM"", ""experimental_system"": ""in_vitro"", ""mechanism_class"": [""Microbial community restructuring""], ""direct_or_inferred"": ""Direct"", ""evidence_method"": ""16S rRNA"", ""evidence_quality"": ""High"", ""supporting_quote"": ""Methanobrevibacter were increased"", ""paper_id"": ""10.1038/s41598-023-36359-y"", ""extraction_source"": ""auto"", ""prompt_version"": ""v2.0-126corpus"", ""confidence"": 0.9}"
R0078,Asparagopsis taxiformis,INHIBITS,methane,decrease,95%,5% OM,in_vitro,"['Microbial community restructuring', 'Unknown/unclear mechanism']",Inferred,16S rRNA,High,A. taxiformis can reduce methane production from enteric fermentation in dairy cattle by 95% when added at a 5% OM inclusion rate,10.1186/s42523-019-0004-4,auto,v2.0-126corpus,0.9,"{""source"": ""Asparagopsis taxiformis"", ""target"": ""methane"", ""edge_type"": ""INHIBITS"", ""effect_direction"": ""decrease"", ""effect_size"": ""95%"", ""dose"": ""5% OM"", ""experimental_system"": ""in_vitro"", ""mechanism_class"": [""Microbial community restructuring"", ""Unknown/unclear mechanism""], ""direct_or_inferred"": ""Inferred"", ""evidence_method"": ""16S rRNA"", ""evidence_quality"": ""High"", ""supporting_quote"": ""A. taxiformis can reduce methane production from enteric fermentation in dairy cattle by 95% when added at a 5% OM inclusion rate"", ""paper_id"": ""10.1186/s42523-019-0004-4"", ""extraction_source"": ""auto"", ""prompt_version"": ""v2.0-126corpus"", ""confidence"": 0.9}"
R0078,Asparagopsis taxiformis,MODULATES,rumen microbiome,increase,Not stated,5% OM,in_vitro,['Microbial community restructuring'],Direct,16S rRNA,High,"seaweed amendment effects rumen microbiome consistent with the Anna Karenina hypothesis, with increased β-diversity",10.1186/s42523-019-0004-4,auto,v2.0-126corpus,0.85,"{""source"": ""Asparagopsis taxiformis"", ""target"": ""rumen microbiome"", ""edge_type"": ""MODULATES"", ""effect_direction"": ""increase"", ""effect_size"": ""Not stated"", ""dose"": ""5% OM"", ""experimental_system"": ""in_vitro"", ""mechanism_class"": [""Microbial community restructuring""], ""direct_or_inferred"": ""Direct"", ""evidence_method"": ""16S rRNA"", ""evidence_quality"": ""High"", ""supporting_quote"": ""seaweed amendment effects rumen microbiome consistent with the Anna Karenina hypothesis, with increased β-diversity"", ""paper_id"": ""10.1186/s42523-019-0004-4"", ""extraction_source"": ""auto"", ""prompt_version"": ""v2.0-126corpus"", ""confidence"": 0.85}"
R0078,Asparagopsis taxiformis,INHIBITS,methanogens,decrease,Not stated,5% OM,in_vitro,['Microbial community restructuring'],Direct,16S rRNA,High,relative abundance of methanogens in the fermentation vessels amended with A. taxiformis decreased significantly compared to control vessels,10.1186/s42523-019-0004-4,auto,v2.0-126corpus,0.85,"{""source"": ""Asparagopsis taxiformis"", ""target"": ""methanogens"", ""edge_type"": ""INHIBITS"", ""effect_direction"": ""decrease"", ""effect_size"": ""Not stated"", ""dose"": ""5% OM"", ""experimental_system"": ""in_vitro"", ""mechanism_class"": [""Microbial community restructuring""], ""direct_or_inferred"": ""Direct"", ""evidence_method"": ""16S rRNA"", ""evidence_quality"": ""High"", ""supporting_quote"": ""relative abundance of methanogens in the fermentation vessels amended with A. taxiformis decreased significantly compared to control vessels"", ""paper_id"": ""10.1186/s42523-019-0004-4"", ""extraction_source"": ""auto"", ""prompt_version"": ""v2.0-126corpus"", ""confidence"": 0.85}"
R0079,Sargassum horneri,INHIBITS,methane yield,decrease,Not stated,3-5% DM,in_vitro,['Unknown/unclear mechanism'],Inferred,in vitro gas production,Medium,methane production reduced (p<0.001),10.3390/app142311313,auto,v2.0-126corpus,0.8,"{""source"": ""Sargassum horneri"", ""target"": ""methane yield"", ""edge_type"": ""INHIBITS"", ""effect_direction"": ""decrease"", ""effect_size"": ""Not stated"", ""dose"": ""3-5% DM"", ""experimental_system"": ""in_vitro"", ""mechanism_class"": [""Unknown/unclear mechanism""], ""direct_or_inferred"": ""Inferred"", ""evidence_method"": ""in vitro gas production"", ""evidence_quality"": ""Medium"", ""supporting_quote"": ""methane production reduced (p<0.001)"", ""paper_id"": ""10.3390/app142311313"", ""extraction_source"": ""auto"", ""prompt_version"": ""v2.0-126corpus"", ""confidence"": 0.8}"
R0080,Sargassum binderi,MODULATES,VFA production,increase,Not stated,Not specified,in_vitro,['Fermentation pathway modulation'],Inferred,in vitro gas production,Medium,VFA production (136.75–151.75 mM) differed significantly (p < 0.01) between species,10.14202/vetworld.2025.3335-3351,auto,v2.0-126corpus,0.7,"{""source"": ""Sargassum binderi"", ""target"": ""VFA production"", ""edge_type"": ""MODULATES"", ""effect_direction"": ""increase"", ""effect_size"": ""Not stated"", ""dose"": ""Not specified"", ""experimental_system"": ""in_vitro"", ""mechanism_class"": [""Fermentation pathway modulation""], ""direct_or_inferred"": ""Inferred"", ""evidence_method"": ""in vitro gas production"", ""evidence_quality"": ""Medium"", ""supporting_quote"": ""VFA production (136.75–151.75 mM) differed significantly (p < 0.01) between species"", ""paper_id"": ""10.14202/vetworld.2025.3335-3351"", ""extraction_source"": ""auto"", ""prompt_version"": ""v2.0-126corpus"", ""confidence"": 0.7}"
R0080,Kappaphycus striatum,MODULATES,VFA production,increase,Not stated,Not specified,in_vitro,['Fermentation pathway modulation'],Inferred,in vitro gas production,Medium,VFA production (136.75–151.75 mM) differed significantly (p < 0.01) between species,10.14202/vetworld.2025.3335-3351,auto,v2.0-126corpus,0.7,"{""source"": ""Kappaphycus striatum"", ""target"": ""VFA production"", ""edge_type"": ""MODULATES"", ""effect_direction"": ""increase"", ""effect_size"": ""Not stated"", ""dose"": ""Not specified"", ""experimental_system"": ""in_vitro"", ""mechanism_class"": [""Fermentation pathway modulation""], ""direct_or_inferred"": ""Inferred"", ""evidence_method"": ""in vitro gas production"", ""evidence_quality"": ""Medium"", ""supporting_quote"": ""VFA production (136.75–151.75 mM) differed significantly (p < 0.01) between species"", ""paper_id"": ""10.14202/vetworld.2025.3335-3351"", ""extraction_source"": ""auto"", ""prompt_version"": ""v2.0-126corpus"", ""confidence"": 0.7}"
R0080,Sargassum binderi,MODULATES,ammonia concentration,increase,Not stated,Not specified,in_vitro,['Fermentation pathway modulation'],Inferred,in vitro gas production,Medium,NH3 concentrations (22.21–26.78 mM) differed significantly (p < 0.01) between species,10.14202/vetworld.2025.3335-3351,auto,v2.0-126corpus,0.7,"{""source"": ""Sargassum binderi"", ""target"": ""ammonia concentration"", ""edge_type"": ""MODULATES"", ""effect_direction"": ""increase"", ""effect_size"": ""Not stated"", ""dose"": ""Not specified"", ""experimental_system"": ""in_vitro"", ""mechanism_class"": [""Fermentation pathway modulation""], ""direct_or_inferred"": ""Inferred"", ""evidence_method"": ""in vitro gas production"", ""evidence_quality"": ""Medium"", ""supporting_quote"": ""NH3 concentrations (22.21–26.78 mM) differed significantly (p < 0.01) between species"", ""paper_id"": ""10.14202/vetworld.2025.3335-3351"", ""extraction_source"": ""auto"", ""prompt_version"": ""v2.0-126corpus"", ""confidence"": 0.7}"
R0080,Kappaphycus striatum,MODULATES,ammonia concentration,increase,Not stated,Not specified,in_vitro,['Fermentation pathway modulation'],Inferred,in vitro gas production,Medium,NH3 concentrations (22.21–26.78 mM) differed significantly (p < 0.01) between species,10.14202/vetworld.2025.3335-3351,auto,v2.0-126corpus,0.7,"{""source"": ""Kappaphycus striatum"", ""target"": ""ammonia concentration"", ""edge_type"": ""MODULATES"", ""effect_direction"": ""increase"", ""effect_size"": ""Not stated"", ""dose"": ""Not specified"", ""experimental_system"": ""in_vitro"", ""mechanism_class"": [""Fermentation pathway modulation""], ""direct_or_inferred"": ""Inferred"", ""evidence_method"": ""in vitro gas production"", ""evidence_quality"": ""Medium"", ""supporting_quote"": ""NH3 concentrations (22.21–26.78 mM) differed significantly (p < 0.01) between species"", ""paper_id"": ""10.14202/vetworld.2025.3335-3351"", ""extraction_source"": ""auto"", ""prompt_version"": ""v2.0-126corpus"", ""confidence"": 0.7}"
R0082,Gracilaria sp.,INHIBITS,methane,decrease,26.7%,10%,in_vitro,['Fermentation pathway modulation'],Inferred,in vitro gas production,Medium,methane production decreased from 20.19mL/g to 14.79mL/g,10.47278/journal.ijvs/2025.063,auto,v2.0-126corpus,0.8,"{""source"": ""Gracilaria sp."", ""target"": ""methane"", ""edge_type"": ""INHIBITS"", ""effect_direction"": ""decrease"", ""effect_size"": ""26.7%"", ""dose"": ""10%"", ""experimental_system"": ""in_vitro"", ""mechanism_class"": [""Fermentation pathway modulation""], ""direct_or_inferred"": ""Inferred"", ""evidence_method"": ""in vitro gas production"", ""evidence_quality"": ""Medium"", ""supporting_quote"": ""methane production decreased from 20.19mL/g to 14.79mL/g"", ""paper_id"": ""10.47278/journal.ijvs/2025.063"", ""extraction_source"": ""auto"", ""prompt_version"": ""v2.0-126corpus"", ""confidence"": 0.8}"
R0082,Uncaria gambir,INHIBITS,ciliate protozoa,decrease,Not stated,1.4%,in_vitro,['Protozoal suppression'],Direct,microscopy,Medium,suppressing the protozoa population to 7.50x104cells/mL,10.47278/journal.ijvs/2025.063,auto,v2.0-126corpus,0.85,"{""source"": ""Uncaria gambir"", ""target"": ""ciliate protozoa"", ""edge_type"": ""INHIBITS"", ""effect_direction"": ""decrease"", ""effect_size"": ""Not stated"", ""dose"": ""1.4%"", ""experimental_system"": ""in_vitro"", ""mechanism_class"": [""Protozoal suppression""], ""direct_or_inferred"": ""Direct"", ""evidence_method"": ""microscopy"", ""evidence_quality"": ""Medium"", ""supporting_quote"": ""suppressing the protozoa population to 7.50x104cells/mL"", ""paper_id"": ""10.47278/journal.ijvs/2025.063"", ""extraction_source"": ""auto"", ""prompt_version"": ""v2.0-126corpus"", ""confidence"": 0.85}"
R0082,Gracilaria sp.,PROMOTES,dry matter digestibility,increase,from 59.05 to 66.95%,10%,in_vitro,['Fermentation pathway modulation'],Inferred,in vitro digestibility,Medium,adding seaweed could significantly increase the digestibility of dry matter from 59.05 to 66.95%,10.47278/journal.ijvs/2025.063,auto,v2.0-126corpus,0.85,"{""source"": ""Gracilaria sp."", ""target"": ""dry matter digestibility"", ""edge_type"": ""PROMOTES"", ""effect_direction"": ""increase"", ""effect_size"": ""from 59.05 to 66.95%"", ""dose"": ""10%"", ""experimental_system"": ""in_vitro"", ""mechanism_class"": [""Fermentation pathway modulation""], ""direct_or_inferred"": ""Inferred"", ""evidence_method"": ""in vitro digestibility"", ""evidence_quality"": ""Medium"", ""supporting_quote"": ""adding seaweed could significantly increase the digestibility of dry matter from 59.05 to 66.95%"", ""paper_id"": ""10.47278/journal.ijvs/2025.063"", ""extraction_source"": ""auto"", ""prompt_version"": ""v2.0-126corpus"", ""confidence"": 0.85}"
R0082,Gracilaria sp.,PROMOTES,organic matter digestibility,increase,from 58.92 to 68.72%,10%,in_vitro,['Fermentation pathway modulation'],Inferred,in vitro digestibility,Medium,adding seaweed could significantly increase the digestibility of organic matter from 58.92 to 68.72%,10.47278/journal.ijvs/2025.063,auto,v2.0-126corpus,0.85,"{""source"": ""Gracilaria sp."", ""target"": ""organic matter digestibility"", ""edge_type"": ""PROMOTES"", ""effect_direction"": ""increase"", ""effect_size"": ""from 58.92 to 68.72%"", ""dose"": ""10%"", ""experimental_system"": ""in_vitro"", ""mechanism_class"": [""Fermentation pathway modulation""], ""direct_or_inferred"": ""Inferred"", ""evidence_method"": ""in vitro digestibility"", ""evidence_quality"": ""Medium"", ""supporting_quote"": ""adding seaweed could significantly increase the digestibility of organic matter from 58.92 to 68.72%"", ""paper_id"": ""10.47278/journal.ijvs/2025.063"", ""extraction_source"": ""auto"", ""prompt_version"": ""v2.0-126corpus"", ""confidence"": 0.85}"
R0082,Gracilaria sp.,PROMOTES,VFA,increase,Not stated,10%,in_vitro,['Fermentation pathway modulation'],Inferred,in vitro fermentation,Medium,VFA concentration also increased,10.47278/journal.ijvs/2025.063,auto,v2.0-126corpus,0.8,"{""source"": ""Gracilaria sp."", ""target"": ""VFA"", ""edge_type"": ""PROMOTES"", ""effect_direction"": ""increase"", ""effect_size"": ""Not stated"", ""dose"": ""10%"", ""experimental_system"": ""in_vitro"", ""mechanism_class"": [""Fermentation pathway modulation""], ""direct_or_inferred"": ""Inferred"", ""evidence_method"": ""in vitro fermentation"", ""evidence_quality"": ""Medium"", ""supporting_quote"": ""VFA concentration also increased"", ""paper_id"": ""10.47278/journal.ijvs/2025.063"", ""extraction_source"": ""auto"", ""prompt_version"": ""v2.0-126corpus"", ""confidence"": 0.8}"
R0083,calcareous marine algae rumen buffer with MgO,INHIBITS,methane,decrease,40.1%,Not specified,in_vitro,['Hydrogen sink redistribution'],Inferred,in vitro gas production,High,CMA.MgO rumen buffer displayed significant reductions in CH4 emissions relative to the control (Rel % CH4; 40.1%),10.3389/fanim.2025.1546486,auto,v2.0-126corpus,0.85,"{""source"": ""calcareous marine algae rumen buffer with MgO"", ""target"": ""methane"", ""edge_type"": ""INHIBITS"", ""effect_direction"": ""decrease"", ""effect_size"": ""40.1%"", ""dose"": ""Not specified"", ""experimental_system"": ""in_vitro"", ""mechanism_class"": [""Hydrogen sink redistribution""], ""direct_or_inferred"": ""Inferred"", ""evidence_method"": ""in vitro gas production"", ""evidence_quality"": ""High"", ""supporting_quote"": ""CMA.MgO rumen buffer displayed significant reductions in CH4 emissions relative to the control (Rel % CH4; 40.1%)"", ""paper_id"": ""10.3389/fanim.2025.1546486"", ""extraction_source"": ""auto"", ""prompt_version"": ""v2.0-126corpus"", ""confidence"": 0.85}"
R0083,garlic powder,INHIBITS,methane,decrease,64.5%,Not specified,in_vitro,['Unknown/unclear mechanism'],Inferred,in vitro gas production,High,combining GP with the CMA buffer treatment led to significant reductions in Rel % CH4 by 64.5%,10.3389/fanim.2025.1546486,auto,v2.0-126corpus,0.85,"{""source"": ""garlic powder"", ""target"": ""methane"", ""edge_type"": ""INHIBITS"", ""effect_direction"": ""decrease"", ""effect_size"": ""64.5%"", ""dose"": ""Not specified"", ""experimental_system"": ""in_vitro"", ""mechanism_class"": [""Unknown/unclear mechanism""], ""direct_or_inferred"": ""Inferred"", ""evidence_method"": ""in vitro gas production"", ""evidence_quality"": ""High"", ""supporting_quote"": ""combining GP with the CMA buffer treatment led to significant reductions in Rel % CH4 by 64.5%"", ""paper_id"": ""10.3389/fanim.2025.1546486"", ""extraction_source"": ""auto"", ""prompt_version"": ""v2.0-126corpus"", ""confidence"": 0.85}"
R0083,calcareous marine algae rumen buffer,INHIBITS,methane,decrease,64.5%,Not specified,in_vitro,['Hydrogen sink redistribution'],Inferred,in vitro gas production,High,combining GP with the CMA buffer treatment led to significant reductions in Rel % CH4 by 64.5%,10.3389/fanim.2025.1546486,auto,v2.0-126corpus,0.85,"{""source"": ""calcareous marine algae rumen buffer"", ""target"": ""methane"", ""edge_type"": ""INHIBITS"", ""effect_direction"": ""decrease"", ""effect_size"": ""64.5%"", ""dose"": ""Not specified"", ""experimental_system"": ""in_vitro"", ""mechanism_class"": [""Hydrogen sink redistribution""], ""direct_or_inferred"": ""Inferred"", ""evidence_method"": ""in vitro gas production"", ""evidence_quality"": ""High"", ""supporting_quote"": ""combining GP with the CMA buffer treatment led to significant reductions in Rel % CH4 by 64.5%"", ""paper_id"": ""10.3389/fanim.2025.1546486"", ""extraction_source"": ""auto"", ""prompt_version"": ""v2.0-126corpus"", ""confidence"": 0.85}"
R0083,calcareous marine algae rumen buffer with MgO,PROMOTES,total VFA,increase,39.8%,Not specified,in_vitro,['Fermentation pathway modulation'],Inferred,in vitro gas production,High,sole supplementation of CMA.MgO increased total VFAs by 39.8%,10.3389/fanim.2025.1546486,auto,v2.0-126corpus,0.85,"{""source"": ""calcareous marine algae rumen buffer with MgO"", ""target"": ""total VFA"", ""edge_type"": ""PROMOTES"", ""effect_direction"": ""increase"", ""effect_size"": ""39.8%"", ""dose"": ""Not specified"", ""experimental_system"": ""in_vitro"", ""mechanism_class"": [""Fermentation pathway modulation""], ""direct_or_inferred"": ""Inferred"", ""evidence_method"": ""in vitro gas production"", ""evidence_quality"": ""High"", ""supporting_quote"": ""sole supplementation of CMA.MgO increased total VFAs by 39.8%"", ""paper_id"": ""10.3389/fanim.2025.1546486"", ""extraction_source"": ""auto"", ""prompt_version"": ""v2.0-126corpus"", ""confidence"": 0.85}"
R0083,garlic oil,PROMOTES,total VFA,increase,24.4%,Not specified,in_vitro,['Fermentation pathway modulation'],Inferred,in vitro gas production,High,sole supplementation of GO increased total VFAs by 24.4%,10.3389/fanim.2025.1546486,auto,v2.0-126corpus,0.85,"{""source"": ""garlic oil"", ""target"": ""total VFA"", ""edge_type"": ""PROMOTES"", ""effect_direction"": ""increase"", ""effect_size"": ""24.4%"", ""dose"": ""Not specified"", ""experimental_system"": ""in_vitro"", ""mechanism_class"": [""Fermentation pathway modulation""], ""direct_or_inferred"": ""Inferred"", ""evidence_method"": ""in vitro gas production"", ""evidence_quality"": ""High"", ""supporting_quote"": ""sole supplementation of GO increased total VFAs by 24.4%"", ""paper_id"": ""10.3389/fanim.2025.1546486"", ""extraction_source"": ""auto"", ""prompt_version"": ""v2.0-126corpus"", ""confidence"": 0.85}"
R0083,yucca schidigera plant extract,PROMOTES,total VFA,increase,22.6%,Not specified,in_vitro,['Fermentation pathway modulation'],Inferred,in vitro gas production,High,sole supplementation of Yucca increased total VFAs by 22.6%,10.3389/fanim.2025.1546486,auto,v2.0-126corpus,0.85,"{""source"": ""yucca schidigera plant extract"", ""target"": ""total VFA"", ""edge_type"": ""PROMOTES"", ""effect_direction"": ""increase"", ""effect_size"": ""22.6%"", ""dose"": ""Not specified"", ""experimental_system"": ""in_vitro"", ""mechanism_class"": [""Fermentation pathway modulation""], ""direct_or_inferred"": ""Inferred"", ""evidence_method"": ""in vitro gas production"", ""evidence_quality"": ""High"", ""supporting_quote"": ""sole supplementation of Yucca increased total VFAs by 22.6%"", ""paper_id"": ""10.3389/fanim.2025.1546486"", ""extraction_source"": ""auto"", ""prompt_version"": ""v2.0-126corpus"", ""confidence"": 0.85}"
R0084,Asparagopsis taxiformis,PRODUCES,bromoform,increase,"12,695 μg/g",Not specified,in_vitro,['Unknown/unclear mechanism'],Direct,GC-MS,High,"tetrasporophytes grown in PES exhibited significantly higher bromoform levels—up to 12,695 μg/g",10.1016/j.scitotenv.2025.179045,auto,v2.0-126corpus,0.95,"{""source"": ""Asparagopsis taxiformis"", ""target"": ""bromoform"", ""edge_type"": ""PRODUCES"", ""effect_direction"": ""increase"", ""effect_size"": ""12,695 μg/g"", ""dose"": ""Not specified"", ""experimental_system"": ""in_vitro"", ""mechanism_class"": [""Unknown/unclear mechanism""], ""direct_or_inferred"": ""Direct"", ""evidence_method"": ""GC-MS"", ""evidence_quality"": ""High"", ""supporting_quote"": ""tetrasporophytes grown in PES exhibited significantly higher bromoform levels—up to 12,695 μg/g"", ""paper_id"": ""10.1016/j.scitotenv.2025.179045"", ""extraction_source"": ""auto"", ""prompt_version"": ""v2.0-126corpus"", ""confidence"": 0.95}"
R0085,macroalgae (unspecified),PRODUCES,methane yield,decrease,138 ± 17 NmL CH4·g VS−1,Not specified,in_vitro,['Unknown/unclear mechanism'],Inferred,in vitro gas production,Medium,Milled macroalgae exhibited a low methane production yield (138 ± 17 NmL CH4·g volatile solid−1),10.1016/j.envres.2024.120008,auto,v2.0-126corpus,0.7,"{""source"": ""macroalgae (unspecified)"", ""target"": ""methane yield"", ""edge_type"": ""PRODUCES"", ""effect_direction"": ""decrease"", ""effect_size"": ""138 ± 17 NmL CH4·g VS−1"", ""dose"": ""Not specified"", ""experimental_system"": ""in_vitro"", ""mechanism_class"": [""Unknown/unclear mechanism""], ""direct_or_inferred"": ""Inferred"", ""evidence_method"": ""in vitro gas production"", ""evidence_quality"": ""Medium"", ""supporting_quote"": ""Milled macroalgae exhibited a low methane production yield (138 ± 17 NmL CH4·g volatile solid−1)"", ""paper_id"": ""10.1016/j.envres.2024.120008"", ""extraction_source"": ""auto"", ""prompt_version"": ""v2.0-126corpus"", ""confidence"": 0.7}"
R0085,macroalgae (unspecified),PRODUCES,volatile fatty acids,increase,3.6 ± 0.2 g VFA-COD·L−1,Not specified,in_vitro,['Unknown/unclear mechanism'],Inferred,in vitro fermentation,Medium,"ethanol treatment demonstrated the good efficiency in VFA production, reaching up to 3.6 ± 0.2 g VFA-(chemical oxygen demand, COD)·L−1",10.1016/j.envres.2024.120008,auto,v2.0-126corpus,0.7,"{""source"": ""macroalgae (unspecified)"", ""target"": ""volatile fatty acids"", ""edge_type"": ""PRODUCES"", ""effect_direction"": ""increase"", ""effect_size"": ""3.6 ± 0.2 g VFA-COD·L−1"", ""dose"": ""Not specified"", ""experimental_system"": ""in_vitro"", ""mechanism_class"": [""Unknown/unclear mechanism""], ""direct_or_inferred"": ""Inferred"", ""evidence_method"": ""in vitro fermentation"", ""evidence_quality"": ""Medium"", ""supporting_quote"": ""ethanol treatment demonstrated the good efficiency in VFA production, reaching up to 3.6 ± 0.2 g VFA-(chemical oxygen demand, COD)·L−1"", ""paper_id"": ""10.1016/j.envres.2024.120008"", ""extraction_source"": ""auto"", ""prompt_version"": ""v2.0-126corpus"", ""confidence"": 0.7}"
R0086,Sargassum cristaefolium,INHIBITS,methane yield,decrease,39.86%,10%,in_vitro,['Unknown/unclear mechanism'],Inferred,in vitro gas production,Medium,"Methane production decreased significantly at 10% inclusion, with reductions of 39.86%",10.14202/vetworld.2026.1665-1680,auto,v2.0-126corpus,0.8,"{""source"": ""Sargassum cristaefolium"", ""target"": ""methane yield"", ""edge_type"": ""INHIBITS"", ""effect_direction"": ""decrease"", ""effect_size"": ""39.86%"", ""dose"": ""10%"", ""experimental_system"": ""in_vitro"", ""mechanism_class"": [""Unknown/unclear mechanism""], ""direct_or_inferred"": ""Inferred"", ""evidence_method"": ""in vitro gas production"", ""evidence_quality"": ""Medium"", ""supporting_quote"": ""Methane production decreased significantly at 10% inclusion, with reductions of 39.86%"", ""paper_id"": ""10.14202/vetworld.2026.1665-1680"", ""extraction_source"": ""auto"", ""prompt_version"": ""v2.0-126corpus"", ""confidence"": 0.8}"
R0086,Sargassum crassifolium,INHIBITS,methane yield,decrease,29.30%,10%,in_vitro,['Unknown/unclear mechanism'],Inferred,in vitro gas production,Medium,"Methane production decreased significantly at 10% inclusion, with reductions of 29.30%",10.14202/vetworld.2026.1665-1680,auto,v2.0-126corpus,0.8,"{""source"": ""Sargassum crassifolium"", ""target"": ""methane yield"", ""edge_type"": ""INHIBITS"", ""effect_direction"": ""decrease"", ""effect_size"": ""29.30%"", ""dose"": ""10%"", ""experimental_system"": ""in_vitro"", ""mechanism_class"": [""Unknown/unclear mechanism""], ""direct_or_inferred"": ""Inferred"", ""evidence_method"": ""in vitro gas production"", ""evidence_quality"": ""Medium"", ""supporting_quote"": ""Methane production decreased significantly at 10% inclusion, with reductions of 29.30%"", ""paper_id"": ""10.14202/vetworld.2026.1665-1680"", ""extraction_source"": ""auto"", ""prompt_version"": ""v2.0-126corpus"", ""confidence"": 0.8}"
R0086,Enhalus acoroides,INHIBITS,methane yield,decrease,23.92%,10%,in_vitro,['Unknown/unclear mechanism'],Inferred,in vitro gas production,Medium,"Methane production decreased significantly at 10% inclusion, with reductions of 23.92%",10.14202/vetworld.2026.1665-1680,auto,v2.0-126corpus,0.8,"{""source"": ""Enhalus acoroides"", ""target"": ""methane yield"", ""edge_type"": ""INHIBITS"", ""effect_direction"": ""decrease"", ""effect_size"": ""23.92%"", ""dose"": ""10%"", ""experimental_system"": ""in_vitro"", ""mechanism_class"": [""Unknown/unclear mechanism""], ""direct_or_inferred"": ""Inferred"", ""evidence_method"": ""in vitro gas production"", ""evidence_quality"": ""Medium"", ""supporting_quote"": ""Methane production decreased significantly at 10% inclusion, with reductions of 23.92%"", ""paper_id"": ""10.14202/vetworld.2026.1665-1680"", ""extraction_source"": ""auto"", ""prompt_version"": ""v2.0-126corpus"", ""confidence"": 0.8}"
R0086,Sargassum cristaefolium,PROMOTES,dry matter degradation,increase,Not stated,10%,in_vitro,['Unknown/unclear mechanism'],Inferred,in vitro gas production,Medium,Supplementation at 10% significantly enhanced DMD,10.14202/vetworld.2026.1665-1680,auto,v2.0-126corpus,0.8,"{""source"": ""Sargassum cristaefolium"", ""target"": ""dry matter degradation"", ""edge_type"": ""PROMOTES"", ""effect_direction"": ""increase"", ""effect_size"": ""Not stated"", ""dose"": ""10%"", ""experimental_system"": ""in_vitro"", ""mechanism_class"": [""Unknown/unclear mechanism""], ""direct_or_inferred"": ""Inferred"", ""evidence_method"": ""in vitro gas production"", ""evidence_quality"": ""Medium"", ""supporting_quote"": ""Supplementation at 10% significantly enhanced DMD"", ""paper_id"": ""10.14202/vetworld.2026.1665-1680"", ""extraction_source"": ""auto"", ""prompt_version"": ""v2.0-126corpus"", ""confidence"": 0.8}"
R0086,Sargassum cristaefolium,PROMOTES,organic matter degradation,increase,Not stated,10%,in_vitro,['Unknown/unclear mechanism'],Inferred,in vitro gas production,Medium,Supplementation at 10% significantly enhanced OMD,10.14202/vetworld.2026.1665-1680,auto,v2.0-126corpus,0.8,"{""source"": ""Sargassum cristaefolium"", ""target"": ""organic matter degradation"", ""edge_type"": ""PROMOTES"", ""effect_direction"": ""increase"", ""effect_size"": ""Not stated"", ""dose"": ""10%"", ""experimental_system"": ""in_vitro"", ""mechanism_class"": [""Unknown/unclear mechanism""], ""direct_or_inferred"": ""Inferred"", ""evidence_method"": ""in vitro gas production"", ""evidence_quality"": ""Medium"", ""supporting_quote"": ""Supplementation at 10% significantly enhanced OMD"", ""paper_id"": ""10.14202/vetworld.2026.1665-1680"", ""extraction_source"": ""auto"", ""prompt_version"": ""v2.0-126corpus"", ""confidence"": 0.8}"
R0086,Sargassum cristaefolium,PROMOTES,ammonia nitrogen,increase,Not stated,10%,in_vitro,['Unknown/unclear mechanism'],Inferred,in vitro gas production,Medium,Supplementation at 10% significantly enhanced NH3,10.14202/vetworld.2026.1665-1680,auto,v2.0-126corpus,0.8,"{""source"": ""Sargassum cristaefolium"", ""target"": ""ammonia nitrogen"", ""edge_type"": ""PROMOTES"", ""effect_direction"": ""increase"", ""effect_size"": ""Not stated"", ""dose"": ""10%"", ""experimental_system"": ""in_vitro"", ""mechanism_class"": [""Unknown/unclear mechanism""], ""direct_or_inferred"": ""Inferred"", ""evidence_method"": ""in vitro gas production"", ""evidence_quality"": ""Medium"", ""supporting_quote"": ""Supplementation at 10% significantly enhanced NH3"", ""paper_id"": ""10.14202/vetworld.2026.1665-1680"", ""extraction_source"": ""auto"", ""prompt_version"": ""v2.0-126corpus"", ""confidence"": 0.8}"
R0086,Sargassum cristaefolium,PROMOTES,volatile fatty acids,increase,Not stated,10%,in_vitro,['Unknown/unclear mechanism'],Inferred,in vitro gas production,Medium,Supplementation at 10% significantly enhanced VFA,10.14202/vetworld.2026.1665-1680,auto,v2.0-126corpus,0.8,"{""source"": ""Sargassum cristaefolium"", ""target"": ""volatile fatty acids"", ""edge_type"": ""PROMOTES"", ""effect_direction"": ""increase"", ""effect_size"": ""Not stated"", ""dose"": ""10%"", ""experimental_system"": ""in_vitro"", ""mechanism_class"": [""Unknown/unclear mechanism""], ""direct_or_inferred"": ""Inferred"", ""evidence_method"": ""in vitro gas production"", ""evidence_quality"": ""Medium"", ""supporting_quote"": ""Supplementation at 10% significantly enhanced VFA"", ""paper_id"": ""10.14202/vetworld.2026.1665-1680"", ""extraction_source"": ""auto"", ""prompt_version"": ""v2.0-126corpus"", ""confidence"": 0.8}"
R0086,Sargassum cristaefolium,PROMOTES,microbial protein synthesis,increase,Not stated,10%,in_vitro,['Unknown/unclear mechanism'],Inferred,in vitro gas production,Medium,Supplementation at 10% significantly enhanced microbial protein synthesis,10.14202/vetworld.2026.1665-1680,auto,v2.0-126corpus,0.8,"{""source"": ""Sargassum cristaefolium"", ""target"": ""microbial protein synthesis"", ""edge_type"": ""PROMOTES"", ""effect_direction"": ""increase"", ""effect_size"": ""Not stated"", ""dose"": ""10%"", ""experimental_system"": ""in_vitro"", ""mechanism_class"": [""Unknown/unclear mechanism""], ""direct_or_inferred"": ""Inferred"", ""evidence_method"": ""in vitro gas production"", ""evidence_quality"": ""Medium"", ""supporting_quote"": ""Supplementation at 10% significantly enhanced microbial protein synthesis"", ""paper_id"": ""10.14202/vetworld.2026.1665-1680"", ""extraction_source"": ""auto"", ""prompt_version"": ""v2.0-126corpus"", ""confidence"": 0.8}"
R0087,Bonnemaisonia hamifera,INHIBITS,predicted in vivo CH4,decrease,Not stated,"2.5%, 5.0%, 7.5% OM",in_vitro,['Fermentation pathway modulation'],Inferred,in vitro gas production,Medium,inclusion of B. hamifera reduced predicted in vivo CH4 and total gas productions,10.3390/ani13182925,auto,v2.0-126corpus,0.8,"{""source"": ""Bonnemaisonia hamifera"", ""target"": ""predicted in vivo CH4"", ""edge_type"": ""INHIBITS"", ""effect_direction"": ""decrease"", ""effect_size"": ""Not stated"", ""dose"": ""2.5%, 5.0%, 7.5% OM"", ""experimental_system"": ""in_vitro"", ""mechanism_class"": [""Fermentation pathway modulation""], ""direct_or_inferred"": ""Inferred"", ""evidence_method"": ""in vitro gas production"", ""evidence_quality"": ""Medium"", ""supporting_quote"": ""inclusion of B. hamifera reduced predicted in vivo CH4 and total gas productions"", ""paper_id"": ""10.3390/ani13182925"", ""extraction_source"": ""auto"", ""prompt_version"": ""v2.0-126corpus"", ""confidence"": 0.8}"
R0088,Asparagopsis taxiformis,PRODUCES,bromoform,increase,Not stated,Not specified,in_vitro,['Unknown/unclear mechanism'],Inferred,Not stated,Low,Asparagopsis taxiformis inhibits ruminal methane production due to its bromoform content,10.3168/jds.2023-23506,auto,v2.0-126corpus,0.8,"{""source"": ""Asparagopsis taxiformis"", ""target"": ""bromoform"", ""edge_type"": ""PRODUCES"", ""effect_direction"": ""increase"", ""effect_size"": ""Not stated"", ""dose"": ""Not specified"", ""experimental_system"": ""in_vitro"", ""mechanism_class"": [""Unknown/unclear mechanism""], ""direct_or_inferred"": ""Inferred"", ""evidence_method"": ""Not stated"", ""evidence_quality"": ""Low"", ""supporting_quote"": ""Asparagopsis taxiformis inhibits ruminal methane production due to its bromoform content"", ""paper_id"": ""10.3168/jds.2023-23506"", ""extraction_source"": ""auto"", ""prompt_version"": ""v2.0-126corpus"", ""confidence"": 0.8}"
R0088,bromoform,INHIBITS,methane,decrease,87%,150 μg/g DM,in_vitro,['Fermentation pathway modulation'],Inferred,in vitro gas production,High,"Methane (mL) production decreased linearly with increasing CHBr3 concentrations, with 33%, 47%, and 87% reductions for B75, B100, and B150",10.3168/jds.2023-23506,auto,v2.0-126corpus,0.95,"{""source"": ""bromoform"", ""target"": ""methane"", ""edge_type"": ""INHIBITS"", ""effect_direction"": ""decrease"", ""effect_size"": ""87%"", ""dose"": ""150 μg/g DM"", ""experimental_system"": ""in_vitro"", ""mechanism_class"": [""Fermentation pathway modulation""], ""direct_or_inferred"": ""Inferred"", ""evidence_method"": ""in vitro gas production"", ""evidence_quality"": ""High"", ""supporting_quote"": ""Methane (mL) production decreased linearly with increasing CHBr3 concentrations, with 33%, 47%, and 87% reductions for B75, B100, and B150"", ""paper_id"": ""10.3168/jds.2023-23506"", ""extraction_source"": ""auto"", ""prompt_version"": ""v2.0-126corpus"", ""confidence"": 0.95}"
R0088,bromoform,MODULATES,VFA,decrease,20%,Not specified,in_vitro,['Fermentation pathway modulation'],Direct,in vitro gas production,High,Total VFA concentration was unaffected by oil inclusion but was reduced by 20% in CHBr3-containing treatments,10.3168/jds.2023-23506,auto,v2.0-126corpus,0.9,"{""source"": ""bromoform"", ""target"": ""VFA"", ""edge_type"": ""MODULATES"", ""effect_direction"": ""decrease"", ""effect_size"": ""20%"", ""dose"": ""Not specified"", ""experimental_system"": ""in_vitro"", ""mechanism_class"": [""Fermentation pathway modulation""], ""direct_or_inferred"": ""Direct"", ""evidence_method"": ""in vitro gas production"", ""evidence_quality"": ""High"", ""supporting_quote"": ""Total VFA concentration was unaffected by oil inclusion but was reduced by 20% in CHBr3-containing treatments"", ""paper_id"": ""10.3168/jds.2023-23506"", ""extraction_source"": ""auto"", ""prompt_version"": ""v2.0-126corpus"", ""confidence"": 0.9}"
R0088,bromoform,MODULATES,biohydrogenation,mixed,Not stated,Not specified,in_vitro,['Fermentation pathway modulation'],Direct,in vitro gas production,High,increasing the concentration of CHBr3 had no effect on 18:2n-6 but decreased linearly the 18:0 and increased the trans-18:1 isomers,10.3168/jds.2023-23506,auto,v2.0-126corpus,0.85,"{""source"": ""bromoform"", ""target"": ""biohydrogenation"", ""edge_type"": ""MODULATES"", ""effect_direction"": ""mixed"", ""effect_size"": ""Not stated"", ""dose"": ""Not specified"", ""experimental_system"": ""in_vitro"", ""mechanism_class"": [""Fermentation pathway modulation""], ""direct_or_inferred"": ""Direct"", ""evidence_method"": ""in vitro gas production"", ""evidence_quality"": ""High"", ""supporting_quote"": ""increasing the concentration of CHBr3 had no effect on 18:2n-6 but decreased linearly the 18:0 and increased the trans-18:1 isomers"", ""paper_id"": ""10.3168/jds.2023-23506"", ""extraction_source"": ""auto"", ""prompt_version"": ""v2.0-126corpus"", ""confidence"": 0.85}"
R0089,Saccharina latissima,MODULATES,methane yield,mixed,Not stated,Not specified,in_vitro,['Unknown/unclear mechanism'],Inferred,in vitro gas production,Medium,"When goats inoculum was used, greater CH4 production compared with pre-ensiling S. latissima was observed in all silages, except Control one",10.1080/1745039X.2023.2241339,auto,v2.0-126corpus,0.75,"{""source"": ""Saccharina latissima"", ""target"": ""methane yield"", ""edge_type"": ""MODULATES"", ""effect_direction"": ""mixed"", ""effect_size"": ""Not stated"", ""dose"": ""Not specified"", ""experimental_system"": ""in_vitro"", ""mechanism_class"": [""Unknown/unclear mechanism""], ""direct_or_inferred"": ""Inferred"", ""evidence_method"": ""in vitro gas production"", ""evidence_quality"": ""Medium"", ""supporting_quote"": ""When goats inoculum was used, greater CH4 production compared with pre-ensiling S. latissima was observed in all silages, except Control one"", ""paper_id"": ""10.1080/1745039X.2023.2241339"", ""extraction_source"": ""auto"", ""prompt_version"": ""v2.0-126corpus"", ""confidence"": 0.75}"
R0089,Saccharina latissima,MODULATES,volatile fatty acids,mixed,Not stated,Not specified,in_vitro,['Fermentation pathway modulation'],Inferred,in vitro gas production,Medium,VFA profile shifted towards greater acetate and lower propionate proportions in all silages compared with the pre-ensiling S. latissima,10.1080/1745039X.2023.2241339,auto,v2.0-126corpus,0.8,"{""source"": ""Saccharina latissima"", ""target"": ""volatile fatty acids"", ""edge_type"": ""MODULATES"", ""effect_direction"": ""mixed"", ""effect_size"": ""Not stated"", ""dose"": ""Not specified"", ""experimental_system"": ""in_vitro"", ""mechanism_class"": [""Fermentation pathway modulation""], ""direct_or_inferred"": ""Inferred"", ""evidence_method"": ""in vitro gas production"", ""evidence_quality"": ""Medium"", ""supporting_quote"": ""VFA profile shifted towards greater acetate and lower propionate proportions in all silages compared with the pre-ensiling S. latissima"", ""paper_id"": ""10.1080/1745039X.2023.2241339"", ""extraction_source"": ""auto"", ""prompt_version"": ""v2.0-126corpus"", ""confidence"": 0.8}"
R0090,Thallus laminariae,PROMOTES,Firmicutes,increase,Not stated,Not specified,in_vivo,['Microbial community restructuring'],Direct,16S rRNA,Medium,kelp feeding significantly promoted the proliferation of Firmicutes,10.3390/ani9100852,auto,v2.0-126corpus,0.8,"{""source"": ""Thallus laminariae"", ""target"": ""Firmicutes"", ""edge_type"": ""PROMOTES"", ""effect_direction"": ""increase"", ""effect_size"": ""Not stated"", ""dose"": ""Not specified"", ""experimental_system"": ""in_vivo"", ""mechanism_class"": [""Microbial community restructuring""], ""direct_or_inferred"": ""Direct"", ""evidence_method"": ""16S rRNA"", ""evidence_quality"": ""Medium"", ""supporting_quote"": ""kelp feeding significantly promoted the proliferation of Firmicutes"", ""paper_id"": ""10.3390/ani9100852"", ""extraction_source"": ""auto"", ""prompt_version"": ""v2.0-126corpus"", ""confidence"": 0.8}"
R0090,Thallus laminariae,PROMOTES,Proteobacteria,increase,Not stated,Not specified,in_vivo,['Microbial community restructuring'],Direct,16S rRNA,Medium,kelp feeding significantly promoted the proliferation of Proteobacteria,10.3390/ani9100852,auto,v2.0-126corpus,0.8,"{""source"": ""Thallus laminariae"", ""target"": ""Proteobacteria"", ""edge_type"": ""PROMOTES"", ""effect_direction"": ""increase"", ""effect_size"": ""Not stated"", ""dose"": ""Not specified"", ""experimental_system"": ""in_vivo"", ""mechanism_class"": [""Microbial community restructuring""], ""direct_or_inferred"": ""Direct"", ""evidence_method"": ""16S rRNA"", ""evidence_quality"": ""Medium"", ""supporting_quote"": ""kelp feeding significantly promoted the proliferation of Proteobacteria"", ""paper_id"": ""10.3390/ani9100852"", ""extraction_source"": ""auto"", ""prompt_version"": ""v2.0-126corpus"", ""confidence"": 0.8}"
R0090,Thallus laminariae,INHIBITS,Bacteroidetes,decrease,Not stated,Not specified,in_vivo,['Microbial community restructuring'],Direct,16S rRNA,Medium,kelp feeding significantly suppressed Bacteroidetes,10.3390/ani9100852,auto,v2.0-126corpus,0.8,"{""source"": ""Thallus laminariae"", ""target"": ""Bacteroidetes"", ""edge_type"": ""INHIBITS"", ""effect_direction"": ""decrease"", ""effect_size"": ""Not stated"", ""dose"": ""Not specified"", ""experimental_system"": ""in_vivo"", ""mechanism_class"": [""Microbial community restructuring""], ""direct_or_inferred"": ""Direct"", ""evidence_method"": ""16S rRNA"", ""evidence_quality"": ""Medium"", ""supporting_quote"": ""kelp feeding significantly suppressed Bacteroidetes"", ""paper_id"": ""10.3390/ani9100852"", ""extraction_source"": ""auto"", ""prompt_version"": ""v2.0-126corpus"", ""confidence"": 0.8}"
R0090,Thallus laminariae,PROMOTES,total volatile fatty acids,increase,Not stated,Not specified,in_vivo,['Fermentation pathway modulation'],Direct,Not stated,Medium,kelp significantly raised TVFA,10.3390/ani9100852,auto,v2.0-126corpus,0.8,"{""source"": ""Thallus laminariae"", ""target"": ""total volatile fatty acids"", ""edge_type"": ""PROMOTES"", ""effect_direction"": ""increase"", ""effect_size"": ""Not stated"", ""dose"": ""Not specified"", ""experimental_system"": ""in_vivo"", ""mechanism_class"": [""Fermentation pathway modulation""], ""direct_or_inferred"": ""Direct"", ""evidence_method"": ""Not stated"", ""evidence_quality"": ""Medium"", ""supporting_quote"": ""kelp significantly raised TVFA"", ""paper_id"": ""10.3390/ani9100852"", ""extraction_source"": ""auto"", ""prompt_version"": ""v2.0-126corpus"", ""confidence"": 0.8}"
R0090,Thallus laminariae,INHIBITS,ammonia-N,decrease,Not stated,Not specified,in_vivo,['Fermentation pathway modulation'],Direct,Not stated,Medium,kelp significantly reduced the ammonia-N content,10.3390/ani9100852,auto,v2.0-126corpus,0.8,"{""source"": ""Thallus laminariae"", ""target"": ""ammonia-N"", ""edge_type"": ""INHIBITS"", ""effect_direction"": ""decrease"", ""effect_size"": ""Not stated"", ""dose"": ""Not specified"", ""experimental_system"": ""in_vivo"", ""mechanism_class"": [""Fermentation pathway modulation""], ""direct_or_inferred"": ""Direct"", ""evidence_method"": ""Not stated"", ""evidence_quality"": ""Medium"", ""supporting_quote"": ""kelp significantly reduced the ammonia-N content"", ""paper_id"": ""10.3390/ani9100852"", ""extraction_source"": ""auto"", ""prompt_version"": ""v2.0-126corpus"", ""confidence"": 0.8}"
R0091,Halymenia sp.,INHIBITS,methane yield,decrease,Not stated,500 mg substrate per 50 ml buffered rumen fluid,in_vitro,['Unknown/unclear mechanism'],Inferred,in vitro gas production,Medium,The lowest methane production (ml/g DM incubated) significantly (P<0.05) was reduced by Halymenia sp. (0.24),10.1088/1755-1315/1266/1/012072,auto,v2.0-126corpus,0.8,"{""source"": ""Halymenia sp."", ""target"": ""methane yield"", ""edge_type"": ""INHIBITS"", ""effect_direction"": ""decrease"", ""effect_size"": ""Not stated"", ""dose"": ""500 mg substrate per 50 ml buffered rumen fluid"", ""experimental_system"": ""in_vitro"", ""mechanism_class"": [""Unknown/unclear mechanism""], ""direct_or_inferred"": ""Inferred"", ""evidence_method"": ""in vitro gas production"", ""evidence_quality"": ""Medium"", ""supporting_quote"": ""The lowest methane production (ml/g DM incubated) significantly (P<0.05) was reduced by Halymenia sp. (0.24)"", ""paper_id"": ""10.1088/1755-1315/1266/1/012072"", ""extraction_source"": ""auto"", ""prompt_version"": ""v2.0-126corpus"", ""confidence"": 0.8}"
R0091,Caulerpa racemosa,INHIBITS,methane yield,decrease,Not stated,500 mg substrate per 50 ml buffered rumen fluid,in_vitro,['Unknown/unclear mechanism'],Inferred,in vitro gas production,Medium,The lowest methane production (ml/g DM incubated) significantly (P<0.05) was reduced by ... Caulerpa racemosa (0.41),10.1088/1755-1315/1266/1/012072,auto,v2.0-126corpus,0.8,"{""source"": ""Caulerpa racemosa"", ""target"": ""methane yield"", ""edge_type"": ""INHIBITS"", ""effect_direction"": ""decrease"", ""effect_size"": ""Not stated"", ""dose"": ""500 mg substrate per 50 ml buffered rumen fluid"", ""experimental_system"": ""in_vitro"", ""mechanism_class"": [""Unknown/unclear mechanism""], ""direct_or_inferred"": ""Inferred"", ""evidence_method"": ""in vitro gas production"", ""evidence_quality"": ""Medium"", ""supporting_quote"": ""The lowest methane production (ml/g DM incubated) significantly (P<0.05) was reduced by ... Caulerpa racemosa (0.41)"", ""paper_id"": ""10.1088/1755-1315/1266/1/012072"", ""extraction_source"": ""auto"", ""prompt_version"": ""v2.0-126corpus"", ""confidence"": 0.8}"
R0092,Colaconema spp.,PROMOTES,propionate concentration,increase,ΔC3=1.216,4% DM,in_vitro,['Fermentation pathway modulation'],Direct,"ANKOM Rf gas production system, SCFA analysis",High,The addition of the red alga Colaconema spp. altered the SCFA profile with a shift towards propionate (ΔC3=1.216; p<0.001),10.3390/ruminants6010018,auto,v2.0-126corpus,0.95,"{""source"": ""Colaconema spp."", ""target"": ""propionate concentration"", ""edge_type"": ""PROMOTES"", ""effect_direction"": ""increase"", ""effect_size"": ""ΔC3=1.216"", ""dose"": ""4% DM"", ""experimental_system"": ""in_vitro"", ""mechanism_class"": [""Fermentation pathway modulation""], ""direct_or_inferred"": ""Direct"", ""evidence_method"": ""ANKOM Rf gas production system, SCFA analysis"", ""evidence_quality"": ""High"", ""supporting_quote"": ""The addition of the red alga Colaconema spp. altered the SCFA profile with a shift towards propionate (ΔC3=1.216; p<0.001)"", ""paper_id"": ""10.3390/ruminants6010018"", ""extraction_source"": ""auto"", ""prompt_version"": ""v2.0-126corpus"", ""confidence"": 0.95}"
R0092,Ulva intestinalis,PROMOTES,propionate concentration,increase,ΔC3=0.516,4% DM (Trial 2),in_vitro,['Fermentation pathway modulation'],Direct,"ANKOM Rf gas production system, SCFA analysis",High,"The same could be assessed for Ulva intestinalis, limited to Trial 2 (ΔC3=0.516; p<0.001)",10.3390/ruminants6010018,auto,v2.0-126corpus,0.95,"{""source"": ""Ulva intestinalis"", ""target"": ""propionate concentration"", ""edge_type"": ""PROMOTES"", ""effect_direction"": ""increase"", ""effect_size"": ""ΔC3=0.516"", ""dose"": ""4% DM (Trial 2)"", ""experimental_system"": ""in_vitro"", ""mechanism_class"": [""Fermentation pathway modulation""], ""direct_or_inferred"": ""Direct"", ""evidence_method"": ""ANKOM Rf gas production system, SCFA analysis"", ""evidence_quality"": ""High"", ""supporting_quote"": ""The same could be assessed for Ulva intestinalis, limited to Trial 2 (ΔC3=0.516; p<0.001)"", ""paper_id"": ""10.3390/ruminants6010018"", ""extraction_source"": ""auto"", ""prompt_version"": ""v2.0-126corpus"", ""confidence"": 0.95}"
R0092,Colaconema spp.,MODULATES,methane yield,no_change,Not stated,4% DM,in_vitro,['Fermentation pathway modulation'],Direct,"ANKOM Rf gas production system, gas composition analysis",High,While there was no significant methane reduction at the chosen inclusion rates,10.3390/ruminants6010018,auto,v2.0-126corpus,0.85,"{""source"": ""Colaconema spp."", ""target"": ""methane yield"", ""edge_type"": ""MODULATES"", ""effect_direction"": ""no_change"", ""effect_size"": ""Not stated"", ""dose"": ""4% DM"", ""experimental_system"": ""in_vitro"", ""mechanism_class"": [""Fermentation pathway modulation""], ""direct_or_inferred"": ""Direct"", ""evidence_method"": ""ANKOM Rf gas production system, gas composition analysis"", ""evidence_quality"": ""High"", ""supporting_quote"": ""While there was no significant methane reduction at the chosen inclusion rates"", ""paper_id"": ""10.3390/ruminants6010018"", ""extraction_source"": ""auto"", ""prompt_version"": ""v2.0-126corpus"", ""confidence"": 0.85}"
R0092,Ulva intestinalis,MODULATES,methane yield,no_change,Not stated,4% DM,in_vitro,['Fermentation pathway modulation'],Direct,"ANKOM Rf gas production system, gas composition analysis",High,While there was no significant methane reduction at the chosen inclusion rates,10.3390/ruminants6010018,auto,v2.0-126corpus,0.85,"{""source"": ""Ulva intestinalis"", ""target"": ""methane yield"", ""edge_type"": ""MODULATES"", ""effect_direction"": ""no_change"", ""effect_size"": ""Not stated"", ""dose"": ""4% DM"", ""experimental_system"": ""in_vitro"", ""mechanism_class"": [""Fermentation pathway modulation""], ""direct_or_inferred"": ""Direct"", ""evidence_method"": ""ANKOM Rf gas production system, gas composition analysis"", ""evidence_quality"": ""High"", ""supporting_quote"": ""While there was no significant methane reduction at the chosen inclusion rates"", ""paper_id"": ""10.3390/ruminants6010018"", ""extraction_source"": ""auto"", ""prompt_version"": ""v2.0-126corpus"", ""confidence"": 0.85}"
R0092,Ceramium spp.,MODULATES,methane yield,no_change,Not stated,4% DM,in_vitro,['Unknown/unclear mechanism'],Inferred,"ANKOM Rf gas production system, gas composition analysis",Medium,While there was no significant methane reduction at the chosen inclusion rates,10.3390/ruminants6010018,auto,v2.0-126corpus,0.75,"{""source"": ""Ceramium spp."", ""target"": ""methane yield"", ""edge_type"": ""MODULATES"", ""effect_direction"": ""no_change"", ""effect_size"": ""Not stated"", ""dose"": ""4% DM"", ""experimental_system"": ""in_vitro"", ""mechanism_class"": [""Unknown/unclear mechanism""], ""direct_or_inferred"": ""Inferred"", ""evidence_method"": ""ANKOM Rf gas production system, gas composition analysis"", ""evidence_quality"": ""Medium"", ""supporting_quote"": ""While there was no significant methane reduction at the chosen inclusion rates"", ""paper_id"": ""10.3390/ruminants6010018"", ""extraction_source"": ""auto"", ""prompt_version"": ""v2.0-126corpus"", ""confidence"": 0.75}"
R0092,Pylaiella litoralis,MODULATES,methane yield,no_change,Not stated,4% DM,in_vitro,['Unknown/unclear mechanism'],Inferred,"ANKOM Rf gas production system, gas composition analysis",Medium,While there was no significant methane reduction at the chosen inclusion rates,10.3390/ruminants6010018,auto,v2.0-126corpus,0.75,"{""source"": ""Pylaiella litoralis"", ""target"": ""methane yield"", ""edge_type"": ""MODULATES"", ""effect_direction"": ""no_change"", ""effect_size"": ""Not stated"", ""dose"": ""4% DM"", ""experimental_system"": ""in_vitro"", ""mechanism_class"": [""Unknown/unclear mechanism""], ""direct_or_inferred"": ""Inferred"", ""evidence_method"": ""ANKOM Rf gas production system, gas composition analysis"", ""evidence_quality"": ""Medium"", ""supporting_quote"": ""While there was no significant methane reduction at the chosen inclusion rates"", ""paper_id"": ""10.3390/ruminants6010018"", ""extraction_source"": ""auto"", ""prompt_version"": ""v2.0-126corpus"", ""confidence"": 0.75}"
R0092,Haematococcus pluvialis,MODULATES,methane yield,no_change,Not stated,4% DM,in_vitro,['Unknown/unclear mechanism'],Inferred,"ANKOM Rf gas production system, gas composition analysis",Medium,While there was no significant methane reduction at the chosen inclusion rates,10.3390/ruminants6010018,auto,v2.0-126corpus,0.75,"{""source"": ""Haematococcus pluvialis"", ""target"": ""methane yield"", ""edge_type"": ""MODULATES"", ""effect_direction"": ""no_change"", ""effect_size"": ""Not stated"", ""dose"": ""4% DM"", ""experimental_system"": ""in_vitro"", ""mechanism_class"": [""Unknown/unclear mechanism""], ""direct_or_inferred"": ""Inferred"", ""evidence_method"": ""ANKOM Rf gas production system, gas composition analysis"", ""evidence_quality"": ""Medium"", ""supporting_quote"": ""While there was no significant methane reduction at the chosen inclusion rates"", ""paper_id"": ""10.3390/ruminants6010018"", ""extraction_source"": ""auto"", ""prompt_version"": ""v2.0-126corpus"", ""confidence"": 0.75}"
R0092,Porphyridium purpureum,MODULATES,methane yield,no_change,Not stated,4% DM,in_vitro,['Unknown/unclear mechanism'],Inferred,"ANKOM Rf gas production system, gas composition analysis",Medium,While there was no significant methane reduction at the chosen inclusion rates,10.3390/ruminants6010018,auto,v2.0-126corpus,0.75,"{""source"": ""Porphyridium purpureum"", ""target"": ""methane yield"", ""edge_type"": ""MODULATES"", ""effect_direction"": ""no_change"", ""effect_size"": ""Not stated"", ""dose"": ""4% DM"", ""experimental_system"": ""in_vitro"", ""mechanism_class"": [""Unknown/unclear mechanism""], ""direct_or_inferred"": ""Inferred"", ""evidence_method"": ""ANKOM Rf gas production system, gas composition analysis"", ""evidence_quality"": ""Medium"", ""supporting_quote"": ""While there was no significant methane reduction at the chosen inclusion rates"", ""paper_id"": ""10.3390/ruminants6010018"", ""extraction_source"": ""auto"", ""prompt_version"": ""v2.0-126corpus"", ""confidence"": 0.75}"
R0095,Sargassum mcclurei,INHIBITS,methane yield,decrease,18.85%,2% DM,in_vitro,"['Microbial community restructuring', 'Fermentation pathway modulation']",Direct,16S rRNA,High,freeze-dried S. mcclurei at 2% supplementation significantly reduced CH4 emissions by 18.85%,10.3390/ani14142057,auto,v2.0-126corpus,0.9,"{""source"": ""Sargassum mcclurei"", ""target"": ""methane yield"", ""edge_type"": ""INHIBITS"", ""effect_direction"": ""decrease"", ""effect_size"": ""18.85%"", ""dose"": ""2% DM"", ""experimental_system"": ""in_vitro"", ""mechanism_class"": [""Microbial community restructuring"", ""Fermentation pathway modulation""], ""direct_or_inferred"": ""Direct"", ""evidence_method"": ""16S rRNA"", ""evidence_quality"": ""High"", ""supporting_quote"": ""freeze-dried S. mcclurei at 2% supplementation significantly reduced CH4 emissions by 18.85%"", ""paper_id"": ""10.3390/ani14142057"", ""extraction_source"": ""auto"", ""prompt_version"": ""v2.0-126corpus"", ""confidence"": 0.9}"
R0095,Sargassum mcclurei,INHIBITS,Methanomicrobium,decrease,Not stated,2% DM,in_vitro,['Microbial community restructuring'],Direct,16S rRNA,High,significant reduction in Methanomicrobium was observed,10.3390/ani14142057,auto,v2.0-126corpus,0.85,"{""source"": ""Sargassum mcclurei"", ""target"": ""Methanomicrobium"", ""edge_type"": ""INHIBITS"", ""effect_direction"": ""decrease"", ""effect_size"": ""Not stated"", ""dose"": ""2% DM"", ""experimental_system"": ""in_vitro"", ""mechanism_class"": [""Microbial community restructuring""], ""direct_or_inferred"": ""Direct"", ""evidence_method"": ""16S rRNA"", ""evidence_quality"": ""High"", ""supporting_quote"": ""significant reduction in Methanomicrobium was observed"", ""paper_id"": ""10.3390/ani14142057"", ""extraction_source"": ""auto"", ""prompt_version"": ""v2.0-126corpus"", ""confidence"": 0.85}"
R0095,Sargassum mcclurei,PROMOTES,propionate production,increase,Not stated,2% DM,in_vitro,['Fermentation pathway modulation'],Inferred,VFA measurement,Medium,promoting propionate production,10.3390/ani14142057,auto,v2.0-126corpus,0.8,"{""source"": ""Sargassum mcclurei"", ""target"": ""propionate production"", ""edge_type"": ""PROMOTES"", ""effect_direction"": ""increase"", ""effect_size"": ""Not stated"", ""dose"": ""2% DM"", ""experimental_system"": ""in_vitro"", ""mechanism_class"": [""Fermentation pathway modulation""], ""direct_or_inferred"": ""Inferred"", ""evidence_method"": ""VFA measurement"", ""evidence_quality"": ""Medium"", ""supporting_quote"": ""promoting propionate production"", ""paper_id"": ""10.3390/ani14142057"", ""extraction_source"": ""auto"", ""prompt_version"": ""v2.0-126corpus"", ""confidence"": 0.8}"
R0096,Sargassum sp.,INHIBITS,methane yield,decrease,71.86%,0.5 g per 72 h incubation,in_vitro,['Fermentation pathway modulation'],Inferred,in vitro gas production,Medium,Sargassum sp. and C. racemosa reducing methane by 71.86%,10.14202/vetworld.2026.693-713,auto,v2.0-126corpus,0.8,"{""source"": ""Sargassum sp."", ""target"": ""methane yield"", ""edge_type"": ""INHIBITS"", ""effect_direction"": ""decrease"", ""effect_size"": ""71.86%"", ""dose"": ""0.5 g per 72 h incubation"", ""experimental_system"": ""in_vitro"", ""mechanism_class"": [""Fermentation pathway modulation""], ""direct_or_inferred"": ""Inferred"", ""evidence_method"": ""in vitro gas production"", ""evidence_quality"": ""Medium"", ""supporting_quote"": ""Sargassum sp. and C. racemosa reducing methane by 71.86%"", ""paper_id"": ""10.14202/vetworld.2026.693-713"", ""extraction_source"": ""auto"", ""prompt_version"": ""v2.0-126corpus"", ""confidence"": 0.8}"
R0096,Caulerpa racemosa,INHIBITS,methane yield,decrease,71.86%,0.5 g per 72 h incubation,in_vitro,['Fermentation pathway modulation'],Inferred,in vitro gas production,Medium,Sargassum sp. and C. racemosa reducing methane by 71.86%,10.14202/vetworld.2026.693-713,auto,v2.0-126corpus,0.8,"{""source"": ""Caulerpa racemosa"", ""target"": ""methane yield"", ""edge_type"": ""INHIBITS"", ""effect_direction"": ""decrease"", ""effect_size"": ""71.86%"", ""dose"": ""0.5 g per 72 h incubation"", ""experimental_system"": ""in_vitro"", ""mechanism_class"": [""Fermentation pathway modulation""], ""direct_or_inferred"": ""Inferred"", ""evidence_method"": ""in vitro gas production"", ""evidence_quality"": ""Medium"", ""supporting_quote"": ""Sargassum sp. and C. racemosa reducing methane by 71.86%"", ""paper_id"": ""10.14202/vetworld.2026.693-713"", ""extraction_source"": ""auto"", ""prompt_version"": ""v2.0-126corpus"", ""confidence"": 0.8}"
R0096,Halymenia durvillei,PROMOTES,total VFA,increase,Not stated,0.5 g per 72 h incubation,in_vitro,['Fermentation pathway modulation'],Inferred,in vitro gas production,Medium,Total VFA and propionate were highest in H. durvillei and B. forbesii,10.14202/vetworld.2026.693-713,auto,v2.0-126corpus,0.8,"{""source"": ""Halymenia durvillei"", ""target"": ""total VFA"", ""edge_type"": ""PROMOTES"", ""effect_direction"": ""increase"", ""effect_size"": ""Not stated"", ""dose"": ""0.5 g per 72 h incubation"", ""experimental_system"": ""in_vitro"", ""mechanism_class"": [""Fermentation pathway modulation""], ""direct_or_inferred"": ""Inferred"", ""evidence_method"": ""in vitro gas production"", ""evidence_quality"": ""Medium"", ""supporting_quote"": ""Total VFA and propionate were highest in H. durvillei and B. forbesii"", ""paper_id"": ""10.14202/vetworld.2026.693-713"", ""extraction_source"": ""auto"", ""prompt_version"": ""v2.0-126corpus"", ""confidence"": 0.8}"
R0096,Boergesenia forbesii,PROMOTES,total VFA,increase,Not stated,0.5 g per 72 h incubation,in_vitro,['Fermentation pathway modulation'],Inferred,in vitro gas production,Medium,Total VFA and propionate were highest in H. durvillei and B. forbesii,10.14202/vetworld.2026.693-713,auto,v2.0-126corpus,0.8,"{""source"": ""Boergesenia forbesii"", ""target"": ""total VFA"", ""edge_type"": ""PROMOTES"", ""effect_direction"": ""increase"", ""effect_size"": ""Not stated"", ""dose"": ""0.5 g per 72 h incubation"", ""experimental_system"": ""in_vitro"", ""mechanism_class"": [""Fermentation pathway modulation""], ""direct_or_inferred"": ""Inferred"", ""evidence_method"": ""in vitro gas production"", ""evidence_quality"": ""Medium"", ""supporting_quote"": ""Total VFA and propionate were highest in H. durvillei and B. forbesii"", ""paper_id"": ""10.14202/vetworld.2026.693-713"", ""extraction_source"": ""auto"", ""prompt_version"": ""v2.0-126corpus"", ""confidence"": 0.8}"
R0096,Halymenia durvillei,PROMOTES,propionate production,increase,Not stated,0.5 g per 72 h incubation,in_vitro,['Fermentation pathway modulation'],Inferred,in vitro gas production,Medium,Total VFA and propionate were highest in H. durvillei and B. forbesii,10.14202/vetworld.2026.693-713,auto,v2.0-126corpus,0.8,"{""source"": ""Halymenia durvillei"", ""target"": ""propionate production"", ""edge_type"": ""PROMOTES"", ""effect_direction"": ""increase"", ""effect_size"": ""Not stated"", ""dose"": ""0.5 g per 72 h incubation"", ""experimental_system"": ""in_vitro"", ""mechanism_class"": [""Fermentation pathway modulation""], ""direct_or_inferred"": ""Inferred"", ""evidence_method"": ""in vitro gas production"", ""evidence_quality"": ""Medium"", ""supporting_quote"": ""Total VFA and propionate were highest in H. durvillei and B. forbesii"", ""paper_id"": ""10.14202/vetworld.2026.693-713"", ""extraction_source"": ""auto"", ""prompt_version"": ""v2.0-126corpus"", ""confidence"": 0.8}"
R0096,Boergesenia forbesii,PROMOTES,propionate production,increase,Not stated,0.5 g per 72 h incubation,in_vitro,['Fermentation pathway modulation'],Inferred,in vitro gas production,Medium,Total VFA and propionate were highest in H. durvillei and B. forbesii,10.14202/vetworld.2026.693-713,auto,v2.0-126corpus,0.8,"{""source"": ""Boergesenia forbesii"", ""target"": ""propionate production"", ""edge_type"": ""PROMOTES"", ""effect_direction"": ""increase"", ""effect_size"": ""Not stated"", ""dose"": ""0.5 g per 72 h incubation"", ""experimental_system"": ""in_vitro"", ""mechanism_class"": [""Fermentation pathway modulation""], ""direct_or_inferred"": ""Inferred"", ""evidence_method"": ""in vitro gas production"", ""evidence_quality"": ""Medium"", ""supporting_quote"": ""Total VFA and propionate were highest in H. durvillei and B. forbesii"", ""paper_id"": ""10.14202/vetworld.2026.693-713"", ""extraction_source"": ""auto"", ""prompt_version"": ""v2.0-126corpus"", ""confidence"": 0.8}"
R0096,Halymenia durvillei,MODULATES,acetate:propionate ratio,decrease,Not stated,0.5 g per 72 h incubation,in_vitro,['Fermentation pathway modulation'],Inferred,in vitro gas production,Medium,reduced acetate-to-propionate ratios,10.14202/vetworld.2026.693-713,auto,v2.0-126corpus,0.8,"{""source"": ""Halymenia durvillei"", ""target"": ""acetate:propionate ratio"", ""edge_type"": ""MODULATES"", ""effect_direction"": ""decrease"", ""effect_size"": ""Not stated"", ""dose"": ""0.5 g per 72 h incubation"", ""experimental_system"": ""in_vitro"", ""mechanism_class"": [""Fermentation pathway modulation""], ""direct_or_inferred"": ""Inferred"", ""evidence_method"": ""in vitro gas production"", ""evidence_quality"": ""Medium"", ""supporting_quote"": ""reduced acetate-to-propionate ratios"", ""paper_id"": ""10.14202/vetworld.2026.693-713"", ""extraction_source"": ""auto"", ""prompt_version"": ""v2.0-126corpus"", ""confidence"": 0.8}"
R0096,Boergesenia forbesii,MODULATES,acetate:propionate ratio,decrease,Not stated,0.5 g per 72 h incubation,in_vitro,['Fermentation pathway modulation'],Inferred,in vitro gas production,Medium,reduced acetate-to-propionate ratios,10.14202/vetworld.2026.693-713,auto,v2.0-126corpus,0.8,"{""source"": ""Boergesenia forbesii"", ""target"": ""acetate:propionate ratio"", ""edge_type"": ""MODULATES"", ""effect_direction"": ""decrease"", ""effect_size"": ""Not stated"", ""dose"": ""0.5 g per 72 h incubation"", ""experimental_system"": ""in_vitro"", ""mechanism_class"": [""Fermentation pathway modulation""], ""direct_or_inferred"": ""Inferred"", ""evidence_method"": ""in vitro gas production"", ""evidence_quality"": ""Medium"", ""supporting_quote"": ""reduced acetate-to-propionate ratios"", ""paper_id"": ""10.14202/vetworld.2026.693-713"", ""extraction_source"": ""auto"", ""prompt_version"": ""v2.0-126corpus"", ""confidence"": 0.8}"
R0096,Halymenia durvillei,PROMOTES,IVDMD,increase,81.72%,0.5 g per 72 h incubation,in_vitro,['Fermentation pathway modulation'],Inferred,in vitro gas production,Medium,IVDMD and IVOMD were highest in H. durvillei (81.72% and 69.53%),10.14202/vetworld.2026.693-713,auto,v2.0-126corpus,0.8,"{""source"": ""Halymenia durvillei"", ""target"": ""IVDMD"", ""edge_type"": ""PROMOTES"", ""effect_direction"": ""increase"", ""effect_size"": ""81.72%"", ""dose"": ""0.5 g per 72 h incubation"", ""experimental_system"": ""in_vitro"", ""mechanism_class"": [""Fermentation pathway modulation""], ""direct_or_inferred"": ""Inferred"", ""evidence_method"": ""in vitro gas production"", ""evidence_quality"": ""Medium"", ""supporting_quote"": ""IVDMD and IVOMD were highest in H. durvillei (81.72% and 69.53%)"", ""paper_id"": ""10.14202/vetworld.2026.693-713"", ""extraction_source"": ""auto"", ""prompt_version"": ""v2.0-126corpus"", ""confidence"": 0.8}"
R0096,Halymenia durvillei,PROMOTES,IVOMD,increase,69.53%,0.5 g per 72 h incubation,in_vitro,['Fermentation pathway modulation'],Inferred,in vitro gas production,Medium,IVDMD and IVOMD were highest in H. durvillei (81.72% and 69.53%),10.14202/vetworld.2026.693-713,auto,v2.0-126corpus,0.8,"{""source"": ""Halymenia durvillei"", ""target"": ""IVOMD"", ""edge_type"": ""PROMOTES"", ""effect_direction"": ""increase"", ""effect_size"": ""69.53%"", ""dose"": ""0.5 g per 72 h incubation"", ""experimental_system"": ""in_vitro"", ""mechanism_class"": [""Fermentation pathway modulation""], ""direct_or_inferred"": ""Inferred"", ""evidence_method"": ""in vitro gas production"", ""evidence_quality"": ""Medium"", ""supporting_quote"": ""IVDMD and IVOMD were highest in H. durvillei (81.72% and 69.53%)"", ""paper_id"": ""10.14202/vetworld.2026.693-713"", ""extraction_source"": ""auto"", ""prompt_version"": ""v2.0-126corpus"", ""confidence"": 0.8}"
R0097,Palisada perforate (Bory) K.W.Nam,INHIBITS,methane yield,decrease,Not stated,5.0% OM,in_vivo,['Fermentation pathway modulation'],Inferred,in vitro gas production (methane calculation),Medium,decreased methane prediction,10.47278/journal.ijvs/2024.274,auto,v2.0-126corpus,0.8,"{""source"": ""Palisada perforate (Bory) K.W.Nam"", ""target"": ""methane yield"", ""edge_type"": ""INHIBITS"", ""effect_direction"": ""decrease"", ""effect_size"": ""Not stated"", ""dose"": ""5.0% OM"", ""experimental_system"": ""in_vivo"", ""mechanism_class"": [""Fermentation pathway modulation""], ""direct_or_inferred"": ""Inferred"", ""evidence_method"": ""in vitro gas production (methane calculation)"", ""evidence_quality"": ""Medium"", ""supporting_quote"": ""decreased methane prediction"", ""paper_id"": ""10.47278/journal.ijvs/2024.274"", ""extraction_source"": ""auto"", ""prompt_version"": ""v2.0-126corpus"", ""confidence"": 0.8}"
R0097,Palisada perforate (Bory) K.W.Nam,PROMOTES,total VFA,increase,Not stated,5.0% OM,in_vivo,['Fermentation pathway modulation'],Direct,Not stated,Medium,increased total VFA production,10.47278/journal.ijvs/2024.274,auto,v2.0-126corpus,0.85,"{""source"": ""Palisada perforate (Bory) K.W.Nam"", ""target"": ""total VFA"", ""edge_type"": ""PROMOTES"", ""effect_direction"": ""increase"", ""effect_size"": ""Not stated"", ""dose"": ""5.0% OM"", ""experimental_system"": ""in_vivo"", ""mechanism_class"": [""Fermentation pathway modulation""], ""direct_or_inferred"": ""Direct"", ""evidence_method"": ""Not stated"", ""evidence_quality"": ""Medium"", ""supporting_quote"": ""increased total VFA production"", ""paper_id"": ""10.47278/journal.ijvs/2024.274"", ""extraction_source"": ""auto"", ""prompt_version"": ""v2.0-126corpus"", ""confidence"": 0.85}"
R0097,Palisada perforate (Bory) K.W.Nam,PROMOTES,propionate production,increase,Not stated,5.0% OM,in_vivo,['Fermentation pathway modulation'],Direct,Not stated,Medium,increased propionate proportion,10.47278/journal.ijvs/2024.274,auto,v2.0-126corpus,0.85,"{""source"": ""Palisada perforate (Bory) K.W.Nam"", ""target"": ""propionate production"", ""edge_type"": ""PROMOTES"", ""effect_direction"": ""increase"", ""effect_size"": ""Not stated"", ""dose"": ""5.0% OM"", ""experimental_system"": ""in_vivo"", ""mechanism_class"": [""Fermentation pathway modulation""], ""direct_or_inferred"": ""Direct"", ""evidence_method"": ""Not stated"", ""evidence_quality"": ""Medium"", ""supporting_quote"": ""increased propionate proportion"", ""paper_id"": ""10.47278/journal.ijvs/2024.274"", ""extraction_source"": ""auto"", ""prompt_version"": ""v2.0-126corpus"", ""confidence"": 0.85}"
R0097,Palisada perforate (Bory) K.W.Nam,INHIBITS,acetate,decrease,Not stated,5.0% OM,in_vivo,['Fermentation pathway modulation'],Direct,Not stated,Medium,decreased acetate proportion,10.47278/journal.ijvs/2024.274,auto,v2.0-126corpus,0.85,"{""source"": ""Palisada perforate (Bory) K.W.Nam"", ""target"": ""acetate"", ""edge_type"": ""INHIBITS"", ""effect_direction"": ""decrease"", ""effect_size"": ""Not stated"", ""dose"": ""5.0% OM"", ""experimental_system"": ""in_vivo"", ""mechanism_class"": [""Fermentation pathway modulation""], ""direct_or_inferred"": ""Direct"", ""evidence_method"": ""Not stated"", ""evidence_quality"": ""Medium"", ""supporting_quote"": ""decreased acetate proportion"", ""paper_id"": ""10.47278/journal.ijvs/2024.274"", ""extraction_source"": ""auto"", ""prompt_version"": ""v2.0-126corpus"", ""confidence"": 0.85}"
R0097,Palisada perforate (Bory) K.W.Nam,INHIBITS,acetate:propionate ratio,decrease,Not stated,5.0% OM,in_vivo,['Fermentation pathway modulation'],Direct,Not stated,Medium,decreased acetate propionate ratio,10.47278/journal.ijvs/2024.274,auto,v2.0-126corpus,0.85,"{""source"": ""Palisada perforate (Bory) K.W.Nam"", ""target"": ""acetate:propionate ratio"", ""edge_type"": ""INHIBITS"", ""effect_direction"": ""decrease"", ""effect_size"": ""Not stated"", ""dose"": ""5.0% OM"", ""experimental_system"": ""in_vivo"", ""mechanism_class"": [""Fermentation pathway modulation""], ""direct_or_inferred"": ""Direct"", ""evidence_method"": ""Not stated"", ""evidence_quality"": ""Medium"", ""supporting_quote"": ""decreased acetate propionate ratio"", ""paper_id"": ""10.47278/journal.ijvs/2024.274"", ""extraction_source"": ""auto"", ""prompt_version"": ""v2.0-126corpus"", ""confidence"": 0.85}"
R0097,Palisada perforate (Bory) K.W.Nam,MODULATES,NH3,no_change,Not stated,5.0% OM,in_vivo,['Fermentation pathway modulation'],Direct,Not stated,Medium,without affecting NH3 concentration,10.47278/journal.ijvs/2024.274,auto,v2.0-126corpus,0.85,"{""source"": ""Palisada perforate (Bory) K.W.Nam"", ""target"": ""NH3"", ""edge_type"": ""MODULATES"", ""effect_direction"": ""no_change"", ""effect_size"": ""Not stated"", ""dose"": ""5.0% OM"", ""experimental_system"": ""in_vivo"", ""mechanism_class"": [""Fermentation pathway modulation""], ""direct_or_inferred"": ""Direct"", ""evidence_method"": ""Not stated"", ""evidence_quality"": ""Medium"", ""supporting_quote"": ""without affecting NH3 concentration"", ""paper_id"": ""10.47278/journal.ijvs/2024.274"", ""extraction_source"": ""auto"", ""prompt_version"": ""v2.0-126corpus"", ""confidence"": 0.85}"
R0100,Asparagopsis taxiformis,INHIBITS,methane yield,decrease,60%,0.5% OM,in_vivo,"['Hydrogen sink redistribution', 'Microbial community restructuring']",Direct,respiration chamber,High,daily CH4 production decreased by 60%,10.3389/fanim.2023.1112969,auto,v2.0-126corpus,0.95,"{""source"": ""Asparagopsis taxiformis"", ""target"": ""methane yield"", ""edge_type"": ""INHIBITS"", ""effect_direction"": ""decrease"", ""effect_size"": ""60%"", ""dose"": ""0.5% OM"", ""experimental_system"": ""in_vivo"", ""mechanism_class"": [""Hydrogen sink redistribution"", ""Microbial community restructuring""], ""direct_or_inferred"": ""Direct"", ""evidence_method"": ""respiration chamber"", ""evidence_quality"": ""High"", ""supporting_quote"": ""daily CH4 production decreased by 60%"", ""paper_id"": ""10.3389/fanim.2023.1112969"", ""extraction_source"": ""auto"", ""prompt_version"": ""v2.0-126corpus"", ""confidence"": 0.95}"
R0100,Asparagopsis taxiformis,INHIBITS,methane yield,decrease,54%,0.5% OM,in_vivo,"['Hydrogen sink redistribution', 'Microbial community restructuring']",Direct,respiration chamber,High,CH4 yield decreased by 54%,10.3389/fanim.2023.1112969,auto,v2.0-126corpus,0.95,"{""source"": ""Asparagopsis taxiformis"", ""target"": ""methane yield"", ""edge_type"": ""INHIBITS"", ""effect_direction"": ""decrease"", ""effect_size"": ""54%"", ""dose"": ""0.5% OM"", ""experimental_system"": ""in_vivo"", ""mechanism_class"": [""Hydrogen sink redistribution"", ""Microbial community restructuring""], ""direct_or_inferred"": ""Direct"", ""evidence_method"": ""respiration chamber"", ""evidence_quality"": ""High"", ""supporting_quote"": ""CH4 yield decreased by 54%"", ""paper_id"": ""10.3389/fanim.2023.1112969"", ""extraction_source"": ""auto"", ""prompt_version"": ""v2.0-126corpus"", ""confidence"": 0.95}"
R0100,Asparagopsis taxiformis,INHIBITS,methane intensity,decrease,58%,0.5% OM,in_vivo,"['Hydrogen sink redistribution', 'Microbial community restructuring']",Direct,respiration chamber,High,CH4 intensity decreased by 58%,10.3389/fanim.2023.1112969,auto,v2.0-126corpus,0.95,"{""source"": ""Asparagopsis taxiformis"", ""target"": ""methane intensity"", ""edge_type"": ""INHIBITS"", ""effect_direction"": ""decrease"", ""effect_size"": ""58%"", ""dose"": ""0.5% OM"", ""experimental_system"": ""in_vivo"", ""mechanism_class"": [""Hydrogen sink redistribution"", ""Microbial community restructuring""], ""direct_or_inferred"": ""Direct"", ""evidence_method"": ""respiration chamber"", ""evidence_quality"": ""High"", ""supporting_quote"": ""CH4 intensity decreased by 58%"", ""paper_id"": ""10.3389/fanim.2023.1112969"", ""extraction_source"": ""auto"", ""prompt_version"": ""v2.0-126corpus"", ""confidence"": 0.95}"
R0100,Asparagopsis taxiformis,PROMOTES,hydrogen gas,increase,>5 times,0.5% OM,in_vivo,['Hydrogen sink redistribution'],Direct,respiration chamber,High,hydrogen gas emitted increased by more than five times,10.3389/fanim.2023.1112969,auto,v2.0-126corpus,0.95,"{""source"": ""Asparagopsis taxiformis"", ""target"": ""hydrogen gas"", ""edge_type"": ""PROMOTES"", ""effect_direction"": ""increase"", ""effect_size"": "">5 times"", ""dose"": ""0.5% OM"", ""experimental_system"": ""in_vivo"", ""mechanism_class"": [""Hydrogen sink redistribution""], ""direct_or_inferred"": ""Direct"", ""evidence_method"": ""respiration chamber"", ""evidence_quality"": ""High"", ""supporting_quote"": ""hydrogen gas emitted increased by more than five times"", ""paper_id"": ""10.3389/fanim.2023.1112969"", ""extraction_source"": ""auto"", ""prompt_version"": ""v2.0-126corpus"", ""confidence"": 0.95}"
R0100,Asparagopsis taxiformis,PROMOTES,propionate production,increase,Not stated,0.5% OM,in_vivo,['Fermentation pathway modulation'],Direct,rumen fluid analysis,Medium,Rumen fermentation parameters were changed to promote propionate rather than acetate and butyrate,10.3389/fanim.2023.1112969,auto,v2.0-126corpus,0.85,"{""source"": ""Asparagopsis taxiformis"", ""target"": ""propionate production"", ""edge_type"": ""PROMOTES"", ""effect_direction"": ""increase"", ""effect_size"": ""Not stated"", ""dose"": ""0.5% OM"", ""experimental_system"": ""in_vivo"", ""mechanism_class"": [""Fermentation pathway modulation""], ""direct_or_inferred"": ""Direct"", ""evidence_method"": ""rumen fluid analysis"", ""evidence_quality"": ""Medium"", ""supporting_quote"": ""Rumen fermentation parameters were changed to promote propionate rather than acetate and butyrate"", ""paper_id"": ""10.3389/fanim.2023.1112969"", ""extraction_source"": ""auto"", ""prompt_version"": ""v2.0-126corpus"", ""confidence"": 0.85}"
R0100,Asparagopsis taxiformis,INHIBITS,acetate,decrease,Not stated,0.5% OM,in_vivo,['Fermentation pathway modulation'],Direct,rumen fluid analysis,Medium,promote propionate rather than acetate and butyrate,10.3389/fanim.2023.1112969,auto,v2.0-126corpus,0.85,"{""source"": ""Asparagopsis taxiformis"", ""target"": ""acetate"", ""edge_type"": ""INHIBITS"", ""effect_direction"": ""decrease"", ""effect_size"": ""Not stated"", ""dose"": ""0.5% OM"", ""experimental_system"": ""in_vivo"", ""mechanism_class"": [""Fermentation pathway modulation""], ""direct_or_inferred"": ""Direct"", ""evidence_method"": ""rumen fluid analysis"", ""evidence_quality"": ""Medium"", ""supporting_quote"": ""promote propionate rather than acetate and butyrate"", ""paper_id"": ""10.3389/fanim.2023.1112969"", ""extraction_source"": ""auto"", ""prompt_version"": ""v2.0-126corpus"", ""confidence"": 0.85}"
R0100,Asparagopsis taxiformis,INHIBITS,butyrate production,decrease,Not stated,0.5% OM,in_vivo,['Fermentation pathway modulation'],Direct,rumen fluid analysis,Medium,promote propionate rather than acetate and butyrate,10.3389/fanim.2023.1112969,auto,v2.0-126corpus,0.85,"{""source"": ""Asparagopsis taxiformis"", ""target"": ""butyrate production"", ""edge_type"": ""INHIBITS"", ""effect_direction"": ""decrease"", ""effect_size"": ""Not stated"", ""dose"": ""0.5% OM"", ""experimental_system"": ""in_vivo"", ""mechanism_class"": [""Fermentation pathway modulation""], ""direct_or_inferred"": ""Direct"", ""evidence_method"": ""rumen fluid analysis"", ""evidence_quality"": ""Medium"", ""supporting_quote"": ""promote propionate rather than acetate and butyrate"", ""paper_id"": ""10.3389/fanim.2023.1112969"", ""extraction_source"": ""auto"", ""prompt_version"": ""v2.0-126corpus"", ""confidence"": 0.85}"
R0100,Asparagopsis taxiformis,INHIBITS,Methanobrevibacter,decrease,Not stated,0.5% OM,in_vivo,['Microbial community restructuring'],Direct,16S rRNA,High,shift from Methanobrevibacter to Methanomethylophilaceae in the archaeal population,10.3389/fanim.2023.1112969,auto,v2.0-126corpus,0.9,"{""source"": ""Asparagopsis taxiformis"", ""target"": ""Methanobrevibacter"", ""edge_type"": ""INHIBITS"", ""effect_direction"": ""decrease"", ""effect_size"": ""Not stated"", ""dose"": ""0.5% OM"", ""experimental_system"": ""in_vivo"", ""mechanism_class"": [""Microbial community restructuring""], ""direct_or_inferred"": ""Direct"", ""evidence_method"": ""16S rRNA"", ""evidence_quality"": ""High"", ""supporting_quote"": ""shift from Methanobrevibacter to Methanomethylophilaceae in the archaeal population"", ""paper_id"": ""10.3389/fanim.2023.1112969"", ""extraction_source"": ""auto"", ""prompt_version"": ""v2.0-126corpus"", ""confidence"": 0.9}"
R0100,Asparagopsis taxiformis,PROMOTES,Methanomethylophilaceae,increase,Not stated,0.5% OM,in_vivo,['Microbial community restructuring'],Direct,16S rRNA,High,shift from Methanobrevibacter to Methanomethylophilaceae in the archaeal population,10.3389/fanim.2023.1112969,auto,v2.0-126corpus,0.9,"{""source"": ""Asparagopsis taxiformis"", ""target"": ""Methanomethylophilaceae"", ""edge_type"": ""PROMOTES"", ""effect_direction"": ""increase"", ""effect_size"": ""Not stated"", ""dose"": ""0.5% OM"", ""experimental_system"": ""in_vivo"", ""mechanism_class"": [""Microbial community restructuring""], ""direct_or_inferred"": ""Direct"", ""evidence_method"": ""16S rRNA"", ""evidence_quality"": ""High"", ""supporting_quote"": ""shift from Methanobrevibacter to Methanomethylophilaceae in the archaeal population"", ""paper_id"": ""10.3389/fanim.2023.1112969"", ""extraction_source"": ""auto"", ""prompt_version"": ""v2.0-126corpus"", ""confidence"": 0.9}"
R0100,Asparagopsis taxiformis,INHIBITS,Prevotella,decrease,Not stated,0.5% OM,in_vivo,['Microbial community restructuring'],Direct,16S rRNA,High,lower relative abundance of Prevotella in the bacterial population,10.3389/fanim.2023.1112969,auto,v2.0-126corpus,0.9,"{""source"": ""Asparagopsis taxiformis"", ""target"": ""Prevotella"", ""edge_type"": ""INHIBITS"", ""effect_direction"": ""decrease"", ""effect_size"": ""Not stated"", ""dose"": ""0.5% OM"", ""experimental_system"": ""in_vivo"", ""mechanism_class"": [""Microbial community restructuring""], ""direct_or_inferred"": ""Direct"", ""evidence_method"": ""16S rRNA"", ""evidence_quality"": ""High"", ""supporting_quote"": ""lower relative abundance of Prevotella in the bacterial population"", ""paper_id"": ""10.3389/fanim.2023.1112969"", ""extraction_source"": ""auto"", ""prompt_version"": ""v2.0-126corpus"", ""confidence"": 0.9}"
R0102,Asparagopsis armata,INHIBITS,methane yield,decrease,"26.4% at 0.5% OM, 67.2% at 1% OM",0.5% and 1% OM,in_vivo,['Unknown/unclear mechanism'],Inferred,GreenFeed,High,Methane production by cows decreased significantly by 26.4% at the low (0.5%) level of A. armata inclusion and 67.2% at the high (1%) level of inclusion.,10.1016/j.jclepro.2019.06.193,auto,v2.0-126corpus,0.92,"{""source"": ""Asparagopsis armata"", ""target"": ""methane yield"", ""edge_type"": ""INHIBITS"", ""effect_direction"": ""decrease"", ""effect_size"": ""26.4% at 0.5% OM, 67.2% at 1% OM"", ""dose"": ""0.5% and 1% OM"", ""experimental_system"": ""in_vivo"", ""mechanism_class"": [""Unknown/unclear mechanism""], ""direct_or_inferred"": ""Inferred"", ""evidence_method"": ""GreenFeed"", ""evidence_quality"": ""High"", ""supporting_quote"": ""Methane production by cows decreased significantly by 26.4% at the low (0.5%) level of A. armata inclusion and 67.2% at the high (1%) level of inclusion."", ""paper_id"": ""10.1016/j.jclepro.2019.06.193"", ""extraction_source"": ""auto"", ""prompt_version"": ""v2.0-126corpus"", ""confidence"": 0.92}"
R0102,Asparagopsis armata,INHIBITS,methane yield,decrease,"20.3% at 0.5% OM, 42.7% at 1% OM",0.5% and 1% OM,in_vivo,['Unknown/unclear mechanism'],Inferred,GreenFeed,High,"Methane yield decreased significantly by 20.3 and 42.7% in cows fed diet including 0.5% and 1% A. armata inclusion levels, respectively (P = <0.0001).",10.1016/j.jclepro.2019.06.193,auto,v2.0-126corpus,0.92,"{""source"": ""Asparagopsis armata"", ""target"": ""methane yield"", ""edge_type"": ""INHIBITS"", ""effect_direction"": ""decrease"", ""effect_size"": ""20.3% at 0.5% OM, 42.7% at 1% OM"", ""dose"": ""0.5% and 1% OM"", ""experimental_system"": ""in_vivo"", ""mechanism_class"": [""Unknown/unclear mechanism""], ""direct_or_inferred"": ""Inferred"", ""evidence_method"": ""GreenFeed"", ""evidence_quality"": ""High"", ""supporting_quote"": ""Methane yield decreased significantly by 20.3 and 42.7% in cows fed diet including 0.5% and 1% A. armata inclusion levels, respectively (P = <0.0001)."", ""paper_id"": ""10.1016/j.jclepro.2019.06.193"", ""extraction_source"": ""auto"", ""prompt_version"": ""v2.0-126corpus"", ""confidence"": 0.92}"
R0102,Asparagopsis armata,INHIBITS,methane intensity,decrease,"26.8% at 0.5% OM, 60% at 1% OM",0.5% and 1% OM,in_vivo,['Unknown/unclear mechanism'],Inferred,GreenFeed,High,Methane intensity significantly decreased by 26.8% from cows fed at 0.5% level and 60% at the 1.0% A. armata inclusion level.,10.1016/j.jclepro.2019.06.193,auto,v2.0-126corpus,0.92,"{""source"": ""Asparagopsis armata"", ""target"": ""methane intensity"", ""edge_type"": ""INHIBITS"", ""effect_direction"": ""decrease"", ""effect_size"": ""26.8% at 0.5% OM, 60% at 1% OM"", ""dose"": ""0.5% and 1% OM"", ""experimental_system"": ""in_vivo"", ""mechanism_class"": [""Unknown/unclear mechanism""], ""direct_or_inferred"": ""Inferred"", ""evidence_method"": ""GreenFeed"", ""evidence_quality"": ""High"", ""supporting_quote"": ""Methane intensity significantly decreased by 26.8% from cows fed at 0.5% level and 60% at the 1.0% A. armata inclusion level."", ""paper_id"": ""10.1016/j.jclepro.2019.06.193"", ""extraction_source"": ""auto"", ""prompt_version"": ""v2.0-126corpus"", ""confidence"": 0.92}"
R0104,Asparagopsis taxiformis,INHIBITS,methane yield,no_change,Not stated,89.2 mg bromoform/head/day,in_vivo,['Unknown/unclear mechanism'],Inferred,laser methane detection (LMD),Medium,"No significant differences were observed between treatments for mineral consumption, weight gain, or blood selenium levels.",10.3390/methane4040027,auto,v2.0-126corpus,0.75,"{""source"": ""Asparagopsis taxiformis"", ""target"": ""methane yield"", ""edge_type"": ""INHIBITS"", ""effect_direction"": ""no_change"", ""effect_size"": ""Not stated"", ""dose"": ""89.2 mg bromoform/head/day"", ""experimental_system"": ""in_vivo"", ""mechanism_class"": [""Unknown/unclear mechanism""], ""direct_or_inferred"": ""Inferred"", ""evidence_method"": ""laser methane detection (LMD)"", ""evidence_quality"": ""Medium"", ""supporting_quote"": ""No significant differences were observed between treatments for mineral consumption, weight gain, or blood selenium levels."", ""paper_id"": ""10.3390/methane4040027"", ""extraction_source"": ""auto"", ""prompt_version"": ""v2.0-126corpus"", ""confidence"": 0.75}"
R0105,Bonnemaisonia hamifera,INHIBITS,methane,decrease,98.8%,10% OM,in_vitro,['Hydrogen sink redistribution'],Inferred,in vitro gas production,High,"Bonnemaisonia hamifera reduced the production of methane by 17.1%, 95.4%, and 98.8% ... with notable increases in the production of hydrogen.",10.1080/26388081.2022.2059700,auto,v2.0-126corpus,0.85,"{""source"": ""Bonnemaisonia hamifera"", ""target"": ""methane"", ""edge_type"": ""INHIBITS"", ""effect_direction"": ""decrease"", ""effect_size"": ""98.8%"", ""dose"": ""10% OM"", ""experimental_system"": ""in_vitro"", ""mechanism_class"": [""Hydrogen sink redistribution""], ""direct_or_inferred"": ""Inferred"", ""evidence_method"": ""in vitro gas production"", ""evidence_quality"": ""High"", ""supporting_quote"": ""Bonnemaisonia hamifera reduced the production of methane by 17.1%, 95.4%, and 98.8% ... with notable increases in the production of hydrogen."", ""paper_id"": ""10.1080/26388081.2022.2059700"", ""extraction_source"": ""auto"", ""prompt_version"": ""v2.0-126corpus"", ""confidence"": 0.85}"
R0105,Euptilota formisissima,INHIBITS,methane,decrease,50.5%,10% OM,in_vitro,['Unknown/unclear mechanism'],Inferred,in vitro gas production,High,Euptilota formisissima ... reduced the production of methane by up to 50.5% ... with minimal effects on measured fermentation parameters.,10.1080/26388081.2022.2059700,auto,v2.0-126corpus,0.8,"{""source"": ""Euptilota formisissima"", ""target"": ""methane"", ""edge_type"": ""INHIBITS"", ""effect_direction"": ""decrease"", ""effect_size"": ""50.5%"", ""dose"": ""10% OM"", ""experimental_system"": ""in_vitro"", ""mechanism_class"": [""Unknown/unclear mechanism""], ""direct_or_inferred"": ""Inferred"", ""evidence_method"": ""in vitro gas production"", ""evidence_quality"": ""High"", ""supporting_quote"": ""Euptilota formisissima ... reduced the production of methane by up to 50.5% ... with minimal effects on measured fermentation parameters."", ""paper_id"": ""10.1080/26388081.2022.2059700"", ""extraction_source"": ""auto"", ""prompt_version"": ""v2.0-126corpus"", ""confidence"": 0.8}"
R0105,Plocamium cirrhosum,INHIBITS,methane,decrease,39.5%,10% OM,in_vitro,['Unknown/unclear mechanism'],Inferred,in vitro gas production,High,Plocamium cirrhosum reduced the production of methane by up to 39.5% ... with minimal effects on measured fermentation parameters.,10.1080/26388081.2022.2059700,auto,v2.0-126corpus,0.8,"{""source"": ""Plocamium cirrhosum"", ""target"": ""methane"", ""edge_type"": ""INHIBITS"", ""effect_direction"": ""decrease"", ""effect_size"": ""39.5%"", ""dose"": ""10% OM"", ""experimental_system"": ""in_vitro"", ""mechanism_class"": [""Unknown/unclear mechanism""], ""direct_or_inferred"": ""Inferred"", ""evidence_method"": ""in vitro gas production"", ""evidence_quality"": ""High"", ""supporting_quote"": ""Plocamium cirrhosum reduced the production of methane by up to 39.5% ... with minimal effects on measured fermentation parameters."", ""paper_id"": ""10.1080/26388081.2022.2059700"", ""extraction_source"": ""auto"", ""prompt_version"": ""v2.0-126corpus"", ""confidence"": 0.8}"
R0105,Vidalia colensoi,INHIBITS,methane,decrease,Not stated,6 or 10% OM,in_vitro,['Unknown/unclear mechanism'],Inferred,in vitro gas production,Medium,Inclusion of all seaweeds except Ulva sp. B reduced the production of methane at either 6 or 10% OM.,10.1080/26388081.2022.2059700,auto,v2.0-126corpus,0.7,"{""source"": ""Vidalia colensoi"", ""target"": ""methane"", ""edge_type"": ""INHIBITS"", ""effect_direction"": ""decrease"", ""effect_size"": ""Not stated"", ""dose"": ""6 or 10% OM"", ""experimental_system"": ""in_vitro"", ""mechanism_class"": [""Unknown/unclear mechanism""], ""direct_or_inferred"": ""Inferred"", ""evidence_method"": ""in vitro gas production"", ""evidence_quality"": ""Medium"", ""supporting_quote"": ""Inclusion of all seaweeds except Ulva sp. B reduced the production of methane at either 6 or 10% OM."", ""paper_id"": ""10.1080/26388081.2022.2059700"", ""extraction_source"": ""auto"", ""prompt_version"": ""v2.0-126corpus"", ""confidence"": 0.7}"
R0105,Ecklonia radiata,INHIBITS,methane,decrease,Not stated,6 or 10% OM,in_vitro,['Unknown/unclear mechanism'],Inferred,in vitro gas production,Medium,Inclusion of all seaweeds except Ulva sp. B reduced the production of methane at either 6 or 10% OM.,10.1080/26388081.2022.2059700,auto,v2.0-126corpus,0.7,"{""source"": ""Ecklonia radiata"", ""target"": ""methane"", ""edge_type"": ""INHIBITS"", ""effect_direction"": ""decrease"", ""effect_size"": ""Not stated"", ""dose"": ""6 or 10% OM"", ""experimental_system"": ""in_vitro"", ""mechanism_class"": [""Unknown/unclear mechanism""], ""direct_or_inferred"": ""Inferred"", ""evidence_method"": ""in vitro gas production"", ""evidence_quality"": ""Medium"", ""supporting_quote"": ""Inclusion of all seaweeds except Ulva sp. B reduced the production of methane at either 6 or 10% OM."", ""paper_id"": ""10.1080/26388081.2022.2059700"", ""extraction_source"": ""auto"", ""prompt_version"": ""v2.0-126corpus"", ""confidence"": 0.7}"
R0105,Ulva sp. B,MODULATES,methane,no_change,Not stated,"2%, 6%, 10% OM",in_vitro,['Unknown/unclear mechanism'],Inferred,in vitro gas production,Medium,Inclusion of all seaweeds except Ulva sp. B reduced the production of methane,10.1080/26388081.2022.2059700,auto,v2.0-126corpus,0.75,"{""source"": ""Ulva sp. B"", ""target"": ""methane"", ""edge_type"": ""MODULATES"", ""effect_direction"": ""no_change"", ""effect_size"": ""Not stated"", ""dose"": ""2%, 6%, 10% OM"", ""experimental_system"": ""in_vitro"", ""mechanism_class"": [""Unknown/unclear mechanism""], ""direct_or_inferred"": ""Inferred"", ""evidence_method"": ""in vitro gas production"", ""evidence_quality"": ""Medium"", ""supporting_quote"": ""Inclusion of all seaweeds except Ulva sp. B reduced the production of methane"", ""paper_id"": ""10.1080/26388081.2022.2059700"", ""extraction_source"": ""auto"", ""prompt_version"": ""v2.0-126corpus"", ""confidence"": 0.75}"
R0105,Bonnemaisonia hamifera,PROMOTES,hydrogen,increase,Not stated,"2%, 6%, 10% OM",in_vitro,['Hydrogen sink redistribution'],Direct,in vitro gas production,High,notable increases in the production of hydrogen,10.1080/26388081.2022.2059700,auto,v2.0-126corpus,0.85,"{""source"": ""Bonnemaisonia hamifera"", ""target"": ""hydrogen"", ""edge_type"": ""PROMOTES"", ""effect_direction"": ""increase"", ""effect_size"": ""Not stated"", ""dose"": ""2%, 6%, 10% OM"", ""experimental_system"": ""in_vitro"", ""mechanism_class"": [""Hydrogen sink redistribution""], ""direct_or_inferred"": ""Direct"", ""evidence_method"": ""in vitro gas production"", ""evidence_quality"": ""High"", ""supporting_quote"": ""notable increases in the production of hydrogen"", ""paper_id"": ""10.1080/26388081.2022.2059700"", ""extraction_source"": ""auto"", ""prompt_version"": ""v2.0-126corpus"", ""confidence"": 0.85}"
R0106,phlorotannins,INHIBITS,methane yield,decrease,38%,40 g kg-1,in_vitro,['Fermentation pathway modulation'],Inferred,in vitro gas production,High,CH4 decreased (P<0.0001) from 24.5 to 15.2 mL g-1 OM,10.1002/jsfa.8842,auto,v2.0-126corpus,0.9,"{""source"": ""phlorotannins"", ""target"": ""methane yield"", ""edge_type"": ""INHIBITS"", ""effect_direction"": ""decrease"", ""effect_size"": ""38%"", ""dose"": ""40 g kg-1"", ""experimental_system"": ""in_vitro"", ""mechanism_class"": [""Fermentation pathway modulation""], ""direct_or_inferred"": ""Inferred"", ""evidence_method"": ""in vitro gas production"", ""evidence_quality"": ""High"", ""supporting_quote"": ""CH4 decreased (P<0.0001) from 24.5 to 15.2 mL g-1 OM"", ""paper_id"": ""10.1002/jsfa.8842"", ""extraction_source"": ""auto"", ""prompt_version"": ""v2.0-126corpus"", ""confidence"": 0.9}"
R0106,phlorotannins,INHIBITS,protein degradation,decrease,Not stated,40 g kg-1,in_vitro,['Fermentation pathway modulation'],Inferred,in vitro gas production,Medium,Ammonia trended (P=0.0903) to decrease from 0.49 to 0.39 mmol g-1 OM,10.1002/jsfa.8842,auto,v2.0-126corpus,0.7,"{""source"": ""phlorotannins"", ""target"": ""protein degradation"", ""edge_type"": ""INHIBITS"", ""effect_direction"": ""decrease"", ""effect_size"": ""Not stated"", ""dose"": ""40 g kg-1"", ""experimental_system"": ""in_vitro"", ""mechanism_class"": [""Fermentation pathway modulation""], ""direct_or_inferred"": ""Inferred"", ""evidence_method"": ""in vitro gas production"", ""evidence_quality"": ""Medium"", ""supporting_quote"": ""Ammonia trended (P=0.0903) to decrease from 0.49 to 0.39 mmol g-1 OM"", ""paper_id"": ""10.1002/jsfa.8842"", ""extraction_source"": ""auto"", ""prompt_version"": ""v2.0-126corpus"", ""confidence"": 0.7}"
R0107,Ecklonia stolonifera,INHIBITS,methane yield,decrease,Not stated,5% of timothy,in_vitro,['Microbial community restructuring'],Direct,"in vitro gas production, relative quantification of specific ruminal microbes",Medium,methane production was significantly decreased after 48 h incubation,10.1007/s10811-020-02361-4,auto,v2.0-126corpus,0.8,"{""source"": ""Ecklonia stolonifera"", ""target"": ""methane yield"", ""edge_type"": ""INHIBITS"", ""effect_direction"": ""decrease"", ""effect_size"": ""Not stated"", ""dose"": ""5% of timothy"", ""experimental_system"": ""in_vitro"", ""mechanism_class"": [""Microbial community restructuring""], ""direct_or_inferred"": ""Direct"", ""evidence_method"": ""in vitro gas production, relative quantification of specific ruminal microbes"", ""evidence_quality"": ""Medium"", ""supporting_quote"": ""methane production was significantly decreased after 48 h incubation"", ""paper_id"": ""10.1007/s10811-020-02361-4"", ""extraction_source"": ""auto"", ""prompt_version"": ""v2.0-126corpus"", ""confidence"": 0.8}"
R0107,Eisenia bicyclis,INHIBITS,methane yield,decrease,Not stated,5% of timothy,in_vitro,['Microbial community restructuring'],Direct,"in vitro gas production, relative quantification of specific ruminal microbes",Medium,methane production was significantly decreased after 48 h incubation,10.1007/s10811-020-02361-4,auto,v2.0-126corpus,0.8,"{""source"": ""Eisenia bicyclis"", ""target"": ""methane yield"", ""edge_type"": ""INHIBITS"", ""effect_direction"": ""decrease"", ""effect_size"": ""Not stated"", ""dose"": ""5% of timothy"", ""experimental_system"": ""in_vitro"", ""mechanism_class"": [""Microbial community restructuring""], ""direct_or_inferred"": ""Direct"", ""evidence_method"": ""in vitro gas production, relative quantification of specific ruminal microbes"", ""evidence_quality"": ""Medium"", ""supporting_quote"": ""methane production was significantly decreased after 48 h incubation"", ""paper_id"": ""10.1007/s10811-020-02361-4"", ""extraction_source"": ""auto"", ""prompt_version"": ""v2.0-126corpus"", ""confidence"": 0.8}"
R0107,Sargassum fulvellum,INHIBITS,methane yield,decrease,Not stated,5% of timothy,in_vitro,['Microbial community restructuring'],Direct,"in vitro gas production, relative quantification of specific ruminal microbes",Medium,methane production was significantly decreased after 48 h incubation,10.1007/s10811-020-02361-4,auto,v2.0-126corpus,0.8,"{""source"": ""Sargassum fulvellum"", ""target"": ""methane yield"", ""edge_type"": ""INHIBITS"", ""effect_direction"": ""decrease"", ""effect_size"": ""Not stated"", ""dose"": ""5% of timothy"", ""experimental_system"": ""in_vitro"", ""mechanism_class"": [""Microbial community restructuring""], ""direct_or_inferred"": ""Direct"", ""evidence_method"": ""in vitro gas production, relative quantification of specific ruminal microbes"", ""evidence_quality"": ""Medium"", ""supporting_quote"": ""methane production was significantly decreased after 48 h incubation"", ""paper_id"": ""10.1007/s10811-020-02361-4"", ""extraction_source"": ""auto"", ""prompt_version"": ""v2.0-126corpus"", ""confidence"": 0.8}"
R0107,Undaria pinnatifida,INHIBITS,methane yield,decrease,Not stated,5% of timothy,in_vitro,['Microbial community restructuring'],Direct,"in vitro gas production, relative quantification of specific ruminal microbes",Medium,methane production was significantly decreased after 48 h incubation,10.1007/s10811-020-02361-4,auto,v2.0-126corpus,0.8,"{""source"": ""Undaria pinnatifida"", ""target"": ""methane yield"", ""edge_type"": ""INHIBITS"", ""effect_direction"": ""decrease"", ""effect_size"": ""Not stated"", ""dose"": ""5% of timothy"", ""experimental_system"": ""in_vitro"", ""mechanism_class"": [""Microbial community restructuring""], ""direct_or_inferred"": ""Direct"", ""evidence_method"": ""in vitro gas production, relative quantification of specific ruminal microbes"", ""evidence_quality"": ""Medium"", ""supporting_quote"": ""methane production was significantly decreased after 48 h incubation"", ""paper_id"": ""10.1007/s10811-020-02361-4"", ""extraction_source"": ""auto"", ""prompt_version"": ""v2.0-126corpus"", ""confidence"": 0.8}"
R0107,Sargassum fusiforme,INHIBITS,methane yield,decrease,Not stated,5% of timothy,in_vitro,['Microbial community restructuring'],Direct,"in vitro gas production, relative quantification of specific ruminal microbes",Medium,methane production was significantly decreased after 48 h incubation,10.1007/s10811-020-02361-4,auto,v2.0-126corpus,0.8,"{""source"": ""Sargassum fusiforme"", ""target"": ""methane yield"", ""edge_type"": ""INHIBITS"", ""effect_direction"": ""decrease"", ""effect_size"": ""Not stated"", ""dose"": ""5% of timothy"", ""experimental_system"": ""in_vitro"", ""mechanism_class"": [""Microbial community restructuring""], ""direct_or_inferred"": ""Direct"", ""evidence_method"": ""in vitro gas production, relative quantification of specific ruminal microbes"", ""evidence_quality"": ""Medium"", ""supporting_quote"": ""methane production was significantly decreased after 48 h incubation"", ""paper_id"": ""10.1007/s10811-020-02361-4"", ""extraction_source"": ""auto"", ""prompt_version"": ""v2.0-126corpus"", ""confidence"": 0.8}"
R0108,Halidrys siliquosa,INHIBITS,methane yield,decrease,Not stated,Not specified,in_vitro,['Unknown/unclear mechanism'],Inferred,in vitro gas production,Medium,H. siliquosa ... displayed the highest concentration of phlorotannins ... giving anti-methanogenic effect in vitro,10.3389/fanim.2022.1062324,auto,v2.0-126corpus,0.7,"{""source"": ""Halidrys siliquosa"", ""target"": ""methane yield"", ""edge_type"": ""INHIBITS"", ""effect_direction"": ""decrease"", ""effect_size"": ""Not stated"", ""dose"": ""Not specified"", ""experimental_system"": ""in_vitro"", ""mechanism_class"": [""Unknown/unclear mechanism""], ""direct_or_inferred"": ""Inferred"", ""evidence_method"": ""in vitro gas production"", ""evidence_quality"": ""Medium"", ""supporting_quote"": ""H. siliquosa ... displayed the highest concentration of phlorotannins ... giving anti-methanogenic effect in vitro"", ""paper_id"": ""10.3389/fanim.2022.1062324"", ""extraction_source"": ""auto"", ""prompt_version"": ""v2.0-126corpus"", ""confidence"": 0.7}"
R0108,Ascophyllum nodosum,INHIBITS,methane yield,decrease,Not stated,Not specified,in_vitro,['Unknown/unclear mechanism'],Inferred,in vitro gas production,Medium,A. nodosum ... displayed the highest concentration of phlorotannins ... giving anti-methanogenic effect in vitro,10.3389/fanim.2022.1062324,auto,v2.0-126corpus,0.7,"{""source"": ""Ascophyllum nodosum"", ""target"": ""methane yield"", ""edge_type"": ""INHIBITS"", ""effect_direction"": ""decrease"", ""effect_size"": ""Not stated"", ""dose"": ""Not specified"", ""experimental_system"": ""in_vitro"", ""mechanism_class"": [""Unknown/unclear mechanism""], ""direct_or_inferred"": ""Inferred"", ""evidence_method"": ""in vitro gas production"", ""evidence_quality"": ""Medium"", ""supporting_quote"": ""A. nodosum ... displayed the highest concentration of phlorotannins ... giving anti-methanogenic effect in vitro"", ""paper_id"": ""10.3389/fanim.2022.1062324"", ""extraction_source"": ""auto"", ""prompt_version"": ""v2.0-126corpus"", ""confidence"": 0.7}"
R0108,Chaetomorpha filum,INHIBITS,methane yield,decrease,Not stated,Not specified,in_vitro,['Unknown/unclear mechanism'],Inferred,in vitro gas production,Medium,this explanation was not valid for the observed reduction in methane when supplementing with C. filum,10.3389/fanim.2022.1062324,auto,v2.0-126corpus,0.7,"{""source"": ""Chaetomorpha filum"", ""target"": ""methane yield"", ""edge_type"": ""INHIBITS"", ""effect_direction"": ""decrease"", ""effect_size"": ""Not stated"", ""dose"": ""Not specified"", ""experimental_system"": ""in_vitro"", ""mechanism_class"": [""Unknown/unclear mechanism""], ""direct_or_inferred"": ""Inferred"", ""evidence_method"": ""in vitro gas production"", ""evidence_quality"": ""Medium"", ""supporting_quote"": ""this explanation was not valid for the observed reduction in methane when supplementing with C. filum"", ""paper_id"": ""10.3389/fanim.2022.1062324"", ""extraction_source"": ""auto"", ""prompt_version"": ""v2.0-126corpus"", ""confidence"": 0.7}"
R0108,Laminaria digitata,INHIBITS,methane yield,decrease,Not stated,Not specified,in_vitro,['Unknown/unclear mechanism'],Inferred,in vitro gas production,Medium,this explanation was not valid for the observed reduction in methane when supplementing with ... L. digitata,10.3389/fanim.2022.1062324,auto,v2.0-126corpus,0.7,"{""source"": ""Laminaria digitata"", ""target"": ""methane yield"", ""edge_type"": ""INHIBITS"", ""effect_direction"": ""decrease"", ""effect_size"": ""Not stated"", ""dose"": ""Not specified"", ""experimental_system"": ""in_vitro"", ""mechanism_class"": [""Unknown/unclear mechanism""], ""direct_or_inferred"": ""Inferred"", ""evidence_method"": ""in vitro gas production"", ""evidence_quality"": ""Medium"", ""supporting_quote"": ""this explanation was not valid for the observed reduction in methane when supplementing with ... L. digitata"", ""paper_id"": ""10.3389/fanim.2022.1062324"", ""extraction_source"": ""auto"", ""prompt_version"": ""v2.0-126corpus"", ""confidence"": 0.7}"
R0108,Dumontia carnosa,INHIBITS,methane yield,decrease,Not stated,Not specified,in_vitro,['Unknown/unclear mechanism'],Inferred,in vitro gas production,Medium,D. carnosa ... had the highest protein content ... that reduced methane production in vitro,10.3389/fanim.2022.1062324,auto,v2.0-126corpus,0.7,"{""source"": ""Dumontia carnosa"", ""target"": ""methane yield"", ""edge_type"": ""INHIBITS"", ""effect_direction"": ""decrease"", ""effect_size"": ""Not stated"", ""dose"": ""Not specified"", ""experimental_system"": ""in_vitro"", ""mechanism_class"": [""Unknown/unclear mechanism""], ""direct_or_inferred"": ""Inferred"", ""evidence_method"": ""in vitro gas production"", ""evidence_quality"": ""Medium"", ""supporting_quote"": ""D. carnosa ... had the highest protein content ... that reduced methane production in vitro"", ""paper_id"": ""10.3389/fanim.2022.1062324"", ""extraction_source"": ""auto"", ""prompt_version"": ""v2.0-126corpus"", ""confidence"": 0.7}"
R0108,Ceramium tenuicorne,INHIBITS,methane yield,decrease,Not stated,Not specified,in_vitro,['Unknown/unclear mechanism'],Inferred,in vitro gas production,Medium,C. tenuicorne ... had the highest protein content ... that reduced methane production in vitro,10.3389/fanim.2022.1062324,auto,v2.0-126corpus,0.7,"{""source"": ""Ceramium tenuicorne"", ""target"": ""methane yield"", ""edge_type"": ""INHIBITS"", ""effect_direction"": ""decrease"", ""effect_size"": ""Not stated"", ""dose"": ""Not specified"", ""experimental_system"": ""in_vitro"", ""mechanism_class"": [""Unknown/unclear mechanism""], ""direct_or_inferred"": ""Inferred"", ""evidence_method"": ""in vitro gas production"", ""evidence_quality"": ""Medium"", ""supporting_quote"": ""C. tenuicorne ... had the highest protein content ... that reduced methane production in vitro"", ""paper_id"": ""10.3389/fanim.2022.1062324"", ""extraction_source"": ""auto"", ""prompt_version"": ""v2.0-126corpus"", ""confidence"": 0.7}"
R0108,Ulva lactuca,INHIBITS,methane yield,decrease,Not stated,Not specified,in_vitro,['Unknown/unclear mechanism'],Inferred,in vitro gas production,Medium,reduced methane production in vitro when supplementing with U. lactuca,10.3389/fanim.2022.1062324,auto,v2.0-126corpus,0.7,"{""source"": ""Ulva lactuca"", ""target"": ""methane yield"", ""edge_type"": ""INHIBITS"", ""effect_direction"": ""decrease"", ""effect_size"": ""Not stated"", ""dose"": ""Not specified"", ""experimental_system"": ""in_vitro"", ""mechanism_class"": [""Unknown/unclear mechanism""], ""direct_or_inferred"": ""Inferred"", ""evidence_method"": ""in vitro gas production"", ""evidence_quality"": ""Medium"", ""supporting_quote"": ""reduced methane production in vitro when supplementing with U. lactuca"", ""paper_id"": ""10.3389/fanim.2022.1062324"", ""extraction_source"": ""auto"", ""prompt_version"": ""v2.0-126corpus"", ""confidence"": 0.7}"
R0108,Asparagopsis taxiformis,INHIBITS,methane yield,decrease,Not stated,Not specified,in_vitro,['Unknown/unclear mechanism'],Inferred,in vitro gas production,Medium,The strongest and most complete methane inhibition in vitro was observed when supplementing with Asparagopsis taxiformis,10.3389/fanim.2022.1062324,auto,v2.0-126corpus,0.8,"{""source"": ""Asparagopsis taxiformis"", ""target"": ""methane yield"", ""edge_type"": ""INHIBITS"", ""effect_direction"": ""decrease"", ""effect_size"": ""Not stated"", ""dose"": ""Not specified"", ""experimental_system"": ""in_vitro"", ""mechanism_class"": [""Unknown/unclear mechanism""], ""direct_or_inferred"": ""Inferred"", ""evidence_method"": ""in vitro gas production"", ""evidence_quality"": ""Medium"", ""supporting_quote"": ""The strongest and most complete methane inhibition in vitro was observed when supplementing with Asparagopsis taxiformis"", ""paper_id"": ""10.3389/fanim.2022.1062324"", ""extraction_source"": ""auto"", ""prompt_version"": ""v2.0-126corpus"", ""confidence"": 0.8}"
R0109,Asparagopsis taxiformis,INHIBITS,methane,decrease,Not stated,six supplementation levels,modelling,"['Direct archaeal inhibition', 'Hydrogen sink redistribution']",Inferred,mathematical modelling,Medium,direct inhibition of the growth rate of methanogens by bromoform and hydrogen control on sugars utilization,10.24072/pci.animsci.100006,auto,v2.0-126corpus,0.8,"{""source"": ""Asparagopsis taxiformis"", ""target"": ""methane"", ""edge_type"": ""INHIBITS"", ""effect_direction"": ""decrease"", ""effect_size"": ""Not stated"", ""dose"": ""six supplementation levels"", ""experimental_system"": ""modelling"", ""mechanism_class"": [""Direct archaeal inhibition"", ""Hydrogen sink redistribution""], ""direct_or_inferred"": ""Inferred"", ""evidence_method"": ""mathematical modelling"", ""evidence_quality"": ""Medium"", ""supporting_quote"": ""direct inhibition of the growth rate of methanogens by bromoform and hydrogen control on sugars utilization"", ""paper_id"": ""10.24072/pci.animsci.100006"", ""extraction_source"": ""auto"", ""prompt_version"": ""v2.0-126corpus"", ""confidence"": 0.8}"
R0110,Alaria esculenta,INHIBITS,methane yield,decrease,15%,0 to 0.45 g/g DM,in_vitro,['Unknown/unclear mechanism'],Inferred,in vitro gas production,Medium,Alaria esculenta fractions gave a linear decrease in CH4 production (from on average 45.3 to 38.5 mL/g organic matter),10.1016/j.anifeedsci.2019.114225,auto,v2.0-126corpus,0.8,"{""source"": ""Alaria esculenta"", ""target"": ""methane yield"", ""edge_type"": ""INHIBITS"", ""effect_direction"": ""decrease"", ""effect_size"": ""15%"", ""dose"": ""0 to 0.45 g/g DM"", ""experimental_system"": ""in_vitro"", ""mechanism_class"": [""Unknown/unclear mechanism""], ""direct_or_inferred"": ""Inferred"", ""evidence_method"": ""in vitro gas production"", ""evidence_quality"": ""Medium"", ""supporting_quote"": ""Alaria esculenta fractions gave a linear decrease in CH4 production (from on average 45.3 to 38.5 mL/g organic matter)"", ""paper_id"": ""10.1016/j.anifeedsci.2019.114225"", ""extraction_source"": ""auto"", ""prompt_version"": ""v2.0-126corpus"", ""confidence"": 0.8}"
R0110,Alaria esculenta,MODULATES,total volatile fatty acids,decrease,9.4%,0 to 0.45 g/g DM,in_vitro,['Unknown/unclear mechanism'],Inferred,in vitro gas production,Medium,total volatile fatty acid concentration decreased with increasing level of Alaria esculenta fractions (from on average 69.5 to 63.0 mmol/L),10.1016/j.anifeedsci.2019.114225,auto,v2.0-126corpus,0.8,"{""source"": ""Alaria esculenta"", ""target"": ""total volatile fatty acids"", ""edge_type"": ""MODULATES"", ""effect_direction"": ""decrease"", ""effect_size"": ""9.4%"", ""dose"": ""0 to 0.45 g/g DM"", ""experimental_system"": ""in_vitro"", ""mechanism_class"": [""Unknown/unclear mechanism""], ""direct_or_inferred"": ""Inferred"", ""evidence_method"": ""in vitro gas production"", ""evidence_quality"": ""Medium"", ""supporting_quote"": ""total volatile fatty acid concentration decreased with increasing level of Alaria esculenta fractions (from on average 69.5 to 63.0 mmol/L)"", ""paper_id"": ""10.1016/j.anifeedsci.2019.114225"", ""extraction_source"": ""auto"", ""prompt_version"": ""v2.0-126corpus"", ""confidence"": 0.8}"
R0110,Alaria esculenta,MODULATES,true organic matter digestibility,decrease,6.6%,0 to 0.45 g/g DM,in_vitro,['Unknown/unclear mechanism'],Inferred,in vitro gas production,Medium,Organic matter digestibility decreased with increasing level of Alaria esculenta fractions (from on average 0.785 to 0.733),10.1016/j.anifeedsci.2019.114225,auto,v2.0-126corpus,0.8,"{""source"": ""Alaria esculenta"", ""target"": ""true organic matter digestibility"", ""edge_type"": ""MODULATES"", ""effect_direction"": ""decrease"", ""effect_size"": ""6.6%"", ""dose"": ""0 to 0.45 g/g DM"", ""experimental_system"": ""in_vitro"", ""mechanism_class"": [""Unknown/unclear mechanism""], ""direct_or_inferred"": ""Inferred"", ""evidence_method"": ""in vitro gas production"", ""evidence_quality"": ""Medium"", ""supporting_quote"": ""Organic matter digestibility decreased with increasing level of Alaria esculenta fractions (from on average 0.785 to 0.733)"", ""paper_id"": ""10.1016/j.anifeedsci.2019.114225"", ""extraction_source"": ""auto"", ""prompt_version"": ""v2.0-126corpus"", ""confidence"": 0.8}"
R0110,Saccharina latissima,MODULATES,true organic matter digestibility,increase,4.5%,0 to 0.45 g/g DM,in_vitro,['Unknown/unclear mechanism'],Inferred,in vitro gas production,Medium,Increasing protein fraction from the brown seaweed Saccharina latissima in the diet significantly increased true organic matter digestibility (from on average 0.786 to 0.821),10.1016/j.anifeedsci.2019.114225,auto,v2.0-126corpus,0.8,"{""source"": ""Saccharina latissima"", ""target"": ""true organic matter digestibility"", ""edge_type"": ""MODULATES"", ""effect_direction"": ""increase"", ""effect_size"": ""4.5%"", ""dose"": ""0 to 0.45 g/g DM"", ""experimental_system"": ""in_vitro"", ""mechanism_class"": [""Unknown/unclear mechanism""], ""direct_or_inferred"": ""Inferred"", ""evidence_method"": ""in vitro gas production"", ""evidence_quality"": ""Medium"", ""supporting_quote"": ""Increasing protein fraction from the brown seaweed Saccharina latissima in the diet significantly increased true organic matter digestibility (from on average 0.786 to 0.821)"", ""paper_id"": ""10.1016/j.anifeedsci.2019.114225"", ""extraction_source"": ""auto"", ""prompt_version"": ""v2.0-126corpus"", ""confidence"": 0.8}"
R0111,Ecklonia radiata,MODULATES,ammonia,decrease,Not stated,2 μL per fermentation jar,in_vitro,['Unknown/unclear mechanism'],Inferred,in vitro gas production,Medium,Only the NH3 from the 2-μL dose was different (P = 0.04) from the 0-μL dose.,10.15232/aas.2019-01892,auto,v2.0-126corpus,0.75,"{""source"": ""Ecklonia radiata"", ""target"": ""ammonia"", ""edge_type"": ""MODULATES"", ""effect_direction"": ""decrease"", ""effect_size"": ""Not stated"", ""dose"": ""2 μL per fermentation jar"", ""experimental_system"": ""in_vitro"", ""mechanism_class"": [""Unknown/unclear mechanism""], ""direct_or_inferred"": ""Inferred"", ""evidence_method"": ""in vitro gas production"", ""evidence_quality"": ""Medium"", ""supporting_quote"": ""Only the NH3 from the 2-μL dose was different (P = 0.04) from the 0-μL dose."", ""paper_id"": ""10.15232/aas.2019-01892"", ""extraction_source"": ""auto"", ""prompt_version"": ""v2.0-126corpus"", ""confidence"": 0.75}"
R0111,Ecklonia radiata,MODULATES,total VFA,decrease,Not stated,5 μL (optimal dose),in_vitro,['Unknown/unclear mechanism'],Inferred,in vitro gas production,Medium,The SWO treatment also reduced total VFA compared with the other treatments (P = 0.01).,10.15232/aas.2019-01892,auto,v2.0-126corpus,0.75,"{""source"": ""Ecklonia radiata"", ""target"": ""total VFA"", ""edge_type"": ""MODULATES"", ""effect_direction"": ""decrease"", ""effect_size"": ""Not stated"", ""dose"": ""5 μL (optimal dose)"", ""experimental_system"": ""in_vitro"", ""mechanism_class"": [""Unknown/unclear mechanism""], ""direct_or_inferred"": ""Inferred"", ""evidence_method"": ""in vitro gas production"", ""evidence_quality"": ""Medium"", ""supporting_quote"": ""The SWO treatment also reduced total VFA compared with the other treatments (P = 0.01)."", ""paper_id"": ""10.15232/aas.2019-01892"", ""extraction_source"": ""auto"", ""prompt_version"": ""v2.0-126corpus"", ""confidence"": 0.75}"
R0115,Asparagopsis taxiformis,INHIBITS,methane yield,decrease,80%,3% OM,in_vivo,['Hydrogen sink redistribution'],Inferred,respiration chamber,High,up to 80% CH4 mitigation at the 3% offered rate,10.1071/AN15883,auto,v2.0-126corpus,0.92,"{""source"": ""Asparagopsis taxiformis"", ""target"": ""methane yield"", ""edge_type"": ""INHIBITS"", ""effect_direction"": ""decrease"", ""effect_size"": ""80%"", ""dose"": ""3% OM"", ""experimental_system"": ""in_vivo"", ""mechanism_class"": [""Hydrogen sink redistribution""], ""direct_or_inferred"": ""Inferred"", ""evidence_method"": ""respiration chamber"", ""evidence_quality"": ""High"", ""supporting_quote"": ""up to 80% CH4 mitigation at the 3% offered rate"", ""paper_id"": ""10.1071/AN15883"", ""extraction_source"": ""auto"", ""prompt_version"": ""v2.0-126corpus"", ""confidence"": 0.92}"
R0115,Asparagopsis taxiformis,MODULATES,total VFA,decrease,Not stated,Not specified,in_vivo,['Fermentation pathway modulation'],Direct,Not stated,Medium,Sheep fed Asparagopsis had a significantly lower concentration of total volatile fatty acids,10.1071/AN15883,auto,v2.0-126corpus,0.85,"{""source"": ""Asparagopsis taxiformis"", ""target"": ""total VFA"", ""edge_type"": ""MODULATES"", ""effect_direction"": ""decrease"", ""effect_size"": ""Not stated"", ""dose"": ""Not specified"", ""experimental_system"": ""in_vivo"", ""mechanism_class"": [""Fermentation pathway modulation""], ""direct_or_inferred"": ""Direct"", ""evidence_method"": ""Not stated"", ""evidence_quality"": ""Medium"", ""supporting_quote"": ""Sheep fed Asparagopsis had a significantly lower concentration of total volatile fatty acids"", ""paper_id"": ""10.1071/AN15883"", ""extraction_source"": ""auto"", ""prompt_version"": ""v2.0-126corpus"", ""confidence"": 0.85}"
R0115,Asparagopsis taxiformis,MODULATES,acetate,decrease,Not stated,Not specified,in_vivo,['Fermentation pathway modulation'],Direct,Not stated,Medium,lower concentration of ... acetate,10.1071/AN15883,auto,v2.0-126corpus,0.85,"{""source"": ""Asparagopsis taxiformis"", ""target"": ""acetate"", ""edge_type"": ""MODULATES"", ""effect_direction"": ""decrease"", ""effect_size"": ""Not stated"", ""dose"": ""Not specified"", ""experimental_system"": ""in_vivo"", ""mechanism_class"": [""Fermentation pathway modulation""], ""direct_or_inferred"": ""Direct"", ""evidence_method"": ""Not stated"", ""evidence_quality"": ""Medium"", ""supporting_quote"": ""lower concentration of ... acetate"", ""paper_id"": ""10.1071/AN15883"", ""extraction_source"": ""auto"", ""prompt_version"": ""v2.0-126corpus"", ""confidence"": 0.85}"
R0115,Asparagopsis taxiformis,MODULATES,propionate production,increase,Not stated,Not specified,in_vivo,['Fermentation pathway modulation'],Direct,Not stated,Medium,higher propionate concentration,10.1071/AN15883,auto,v2.0-126corpus,0.85,"{""source"": ""Asparagopsis taxiformis"", ""target"": ""propionate production"", ""edge_type"": ""MODULATES"", ""effect_direction"": ""increase"", ""effect_size"": ""Not stated"", ""dose"": ""Not specified"", ""experimental_system"": ""in_vivo"", ""mechanism_class"": [""Fermentation pathway modulation""], ""direct_or_inferred"": ""Direct"", ""evidence_method"": ""Not stated"", ""evidence_quality"": ""Medium"", ""supporting_quote"": ""higher propionate concentration"", ""paper_id"": ""10.1071/AN15883"", ""extraction_source"": ""auto"", ""prompt_version"": ""v2.0-126corpus"", ""confidence"": 0.85}"
R0117,Alaria esculenta,MODULATES,ruminal fermentation,mixed,Not stated,200 g/kg concentrate,in_vitro,['Unknown/unclear mechanism'],Not stated,in vitro gas production,Medium,The inclusion of seaweeds in the concentrate of a diet up to 200 g/kg concentrate produced only subtle effects on in vitro ruminal fermentation.,10.3390/ani9100851,auto,v2.0-126corpus,0.7,"{""source"": ""Alaria esculenta"", ""target"": ""ruminal fermentation"", ""edge_type"": ""MODULATES"", ""effect_direction"": ""mixed"", ""effect_size"": ""Not stated"", ""dose"": ""200 g/kg concentrate"", ""experimental_system"": ""in_vitro"", ""mechanism_class"": [""Unknown/unclear mechanism""], ""direct_or_inferred"": ""Not stated"", ""evidence_method"": ""in vitro gas production"", ""evidence_quality"": ""Medium"", ""supporting_quote"": ""The inclusion of seaweeds in the concentrate of a diet up to 200 g/kg concentrate produced only subtle effects on in vitro ruminal fermentation."", ""paper_id"": ""10.3390/ani9100851"", ""extraction_source"": ""auto"", ""prompt_version"": ""v2.0-126corpus"", ""confidence"": 0.7}"
R0117,Laminaria digitata,MODULATES,ruminal fermentation,mixed,Not stated,200 g/kg concentrate,in_vitro,['Unknown/unclear mechanism'],Not stated,in vitro gas production,Medium,The inclusion of seaweeds in the concentrate of a diet up to 200 g/kg concentrate produced only subtle effects on in vitro ruminal fermentation.,10.3390/ani9100851,auto,v2.0-126corpus,0.7,"{""source"": ""Laminaria digitata"", ""target"": ""ruminal fermentation"", ""edge_type"": ""MODULATES"", ""effect_direction"": ""mixed"", ""effect_size"": ""Not stated"", ""dose"": ""200 g/kg concentrate"", ""experimental_system"": ""in_vitro"", ""mechanism_class"": [""Unknown/unclear mechanism""], ""direct_or_inferred"": ""Not stated"", ""evidence_method"": ""in vitro gas production"", ""evidence_quality"": ""Medium"", ""supporting_quote"": ""The inclusion of seaweeds in the concentrate of a diet up to 200 g/kg concentrate produced only subtle effects on in vitro ruminal fermentation."", ""paper_id"": ""10.3390/ani9100851"", ""extraction_source"": ""auto"", ""prompt_version"": ""v2.0-126corpus"", ""confidence"": 0.7}"
R0117,Pelvetia canaliculata,MODULATES,ruminal fermentation,mixed,Not stated,200 g/kg concentrate,in_vitro,['Unknown/unclear mechanism'],Not stated,in vitro gas production,Medium,The inclusion of seaweeds in the concentrate of a diet up to 200 g/kg concentrate produced only subtle effects on in vitro ruminal fermentation.,10.3390/ani9100851,auto,v2.0-126corpus,0.7,"{""source"": ""Pelvetia canaliculata"", ""target"": ""ruminal fermentation"", ""edge_type"": ""MODULATES"", ""effect_direction"": ""mixed"", ""effect_size"": ""Not stated"", ""dose"": ""200 g/kg concentrate"", ""experimental_system"": ""in_vitro"", ""mechanism_class"": [""Unknown/unclear mechanism""], ""direct_or_inferred"": ""Not stated"", ""evidence_method"": ""in vitro gas production"", ""evidence_quality"": ""Medium"", ""supporting_quote"": ""The inclusion of seaweeds in the concentrate of a diet up to 200 g/kg concentrate produced only subtle effects on in vitro ruminal fermentation."", ""paper_id"": ""10.3390/ani9100851"", ""extraction_source"": ""auto"", ""prompt_version"": ""v2.0-126corpus"", ""confidence"": 0.7}"
R0117,Saccharina latissima,MODULATES,ruminal fermentation,mixed,Not stated,200 g/kg concentrate,in_vitro,['Unknown/unclear mechanism'],Not stated,in vitro gas production,Medium,The inclusion of seaweeds in the concentrate of a diet up to 200 g/kg concentrate produced only subtle effects on in vitro ruminal fermentation.,10.3390/ani9100851,auto,v2.0-126corpus,0.7,"{""source"": ""Saccharina latissima"", ""target"": ""ruminal fermentation"", ""edge_type"": ""MODULATES"", ""effect_direction"": ""mixed"", ""effect_size"": ""Not stated"", ""dose"": ""200 g/kg concentrate"", ""experimental_system"": ""in_vitro"", ""mechanism_class"": [""Unknown/unclear mechanism""], ""direct_or_inferred"": ""Not stated"", ""evidence_method"": ""in vitro gas production"", ""evidence_quality"": ""Medium"", ""supporting_quote"": ""The inclusion of seaweeds in the concentrate of a diet up to 200 g/kg concentrate produced only subtle effects on in vitro ruminal fermentation."", ""paper_id"": ""10.3390/ani9100851"", ""extraction_source"": ""auto"", ""prompt_version"": ""v2.0-126corpus"", ""confidence"": 0.7}"
R0117,Mastocarpus stellatus,MODULATES,ruminal fermentation,mixed,Not stated,200 g/kg concentrate,in_vitro,['Unknown/unclear mechanism'],Not stated,in vitro gas production,Medium,The inclusion of seaweeds in the concentrate of a diet up to 200 g/kg concentrate produced only subtle effects on in vitro ruminal fermentation.,10.3390/ani9100851,auto,v2.0-126corpus,0.7,"{""source"": ""Mastocarpus stellatus"", ""target"": ""ruminal fermentation"", ""edge_type"": ""MODULATES"", ""effect_direction"": ""mixed"", ""effect_size"": ""Not stated"", ""dose"": ""200 g/kg concentrate"", ""experimental_system"": ""in_vitro"", ""mechanism_class"": [""Unknown/unclear mechanism""], ""direct_or_inferred"": ""Not stated"", ""evidence_method"": ""in vitro gas production"", ""evidence_quality"": ""Medium"", ""supporting_quote"": ""The inclusion of seaweeds in the concentrate of a diet up to 200 g/kg concentrate produced only subtle effects on in vitro ruminal fermentation."", ""paper_id"": ""10.3390/ani9100851"", ""extraction_source"": ""auto"", ""prompt_version"": ""v2.0-126corpus"", ""confidence"": 0.7}"
R0117,Palmaria palmata,MODULATES,ruminal fermentation,mixed,Not stated,200 g/kg concentrate,in_vitro,['Unknown/unclear mechanism'],Not stated,in vitro gas production,Medium,The inclusion of seaweeds in the concentrate of a diet up to 200 g/kg concentrate produced only subtle effects on in vitro ruminal fermentation.,10.3390/ani9100851,auto,v2.0-126corpus,0.7,"{""source"": ""Palmaria palmata"", ""target"": ""ruminal fermentation"", ""edge_type"": ""MODULATES"", ""effect_direction"": ""mixed"", ""effect_size"": ""Not stated"", ""dose"": ""200 g/kg concentrate"", ""experimental_system"": ""in_vitro"", ""mechanism_class"": [""Unknown/unclear mechanism""], ""direct_or_inferred"": ""Not stated"", ""evidence_method"": ""in vitro gas production"", ""evidence_quality"": ""Medium"", ""supporting_quote"": ""The inclusion of seaweeds in the concentrate of a diet up to 200 g/kg concentrate produced only subtle effects on in vitro ruminal fermentation."", ""paper_id"": ""10.3390/ani9100851"", ""extraction_source"": ""auto"", ""prompt_version"": ""v2.0-126corpus"", ""confidence"": 0.7}"
R0117,Porphyra sp.,MODULATES,ruminal fermentation,mixed,Not stated,200 g/kg concentrate,in_vitro,['Unknown/unclear mechanism'],Not stated,in vitro gas production,Medium,The inclusion of seaweeds in the concentrate of a diet up to 200 g/kg concentrate produced only subtle effects on in vitro ruminal fermentation.,10.3390/ani9100851,auto,v2.0-126corpus,0.7,"{""source"": ""Porphyra sp."", ""target"": ""ruminal fermentation"", ""edge_type"": ""MODULATES"", ""effect_direction"": ""mixed"", ""effect_size"": ""Not stated"", ""dose"": ""200 g/kg concentrate"", ""experimental_system"": ""in_vitro"", ""mechanism_class"": [""Unknown/unclear mechanism""], ""direct_or_inferred"": ""Not stated"", ""evidence_method"": ""in vitro gas production"", ""evidence_quality"": ""Medium"", ""supporting_quote"": ""The inclusion of seaweeds in the concentrate of a diet up to 200 g/kg concentrate produced only subtle effects on in vitro ruminal fermentation."", ""paper_id"": ""10.3390/ani9100851"", ""extraction_source"": ""auto"", ""prompt_version"": ""v2.0-126corpus"", ""confidence"": 0.7}"
R0117,Cladophora rupestris,MODULATES,ruminal fermentation,mixed,Not stated,200 g/kg concentrate,in_vitro,['Unknown/unclear mechanism'],Not stated,in vitro gas production,Medium,The inclusion of seaweeds in the concentrate of a diet up to 200 g/kg concentrate produced only subtle effects on in vitro ruminal fermentation.,10.3390/ani9100851,auto,v2.0-126corpus,0.7,"{""source"": ""Cladophora rupestris"", ""target"": ""ruminal fermentation"", ""edge_type"": ""MODULATES"", ""effect_direction"": ""mixed"", ""effect_size"": ""Not stated"", ""dose"": ""200 g/kg concentrate"", ""experimental_system"": ""in_vitro"", ""mechanism_class"": [""Unknown/unclear mechanism""], ""direct_or_inferred"": ""Not stated"", ""evidence_method"": ""in vitro gas production"", ""evidence_quality"": ""Medium"", ""supporting_quote"": ""The inclusion of seaweeds in the concentrate of a diet up to 200 g/kg concentrate produced only subtle effects on in vitro ruminal fermentation."", ""paper_id"": ""10.3390/ani9100851"", ""extraction_source"": ""auto"", ""prompt_version"": ""v2.0-126corpus"", ""confidence"": 0.7}"
R0118,Asparagopsis taxiformis,INHIBITS,methane yield,decrease,40% and 98%,0.10% and 0.20% OM,in_vivo,['Unknown/unclear mechanism'],Inferred,respiration chamber,High,Steers receiving 0.10% and 0.20% Asparagopsis demonstrated decreased methane up to 40% and 98%,10.1016/j.jclepro.2020.120836,auto,v2.0-126corpus,0.92,"{""source"": ""Asparagopsis taxiformis"", ""target"": ""methane yield"", ""edge_type"": ""INHIBITS"", ""effect_direction"": ""decrease"", ""effect_size"": ""40% and 98%"", ""dose"": ""0.10% and 0.20% OM"", ""experimental_system"": ""in_vivo"", ""mechanism_class"": [""Unknown/unclear mechanism""], ""direct_or_inferred"": ""Inferred"", ""evidence_method"": ""respiration chamber"", ""evidence_quality"": ""High"", ""supporting_quote"": ""Steers receiving 0.10% and 0.20% Asparagopsis demonstrated decreased methane up to 40% and 98%"", ""paper_id"": ""10.1016/j.jclepro.2020.120836"", ""extraction_source"": ""auto"", ""prompt_version"": ""v2.0-126corpus"", ""confidence"": 0.92}"
R0118,Asparagopsis taxiformis,PROMOTES,weight gain,increase,53% and 42%,0.10% and 0.20% OM,in_vivo,['Unknown/unclear mechanism'],Inferred,weekly weighing,High,demonstrated weight gain improvements of 53% and 42%,10.1016/j.jclepro.2020.120836,auto,v2.0-126corpus,0.9,"{""source"": ""Asparagopsis taxiformis"", ""target"": ""weight gain"", ""edge_type"": ""PROMOTES"", ""effect_direction"": ""increase"", ""effect_size"": ""53% and 42%"", ""dose"": ""0.10% and 0.20% OM"", ""experimental_system"": ""in_vivo"", ""mechanism_class"": [""Unknown/unclear mechanism""], ""direct_or_inferred"": ""Inferred"", ""evidence_method"": ""weekly weighing"", ""evidence_quality"": ""High"", ""supporting_quote"": ""demonstrated weight gain improvements of 53% and 42%"", ""paper_id"": ""10.1016/j.jclepro.2020.120836"", ""extraction_source"": ""auto"", ""prompt_version"": ""v2.0-126corpus"", ""confidence"": 0.9}"
R0119,Asparagopsis taxiformis,INHIBITS,methane yield,decrease,100%,2% OM,in_vitro,['Unknown/unclear mechanism'],Inferred,in vitro gas production,High,"The most effective treatment group, which completely inhibited the production of CH4",10.1007/s10811-016-1004-3,auto,v2.0-126corpus,0.9,"{""source"": ""Asparagopsis taxiformis"", ""target"": ""methane yield"", ""edge_type"": ""INHIBITS"", ""effect_direction"": ""decrease"", ""effect_size"": ""100%"", ""dose"": ""2% OM"", ""experimental_system"": ""in_vitro"", ""mechanism_class"": [""Unknown/unclear mechanism""], ""direct_or_inferred"": ""Inferred"", ""evidence_method"": ""in vitro gas production"", ""evidence_quality"": ""High"", ""supporting_quote"": ""The most effective treatment group, which completely inhibited the production of CH4"", ""paper_id"": ""10.1007/s10811-016-1004-3"", ""extraction_source"": ""auto"", ""prompt_version"": ""v2.0-126corpus"", ""confidence"": 0.9}"
R0121,Asparagopsis taxiformis,INHIBITS,methane yield,decrease,99%,2% OM,in_vitro,"['Microbial community restructuring', 'Hydrogen sink redistribution']",Direct,"qPCR, 16S rRNA amplicon sequencing",High,Addition of A. taxiformis (2% organic matter) reduced methane production by over 99%,10.1007/s00248-017-1086-8,auto,v2.0-126corpus,0.95,"{""source"": ""Asparagopsis taxiformis"", ""target"": ""methane yield"", ""edge_type"": ""INHIBITS"", ""effect_direction"": ""decrease"", ""effect_size"": ""99%"", ""dose"": ""2% OM"", ""experimental_system"": ""in_vitro"", ""mechanism_class"": [""Microbial community restructuring"", ""Hydrogen sink redistribution""], ""direct_or_inferred"": ""Direct"", ""evidence_method"": ""qPCR, 16S rRNA amplicon sequencing"", ""evidence_quality"": ""High"", ""supporting_quote"": ""Addition of A. taxiformis (2% organic matter) reduced methane production by over 99%"", ""paper_id"": ""10.1007/s00248-017-1086-8"", ""extraction_source"": ""auto"", ""prompt_version"": ""v2.0-126corpus"", ""confidence"": 0.95}"
R0121,bromoform,INHIBITS,methane yield,decrease,99%,5 μM,in_vitro,"['Microbial community restructuring', 'Hydrogen sink redistribution']",Direct,"qPCR, 16S rRNA amplicon sequencing",High,bromoform (5 μM) reduced methane production by over 99%,10.1007/s00248-017-1086-8,auto,v2.0-126corpus,0.95,"{""source"": ""bromoform"", ""target"": ""methane yield"", ""edge_type"": ""INHIBITS"", ""effect_direction"": ""decrease"", ""effect_size"": ""99%"", ""dose"": ""5 μM"", ""experimental_system"": ""in_vitro"", ""mechanism_class"": [""Microbial community restructuring"", ""Hydrogen sink redistribution""], ""direct_or_inferred"": ""Direct"", ""evidence_method"": ""qPCR, 16S rRNA amplicon sequencing"", ""evidence_quality"": ""High"", ""supporting_quote"": ""bromoform (5 μM) reduced methane production by over 99%"", ""paper_id"": ""10.1007/s00248-017-1086-8"", ""extraction_source"": ""auto"", ""prompt_version"": ""v2.0-126corpus"", ""confidence"": 0.95}"
R0121,Asparagopsis taxiformis,INHIBITS,methanogens,decrease,Not stated,2% OM,in_vitro,['Microbial community restructuring'],Direct,"qPCR, 16S rRNA amplicon sequencing",High,decrease in the relative abundance of methanogens,10.1007/s00248-017-1086-8,auto,v2.0-126corpus,0.9,"{""source"": ""Asparagopsis taxiformis"", ""target"": ""methanogens"", ""edge_type"": ""INHIBITS"", ""effect_direction"": ""decrease"", ""effect_size"": ""Not stated"", ""dose"": ""2% OM"", ""experimental_system"": ""in_vitro"", ""mechanism_class"": [""Microbial community restructuring""], ""direct_or_inferred"": ""Direct"", ""evidence_method"": ""qPCR, 16S rRNA amplicon sequencing"", ""evidence_quality"": ""High"", ""supporting_quote"": ""decrease in the relative abundance of methanogens"", ""paper_id"": ""10.1007/s00248-017-1086-8"", ""extraction_source"": ""auto"", ""prompt_version"": ""v2.0-126corpus"", ""confidence"": 0.9}"
R0121,bromoform,INHIBITS,methanogens,decrease,Not stated,5 μM,in_vitro,['Microbial community restructuring'],Direct,"qPCR, 16S rRNA amplicon sequencing",High,both treatments reduced the abundance of the three main orders of methanogens,10.1007/s00248-017-1086-8,auto,v2.0-126corpus,0.9,"{""source"": ""bromoform"", ""target"": ""methanogens"", ""edge_type"": ""INHIBITS"", ""effect_direction"": ""decrease"", ""effect_size"": ""Not stated"", ""dose"": ""5 μM"", ""experimental_system"": ""in_vitro"", ""mechanism_class"": [""Microbial community restructuring""], ""direct_or_inferred"": ""Direct"", ""evidence_method"": ""qPCR, 16S rRNA amplicon sequencing"", ""evidence_quality"": ""High"", ""supporting_quote"": ""both treatments reduced the abundance of the three main orders of methanogens"", ""paper_id"": ""10.1007/s00248-017-1086-8"", ""extraction_source"": ""auto"", ""prompt_version"": ""v2.0-126corpus"", ""confidence"": 0.9}"
R0121,Asparagopsis taxiformis,PROMOTES,hydrogen concentration,increase,Not stated,2% OM,in_vitro,['Hydrogen sink redistribution'],Direct,headspace gas measurement,Medium,increases in hydrogen concentration in the headspace of the fermenters,10.1007/s00248-017-1086-8,auto,v2.0-126corpus,0.85,"{""source"": ""Asparagopsis taxiformis"", ""target"": ""hydrogen concentration"", ""edge_type"": ""PROMOTES"", ""effect_direction"": ""increase"", ""effect_size"": ""Not stated"", ""dose"": ""2% OM"", ""experimental_system"": ""in_vitro"", ""mechanism_class"": [""Hydrogen sink redistribution""], ""direct_or_inferred"": ""Direct"", ""evidence_method"": ""headspace gas measurement"", ""evidence_quality"": ""Medium"", ""supporting_quote"": ""increases in hydrogen concentration in the headspace of the fermenters"", ""paper_id"": ""10.1007/s00248-017-1086-8"", ""extraction_source"": ""auto"", ""prompt_version"": ""v2.0-126corpus"", ""confidence"": 0.85}"
R0121,bromoform,PROMOTES,hydrogen concentration,increase,Not stated,5 μM,in_vitro,['Hydrogen sink redistribution'],Direct,headspace gas measurement,Medium,increases in hydrogen concentration in the headspace of the fermenters,10.1007/s00248-017-1086-8,auto,v2.0-126corpus,0.85,"{""source"": ""bromoform"", ""target"": ""hydrogen concentration"", ""edge_type"": ""PROMOTES"", ""effect_direction"": ""increase"", ""effect_size"": ""Not stated"", ""dose"": ""5 μM"", ""experimental_system"": ""in_vitro"", ""mechanism_class"": [""Hydrogen sink redistribution""], ""direct_or_inferred"": ""Direct"", ""evidence_method"": ""headspace gas measurement"", ""evidence_quality"": ""Medium"", ""supporting_quote"": ""increases in hydrogen concentration in the headspace of the fermenters"", ""paper_id"": ""10.1007/s00248-017-1086-8"", ""extraction_source"": ""auto"", ""prompt_version"": ""v2.0-126corpus"", ""confidence"": 0.85}"
R0122,Asparagopsis taxiformis,INHIBITS,methane,decrease,79%,2% organic matter,in_vitro,['Unknown/unclear mechanism'],Inferred,in vitro gas production,Medium,"The dichloromethane extract was most active, reducing methane production by 79 %.",10.1007/s10811-016-0830-7,auto,v2.0-126corpus,0.85,"{""source"": ""Asparagopsis taxiformis"", ""target"": ""methane"", ""edge_type"": ""INHIBITS"", ""effect_direction"": ""decrease"", ""effect_size"": ""79%"", ""dose"": ""2% organic matter"", ""experimental_system"": ""in_vitro"", ""mechanism_class"": [""Unknown/unclear mechanism""], ""direct_or_inferred"": ""Inferred"", ""evidence_method"": ""in vitro gas production"", ""evidence_quality"": ""Medium"", ""supporting_quote"": ""The dichloromethane extract was most active, reducing methane production by 79 %."", ""paper_id"": ""10.1007/s10811-016-0830-7"", ""extraction_source"": ""auto"", ""prompt_version"": ""v2.0-126corpus"", ""confidence"": 0.85}"
R0122,bromoform,INHIBITS,methane,decrease,Not stated,≥1 μM,in_vitro,['Unknown/unclear mechanism'],Inferred,in vitro gas production,Medium,Bromoform and dibromochloromethane had the highest activity with concentrations ≥1 μM inhibiting methane production.,10.1007/s10811-016-0830-7,auto,v2.0-126corpus,0.85,"{""source"": ""bromoform"", ""target"": ""methane"", ""edge_type"": ""INHIBITS"", ""effect_direction"": ""decrease"", ""effect_size"": ""Not stated"", ""dose"": ""≥1 μM"", ""experimental_system"": ""in_vitro"", ""mechanism_class"": [""Unknown/unclear mechanism""], ""direct_or_inferred"": ""Inferred"", ""evidence_method"": ""in vitro gas production"", ""evidence_quality"": ""Medium"", ""supporting_quote"": ""Bromoform and dibromochloromethane had the highest activity with concentrations ≥1 μM inhibiting methane production."", ""paper_id"": ""10.1007/s10811-016-0830-7"", ""extraction_source"": ""auto"", ""prompt_version"": ""v2.0-126corpus"", ""confidence"": 0.85}"
R0123,Ascophyllum nodosum,INHIBITS,methane,decrease,15%,up to 2 g L-1,in_vitro,['Protozoal suppression'],Inferred,in vitro gas production,Medium,ASC had anti-protozoal effects (up to -23%) promoting a decrease in gas production and methanogenesis (-15%).,10.1002/jsfa.7481,auto,v2.0-126corpus,0.8,"{""source"": ""Ascophyllum nodosum"", ""target"": ""methane"", ""edge_type"": ""INHIBITS"", ""effect_direction"": ""decrease"", ""effect_size"": ""15%"", ""dose"": ""up to 2 g L-1"", ""experimental_system"": ""in_vitro"", ""mechanism_class"": [""Protozoal suppression""], ""direct_or_inferred"": ""Inferred"", ""evidence_method"": ""in vitro gas production"", ""evidence_quality"": ""Medium"", ""supporting_quote"": ""ASC had anti-protozoal effects (up to -23%) promoting a decrease in gas production and methanogenesis (-15%)."", ""paper_id"": ""10.1002/jsfa.7481"", ""extraction_source"": ""auto"", ""prompt_version"": ""v2.0-126corpus"", ""confidence"": 0.8}"
R0123,Ascophyllum nodosum,INHIBITS,ciliate protozoa,decrease,23%,up to 2 g L-1,in_vitro,['Protozoal suppression'],Direct,14C-labelled bacteria,Medium,ASC had anti-protozoal effects (up to -23%),10.1002/jsfa.7481,auto,v2.0-126corpus,0.85,"{""source"": ""Ascophyllum nodosum"", ""target"": ""ciliate protozoa"", ""edge_type"": ""INHIBITS"", ""effect_direction"": ""decrease"", ""effect_size"": ""23%"", ""dose"": ""up to 2 g L-1"", ""experimental_system"": ""in_vitro"", ""mechanism_class"": [""Protozoal suppression""], ""direct_or_inferred"": ""Direct"", ""evidence_method"": ""14C-labelled bacteria"", ""evidence_quality"": ""Medium"", ""supporting_quote"": ""ASC had anti-protozoal effects (up to -23%)"", ""paper_id"": ""10.1002/jsfa.7481"", ""extraction_source"": ""auto"", ""prompt_version"": ""v2.0-126corpus"", ""confidence"": 0.85}"
R0123,Laminaria digitata,PROMOTES,VFA,increase,7%,up to 2 g L-1,in_vitro,['Fermentation pathway modulation'],Direct,in vitro gas production,Medium,LAM increased VFA production (+7%) and shifted from butyrate to acetate.,10.1002/jsfa.7481,auto,v2.0-126corpus,0.8,"{""source"": ""Laminaria digitata"", ""target"": ""VFA"", ""edge_type"": ""PROMOTES"", ""effect_direction"": ""increase"", ""effect_size"": ""7%"", ""dose"": ""up to 2 g L-1"", ""experimental_system"": ""in_vitro"", ""mechanism_class"": [""Fermentation pathway modulation""], ""direct_or_inferred"": ""Direct"", ""evidence_method"": ""in vitro gas production"", ""evidence_quality"": ""Medium"", ""supporting_quote"": ""LAM increased VFA production (+7%) and shifted from butyrate to acetate."", ""paper_id"": ""10.1002/jsfa.7481"", ""extraction_source"": ""auto"", ""prompt_version"": ""v2.0-126corpus"", ""confidence"": 0.8}"
R0123,chitosan,INHIBITS,methane,decrease,23%,up to 2 g L-1,in_vitro,"['Protozoal suppression', 'Fermentation pathway modulation']",Inferred,in vitro gas production,Medium,CHI also shifted fermentation towards propionate production and lower methane (-23%) and protozoal activity (-56%).,10.1002/jsfa.7481,auto,v2.0-126corpus,0.8,"{""source"": ""chitosan"", ""target"": ""methane"", ""edge_type"": ""INHIBITS"", ""effect_direction"": ""decrease"", ""effect_size"": ""23%"", ""dose"": ""up to 2 g L-1"", ""experimental_system"": ""in_vitro"", ""mechanism_class"": [""Protozoal suppression"", ""Fermentation pathway modulation""], ""direct_or_inferred"": ""Inferred"", ""evidence_method"": ""in vitro gas production"", ""evidence_quality"": ""Medium"", ""supporting_quote"": ""CHI also shifted fermentation towards propionate production and lower methane (-23%) and protozoal activity (-56%)."", ""paper_id"": ""10.1002/jsfa.7481"", ""extraction_source"": ""auto"", ""prompt_version"": ""v2.0-126corpus"", ""confidence"": 0.8}"
R0123,chitosan,INHIBITS,ciliate protozoa,decrease,56%,up to 2 g L-1,in_vitro,['Protozoal suppression'],Direct,14C-labelled bacteria,Medium,CHI also shifted fermentation towards propionate production and lower methane (-23%) and protozoal activity (-56%).,10.1002/jsfa.7481,auto,v2.0-126corpus,0.85,"{""source"": ""chitosan"", ""target"": ""ciliate protozoa"", ""edge_type"": ""INHIBITS"", ""effect_direction"": ""decrease"", ""effect_size"": ""56%"", ""dose"": ""up to 2 g L-1"", ""experimental_system"": ""in_vitro"", ""mechanism_class"": [""Protozoal suppression""], ""direct_or_inferred"": ""Direct"", ""evidence_method"": ""14C-labelled bacteria"", ""evidence_quality"": ""Medium"", ""supporting_quote"": ""CHI also shifted fermentation towards propionate production and lower methane (-23%) and protozoal activity (-56%)."", ""paper_id"": ""10.1002/jsfa.7481"", ""extraction_source"": ""auto"", ""prompt_version"": ""v2.0-126corpus"", ""confidence"": 0.85}"
R0123,ivy fruit extract,INHIBITS,ciliate protozoa,decrease,39%,up to 2 g L-1,in_vitro,['Protozoal suppression'],Direct,14C-labelled bacteria,Medium,"IVY decreased protozoal activity (-39%) and ammonia concentration (-56%), as well as increased feed fermentation (+11% VFA concentration) and shifted from acetate to propionate production.",10.1002/jsfa.7481,auto,v2.0-126corpus,0.85,"{""source"": ""ivy fruit extract"", ""target"": ""ciliate protozoa"", ""edge_type"": ""INHIBITS"", ""effect_direction"": ""decrease"", ""effect_size"": ""39%"", ""dose"": ""up to 2 g L-1"", ""experimental_system"": ""in_vitro"", ""mechanism_class"": [""Protozoal suppression""], ""direct_or_inferred"": ""Direct"", ""evidence_method"": ""14C-labelled bacteria"", ""evidence_quality"": ""Medium"", ""supporting_quote"": ""IVY decreased protozoal activity (-39%) and ammonia concentration (-56%), as well as increased feed fermentation (+11% VFA concentration) and shifted from acetate to propionate production."", ""paper_id"": ""10.1002/jsfa.7481"", ""extraction_source"": ""auto"", ""prompt_version"": ""v2.0-126corpus"", ""confidence"": 0.85}"
R0123,ivy fruit extract,PROMOTES,VFA,increase,11%,up to 2 g L-1,in_vitro,['Fermentation pathway modulation'],Direct,in vitro gas production,Medium,"IVY decreased protozoal activity (-39%) and ammonia concentration (-56%), as well as increased feed fermentation (+11% VFA concentration) and shifted from acetate to propionate production.",10.1002/jsfa.7481,auto,v2.0-126corpus,0.8,"{""source"": ""ivy fruit extract"", ""target"": ""VFA"", ""edge_type"": ""PROMOTES"", ""effect_direction"": ""increase"", ""effect_size"": ""11%"", ""dose"": ""up to 2 g L-1"", ""experimental_system"": ""in_vitro"", ""mechanism_class"": [""Fermentation pathway modulation""], ""direct_or_inferred"": ""Direct"", ""evidence_method"": ""in vitro gas production"", ""evidence_quality"": ""Medium"", ""supporting_quote"": ""IVY decreased protozoal activity (-39%) and ammonia concentration (-56%), as well as increased feed fermentation (+11% VFA concentration) and shifted from acetate to propionate production."", ""paper_id"": ""10.1002/jsfa.7481"", ""extraction_source"": ""auto"", ""prompt_version"": ""v2.0-126corpus"", ""confidence"": 0.8}"
R0124,Palmaria palmata,PROMOTES,methane,increase,0.761 mmol,500 mg DM,in_vitro,['Unknown/unclear mechanism'],Inferred,in vitro gas production,Medium,Palmaria palmata had the highest methane production (0.761 mmol),10.1016/j.anifeedsci.2017.03.012,auto,v2.0-126corpus,0.8,"{""source"": ""Palmaria palmata"", ""target"": ""methane"", ""edge_type"": ""PROMOTES"", ""effect_direction"": ""increase"", ""effect_size"": ""0.761 mmol"", ""dose"": ""500 mg DM"", ""experimental_system"": ""in_vitro"", ""mechanism_class"": [""Unknown/unclear mechanism""], ""direct_or_inferred"": ""Inferred"", ""evidence_method"": ""in vitro gas production"", ""evidence_quality"": ""Medium"", ""supporting_quote"": ""Palmaria palmata had the highest methane production (0.761 mmol)"", ""paper_id"": ""10.1016/j.anifeedsci.2017.03.012"", ""extraction_source"": ""auto"", ""prompt_version"": ""v2.0-126corpus"", ""confidence"": 0.8}"
R0124,Porphyra sp.,PROMOTES,methane,increase,0.491 mmol,500 mg DM,in_vitro,['Unknown/unclear mechanism'],Inferred,in vitro gas production,Medium,Porphyra sp. had the second highest methane production (0.491 mmol),10.1016/j.anifeedsci.2017.03.012,auto,v2.0-126corpus,0.8,"{""source"": ""Porphyra sp."", ""target"": ""methane"", ""edge_type"": ""PROMOTES"", ""effect_direction"": ""increase"", ""effect_size"": ""0.491 mmol"", ""dose"": ""500 mg DM"", ""experimental_system"": ""in_vitro"", ""mechanism_class"": [""Unknown/unclear mechanism""], ""direct_or_inferred"": ""Inferred"", ""evidence_method"": ""in vitro gas production"", ""evidence_quality"": ""Medium"", ""supporting_quote"": ""Porphyra sp. had the second highest methane production (0.491 mmol)"", ""paper_id"": ""10.1016/j.anifeedsci.2017.03.012"", ""extraction_source"": ""auto"", ""prompt_version"": ""v2.0-126corpus"", ""confidence"": 0.8}"
R0124,Mastocarpus stellatus,ASSOCIATED_WITH,methane,no_change,0.361 mmol (averaged),500 mg DM,in_vitro,['Unknown/unclear mechanism'],Inferred,in vitro gas production,Medium,"no differences among other seaweeds in VFA production, methane averaged 0.361 mmol",10.1016/j.anifeedsci.2017.03.012,auto,v2.0-126corpus,0.75,"{""source"": ""Mastocarpus stellatus"", ""target"": ""methane"", ""edge_type"": ""ASSOCIATED_WITH"", ""effect_direction"": ""no_change"", ""effect_size"": ""0.361 mmol (averaged)"", ""dose"": ""500 mg DM"", ""experimental_system"": ""in_vitro"", ""mechanism_class"": [""Unknown/unclear mechanism""], ""direct_or_inferred"": ""Inferred"", ""evidence_method"": ""in vitro gas production"", ""evidence_quality"": ""Medium"", ""supporting_quote"": ""no differences among other seaweeds in VFA production, methane averaged 0.361 mmol"", ""paper_id"": ""10.1016/j.anifeedsci.2017.03.012"", ""extraction_source"": ""auto"", ""prompt_version"": ""v2.0-126corpus"", ""confidence"": 0.75}"
R0124,Alaria esculenta,ASSOCIATED_WITH,methane,no_change,0.361 mmol (averaged),500 mg DM,in_vitro,['Unknown/unclear mechanism'],Inferred,in vitro gas production,Medium,"no differences among other seaweeds in VFA production, methane averaged 0.361 mmol",10.1016/j.anifeedsci.2017.03.012,auto,v2.0-126corpus,0.75,"{""source"": ""Alaria esculenta"", ""target"": ""methane"", ""edge_type"": ""ASSOCIATED_WITH"", ""effect_direction"": ""no_change"", ""effect_size"": ""0.361 mmol (averaged)"", ""dose"": ""500 mg DM"", ""experimental_system"": ""in_vitro"", ""mechanism_class"": [""Unknown/unclear mechanism""], ""direct_or_inferred"": ""Inferred"", ""evidence_method"": ""in vitro gas production"", ""evidence_quality"": ""Medium"", ""supporting_quote"": ""no differences among other seaweeds in VFA production, methane averaged 0.361 mmol"", ""paper_id"": ""10.1016/j.anifeedsci.2017.03.012"", ""extraction_source"": ""auto"", ""prompt_version"": ""v2.0-126corpus"", ""confidence"": 0.75}"
R0124,Laminaria digitata,ASSOCIATED_WITH,methane,no_change,0.361 mmol (averaged),500 mg DM,in_vitro,['Unknown/unclear mechanism'],Inferred,in vitro gas production,Medium,"no differences among other seaweeds in VFA production, methane averaged 0.361 mmol",10.1016/j.anifeedsci.2017.03.012,auto,v2.0-126corpus,0.75,"{""source"": ""Laminaria digitata"", ""target"": ""methane"", ""edge_type"": ""ASSOCIATED_WITH"", ""effect_direction"": ""no_change"", ""effect_size"": ""0.361 mmol (averaged)"", ""dose"": ""500 mg DM"", ""experimental_system"": ""in_vitro"", ""mechanism_class"": [""Unknown/unclear mechanism""], ""direct_or_inferred"": ""Inferred"", ""evidence_method"": ""in vitro gas production"", ""evidence_quality"": ""Medium"", ""supporting_quote"": ""no differences among other seaweeds in VFA production, methane averaged 0.361 mmol"", ""paper_id"": ""10.1016/j.anifeedsci.2017.03.012"", ""extraction_source"": ""auto"", ""prompt_version"": ""v2.0-126corpus"", ""confidence"": 0.75}"
R0124,Pelvetia canaliculata,ASSOCIATED_WITH,methane,no_change,0.361 mmol (averaged),500 mg DM,in_vitro,['Unknown/unclear mechanism'],Inferred,in vitro gas production,Medium,"no differences among other seaweeds in VFA production, methane averaged 0.361 mmol",10.1016/j.anifeedsci.2017.03.012,auto,v2.0-126corpus,0.75,"{""source"": ""Pelvetia canaliculata"", ""target"": ""methane"", ""edge_type"": ""ASSOCIATED_WITH"", ""effect_direction"": ""no_change"", ""effect_size"": ""0.361 mmol (averaged)"", ""dose"": ""500 mg DM"", ""experimental_system"": ""in_vitro"", ""mechanism_class"": [""Unknown/unclear mechanism""], ""direct_or_inferred"": ""Inferred"", ""evidence_method"": ""in vitro gas production"", ""evidence_quality"": ""Medium"", ""supporting_quote"": ""no differences among other seaweeds in VFA production, methane averaged 0.361 mmol"", ""paper_id"": ""10.1016/j.anifeedsci.2017.03.012"", ""extraction_source"": ""auto"", ""prompt_version"": ""v2.0-126corpus"", ""confidence"": 0.75}"
R0124,Acrosiphonia sp.,ASSOCIATED_WITH,methane,no_change,0.361 mmol (averaged),500 mg DM,in_vitro,['Unknown/unclear mechanism'],Inferred,in vitro gas production,Medium,"no differences among other seaweeds in VFA production, methane averaged 0.361 mmol",10.1016/j.anifeedsci.2017.03.012,auto,v2.0-126corpus,0.75,"{""source"": ""Acrosiphonia sp."", ""target"": ""methane"", ""edge_type"": ""ASSOCIATED_WITH"", ""effect_direction"": ""no_change"", ""effect_size"": ""0.361 mmol (averaged)"", ""dose"": ""500 mg DM"", ""experimental_system"": ""in_vitro"", ""mechanism_class"": [""Unknown/unclear mechanism""], ""direct_or_inferred"": ""Inferred"", ""evidence_method"": ""in vitro gas production"", ""evidence_quality"": ""Medium"", ""supporting_quote"": ""no differences among other seaweeds in VFA production, methane averaged 0.361 mmol"", ""paper_id"": ""10.1016/j.anifeedsci.2017.03.012"", ""extraction_source"": ""auto"", ""prompt_version"": ""v2.0-126corpus"", ""confidence"": 0.75}"
R0124,Palmaria palmata,PROMOTES,volatile fatty acids,increase,4.34 mmol,500 mg DM,in_vitro,['Unknown/unclear mechanism'],Inferred,in vitro gas production,Medium,Palmaria palmata had the highest VFA production (4.34 mmol),10.1016/j.anifeedsci.2017.03.012,auto,v2.0-126corpus,0.8,"{""source"": ""Palmaria palmata"", ""target"": ""volatile fatty acids"", ""edge_type"": ""PROMOTES"", ""effect_direction"": ""increase"", ""effect_size"": ""4.34 mmol"", ""dose"": ""500 mg DM"", ""experimental_system"": ""in_vitro"", ""mechanism_class"": [""Unknown/unclear mechanism""], ""direct_or_inferred"": ""Inferred"", ""evidence_method"": ""in vitro gas production"", ""evidence_quality"": ""Medium"", ""supporting_quote"": ""Palmaria palmata had the highest VFA production (4.34 mmol)"", ""paper_id"": ""10.1016/j.anifeedsci.2017.03.012"", ""extraction_source"": ""auto"", ""prompt_version"": ""v2.0-126corpus"", ""confidence"": 0.8}"
R0125,stormtoss shoreweed,INHIBITS,methane,decrease,16%,0.28 g DM day-1,in_vitro,['Unknown/unclear mechanism'],Inferred,in vitro gas production,Medium,Methane emission was reduced on average 12 % with seaweeds and maximally by 16 % with SHW2.,10.1007/s10811-014-0487-z,auto,v2.0-126corpus,0.75,"{""source"": ""stormtoss shoreweed"", ""target"": ""methane"", ""edge_type"": ""INHIBITS"", ""effect_direction"": ""decrease"", ""effect_size"": ""16%"", ""dose"": ""0.28 g DM day-1"", ""experimental_system"": ""in_vitro"", ""mechanism_class"": [""Unknown/unclear mechanism""], ""direct_or_inferred"": ""Inferred"", ""evidence_method"": ""in vitro gas production"", ""evidence_quality"": ""Medium"", ""supporting_quote"": ""Methane emission was reduced on average 12 % with seaweeds and maximally by 16 % with SHW2."", ""paper_id"": ""10.1007/s10811-014-0487-z"", ""extraction_source"": ""auto"", ""prompt_version"": ""v2.0-126corpus"", ""confidence"": 0.75}"
R0126,Gelidium amansii,INHIBITS,methanogenic archaea,decrease,Not stated,"1%, 3%, 5%",in_vitro,['Microbial community restructuring'],Direct,real-time PCR,Medium,methanogenic archaea populations were significantly reduced,10.5713/ajas.17.0619,auto,v2.0-126corpus,0.8,"{""source"": ""Gelidium amansii"", ""target"": ""methanogenic archaea"", ""edge_type"": ""INHIBITS"", ""effect_direction"": ""decrease"", ""effect_size"": ""Not stated"", ""dose"": ""1%, 3%, 5%"", ""experimental_system"": ""in_vitro"", ""mechanism_class"": [""Microbial community restructuring""], ""direct_or_inferred"": ""Direct"", ""evidence_method"": ""real-time PCR"", ""evidence_quality"": ""Medium"", ""supporting_quote"": ""methanogenic archaea populations were significantly reduced"", ""paper_id"": ""10.5713/ajas.17.0619"", ""extraction_source"": ""auto"", ""prompt_version"": ""v2.0-126corpus"", ""confidence"": 0.8}"
R0126,Gelidium amansii,INHIBITS,Fibrobacter succinogenes,decrease,Not stated,"1%, 3%, 5%",in_vitro,['Microbial community restructuring'],Direct,real-time PCR,Medium,Fibrobacter succinogenes populations were significantly reduced,10.5713/ajas.17.0619,auto,v2.0-126corpus,0.8,"{""source"": ""Gelidium amansii"", ""target"": ""Fibrobacter succinogenes"", ""edge_type"": ""INHIBITS"", ""effect_direction"": ""decrease"", ""effect_size"": ""Not stated"", ""dose"": ""1%, 3%, 5%"", ""experimental_system"": ""in_vitro"", ""mechanism_class"": [""Microbial community restructuring""], ""direct_or_inferred"": ""Direct"", ""evidence_method"": ""real-time PCR"", ""evidence_quality"": ""Medium"", ""supporting_quote"": ""Fibrobacter succinogenes populations were significantly reduced"", ""paper_id"": ""10.5713/ajas.17.0619"", ""extraction_source"": ""auto"", ""prompt_version"": ""v2.0-126corpus"", ""confidence"": 0.8}"
R0126,Gelidium amansii,PROMOTES,Ruminococcus flavefaciens,increase,Not stated,"1%, 3%, 5%",in_vitro,['Microbial community restructuring'],Direct,real-time PCR,Medium,Ruminococcus flavefaciens populations were significantly increased,10.5713/ajas.17.0619,auto,v2.0-126corpus,0.8,"{""source"": ""Gelidium amansii"", ""target"": ""Ruminococcus flavefaciens"", ""edge_type"": ""PROMOTES"", ""effect_direction"": ""increase"", ""effect_size"": ""Not stated"", ""dose"": ""1%, 3%, 5%"", ""experimental_system"": ""in_vitro"", ""mechanism_class"": [""Microbial community restructuring""], ""direct_or_inferred"": ""Direct"", ""evidence_method"": ""real-time PCR"", ""evidence_quality"": ""Medium"", ""supporting_quote"": ""Ruminococcus flavefaciens populations were significantly increased"", ""paper_id"": ""10.5713/ajas.17.0619"", ""extraction_source"": ""auto"", ""prompt_version"": ""v2.0-126corpus"", ""confidence"": 0.8}"
R0126,Gelidium amansii,PROMOTES,methane yield,increase,Not stated,"1%, 3%, 5%",in_vitro,['Microbial community restructuring'],Inferred,in vitro gas production,Medium,increased methane production,10.5713/ajas.17.0619,auto,v2.0-126corpus,0.7,"{""source"": ""Gelidium amansii"", ""target"": ""methane yield"", ""edge_type"": ""PROMOTES"", ""effect_direction"": ""increase"", ""effect_size"": ""Not stated"", ""dose"": ""1%, 3%, 5%"", ""experimental_system"": ""in_vitro"", ""mechanism_class"": [""Microbial community restructuring""], ""direct_or_inferred"": ""Inferred"", ""evidence_method"": ""in vitro gas production"", ""evidence_quality"": ""Medium"", ""supporting_quote"": ""increased methane production"", ""paper_id"": ""10.5713/ajas.17.0619"", ""extraction_source"": ""auto"", ""prompt_version"": ""v2.0-126corpus"", ""confidence"": 0.7}"
