record_id,node_id,node_name,node_type,description,node_raw
R0001,Spirogyra maxima,Spirogyra maxima,plant_species,"freshwater alga, predominant in Algal mix 1","{""id"": ""Spirogyra maxima"", ""node_type"": ""plant_species"", ""description"": ""freshwater alga, predominant in Algal mix 1""}"
R0001,Montia australasica,Montia australasica,plant_species,"Australian freshwater plant, contains flavonoids apigenin and kaempferol","{""id"": ""Montia australasica"", ""node_type"": ""plant_species"", ""description"": ""Australian freshwater plant, contains flavonoids apigenin and kaempferol""}"
R0001,methane yield,methane yield,outcome,methane production in in vitro batch assay,"{""id"": ""methane yield"", ""node_type"": ""outcome"", ""description"": ""methane production in in vitro batch assay""}"
R0002,Ascophyllum nodosum,Ascophyllum nodosum,plant_species,"brown seaweed, high phlorotannins","{""id"": ""Ascophyllum nodosum"", ""node_type"": ""plant_species"", ""description"": ""brown seaweed, high phlorotannins""}"
R0002,Laminaria digitata,Laminaria digitata,plant_species,"brown seaweed, low phlorotannins","{""id"": ""Laminaria digitata"", ""node_type"": ""plant_species"", ""description"": ""brown seaweed, low phlorotannins""}"
R0002,methane yield,methane yield,outcome,methane emissions,"{""id"": ""methane yield"", ""node_type"": ""outcome"", ""description"": ""methane emissions""}"
R0002,N degradability,N degradability,outcome,nitrogen degradability,"{""id"": ""N degradability"", ""node_type"": ""outcome"", ""description"": ""nitrogen degradability""}"
R0002,xylan digestibility,xylan digestibility,outcome,xylan digestion,"{""id"": ""xylan digestibility"", ""node_type"": ""outcome"", ""description"": ""xylan digestion""}"
R0002,carboxy-methyl-cellulose digestibility,carboxy-methyl-cellulose digestibility,outcome,carboxy-methyl-cellulose digestion,"{""id"": ""carboxy-methyl-cellulose digestibility"", ""node_type"": ""outcome"", ""description"": ""carboxy-methyl-cellulose digestion""}"
R0002,microbial protein synthesis,microbial protein synthesis,outcome,microbial protein synthesis,"{""id"": ""microbial protein synthesis"", ""node_type"": ""outcome"", ""description"": ""microbial protein synthesis""}"
R0002,non-ammonia N flow,non-ammonia N flow,outcome,non-ammonia nitrogen flow,"{""id"": ""non-ammonia N flow"", ""node_type"": ""outcome"", ""description"": ""non-ammonia nitrogen flow""}"
R0003,seaweed-based feed additive,seaweed-based feed additive,feed_additive,seaweed-based feed additive containing bromoform,"{""id"": ""seaweed-based feed additive"", ""node_type"": ""feed_additive"", ""description"": ""seaweed-based feed additive containing bromoform""}"
R0003,methane yield,methane yield,outcome,enteric methane emissions,"{""id"": ""methane yield"", ""node_type"": ""outcome"", ""description"": ""enteric methane emissions""}"
R0004,Asparagopsis taxiformis,Asparagopsis taxiformis,plant_species,"red macroalga, methane inhibitor","{""id"": ""Asparagopsis taxiformis"", ""node_type"": ""plant_species"", ""description"": ""red macroalga, methane inhibitor""}"
R0004,Palmaria mollis,Palmaria mollis,plant_species,red seaweed,"{""id"": ""Palmaria mollis"", ""node_type"": ""plant_species"", ""description"": ""red seaweed""}"
R0004,Mazzaella japonica,Mazzaella japonica,plant_species,red seaweed,"{""id"": ""Mazzaella japonica"", ""node_type"": ""plant_species"", ""description"": ""red seaweed""}"
R0004,Methanogens,Methanogens,rumen_archaea,methane-producing archaea,"{""id"": ""Methanogens"", ""node_type"": ""rumen_archaea"", ""description"": ""methane-producing archaea""}"
R0004,Fibrobacter,Fibrobacter,rumen_bacteria,fiber-degrading bacteria,"{""id"": ""Fibrobacter"", ""node_type"": ""rumen_bacteria"", ""description"": ""fiber-degrading bacteria""}"
R0004,Ruminococcus,Ruminococcus,rumen_bacteria,fiber-degrading and VFA-producing bacteria,"{""id"": ""Ruminococcus"", ""node_type"": ""rumen_bacteria"", ""description"": ""fiber-degrading and VFA-producing bacteria""}"
R0004,Prevotella,Prevotella,rumen_bacteria,VFA-producing bacteria,"{""id"": ""Prevotella"", ""node_type"": ""rumen_bacteria"", ""description"": ""VFA-producing bacteria""}"
R0004,Bifidobacterium,Bifidobacterium,rumen_bacteria,bacteria increased by A. taxiformis,"{""id"": ""Bifidobacterium"", ""node_type"": ""rumen_bacteria"", ""description"": ""bacteria increased by A. taxiformis""}"
R0004,Succinivibrio,Succinivibrio,rumen_bacteria,bacteria increased by A. taxiformis,"{""id"": ""Succinivibrio"", ""node_type"": ""rumen_bacteria"", ""description"": ""bacteria increased by A. taxiformis""}"
R0004,Ruminobacter,Ruminobacter,rumen_bacteria,bacteria increased by A. taxiformis,"{""id"": ""Ruminobacter"", ""node_type"": ""rumen_bacteria"", ""description"": ""bacteria increased by A. taxiformis""}"
R0004,unclassified Lachnospiraceae,unclassified Lachnospiraceae,rumen_bacteria,bacteria increased by A. taxiformis,"{""id"": ""unclassified Lachnospiraceae"", ""node_type"": ""rumen_bacteria"", ""description"": ""bacteria increased by A. taxiformis""}"
R0005,Asparagopsis taxiformis,Asparagopsis taxiformis,plant_species,"red macroalga, bromoform source","{""id"": ""Asparagopsis taxiformis"", ""node_type"": ""plant_species"", ""description"": ""red macroalga, bromoform source""}"
R0005,bromoform,bromoform,plant_metabolite,"halogenated compound, methane inhibitor","{""id"": ""bromoform"", ""node_type"": ""plant_metabolite"", ""description"": ""halogenated compound, methane inhibitor""}"
R0006,Ecklonia stolonifera,Ecklonia stolonifera,plant_species,brown macroalga,"{""id"": ""Ecklonia stolonifera"", ""node_type"": ""plant_species"", ""description"": ""brown macroalga""}"
R0006,ciliate-associated methanogen,ciliate-associated methanogen,rumen_archaea,methanogens associated with ciliates,"{""id"": ""ciliate-associated methanogen"", ""node_type"": ""rumen_archaea"", ""description"": ""methanogens associated with ciliates""}"
R0006,Fibrobacter succinogenes,Fibrobacter succinogenes,rumen_bacteria,cellulolytic bacterium,"{""id"": ""Fibrobacter succinogenes"", ""node_type"": ""rumen_bacteria"", ""description"": ""cellulolytic bacterium""}"
R0006,Ruminococcus flavefaciens,Ruminococcus flavefaciens,rumen_bacteria,cellulolytic bacterium,"{""id"": ""Ruminococcus flavefaciens"", ""node_type"": ""rumen_bacteria"", ""description"": ""cellulolytic bacterium""}"
R0006,methane yield,methane yield,outcome,methane production,"{""id"": ""methane yield"", ""node_type"": ""outcome"", ""description"": ""methane production""}"
R0006,hydrogen production,hydrogen production,outcome,hydrogen gas production,"{""id"": ""hydrogen production"", ""node_type"": ""outcome"", ""description"": ""hydrogen gas production""}"
R0006,total gas production,total gas production,outcome,total gas produced during fermentation,"{""id"": ""total gas production"", ""node_type"": ""outcome"", ""description"": ""total gas produced during fermentation""}"
R0007,Asparagopsis taxiformis,Asparagopsis taxiformis,plant_species,"red macroalga, bromoform source","{""id"": ""Asparagopsis taxiformis"", ""node_type"": ""plant_species"", ""description"": ""red macroalga, bromoform source""}"
R0007,Asparagopsis armata,Asparagopsis armata,plant_species,"red macroalga, bromoform source","{""id"": ""Asparagopsis armata"", ""node_type"": ""plant_species"", ""description"": ""red macroalga, bromoform source""}"
R0007,enteric methane,enteric methane,outcome,methane emissions from cattle,"{""id"": ""enteric methane"", ""node_type"": ""outcome"", ""description"": ""methane emissions from cattle""}"
R0008,Asparagopsis taxiformis,Asparagopsis taxiformis,plant_species,"red macroalga, bromoform source","{""id"": ""Asparagopsis taxiformis"", ""node_type"": ""plant_species"", ""description"": ""red macroalga, bromoform source""}"
R0008,methane yield,methane yield,outcome,enteric methane yield in g CH4/kg DMI,"{""id"": ""methane yield"", ""node_type"": ""outcome"", ""description"": ""enteric methane yield in g CH4/kg DMI""}"
R0008,hydrogen yield,hydrogen yield,outcome,enteric hydrogen yield,"{""id"": ""hydrogen yield"", ""node_type"": ""outcome"", ""description"": ""enteric hydrogen yield""}"
R0009,Asparagopsis taxiformis,Asparagopsis taxiformis,plant_species,"red macroalga, bromoform source","{""id"": ""Asparagopsis taxiformis"", ""node_type"": ""plant_species"", ""description"": ""red macroalga, bromoform source""}"
R0009,Bonnemaisonia hamifera,Bonnemaisonia hamifera,plant_species,seaweed with low bromoform content,"{""id"": ""Bonnemaisonia hamifera"", ""node_type"": ""plant_species"", ""description"": ""seaweed with low bromoform content""}"
R0009,Dictyota bartayresii,Dictyota bartayresii,plant_species,seaweed with low bromoform content,"{""id"": ""Dictyota bartayresii"", ""node_type"": ""plant_species"", ""description"": ""seaweed with low bromoform content""}"
R0009,Cystoseira trinodis,Cystoseira trinodis,plant_species,seaweed with low bromoform content,"{""id"": ""Cystoseira trinodis"", ""node_type"": ""plant_species"", ""description"": ""seaweed with low bromoform content""}"
R0009,bromoform,bromoform,plant_metabolite,"halogenated methane analogue, anti-methanogenic","{""id"": ""bromoform"", ""node_type"": ""plant_metabolite"", ""description"": ""halogenated methane analogue, anti-methanogenic""}"
R0009,coenzyme M methyltransferase,coenzyme M methyltransferase,metabolic_process,enzyme in methanogenesis pathway,"{""id"": ""coenzyme M methyltransferase"", ""node_type"": ""metabolic_process"", ""description"": ""enzyme in methanogenesis pathway""}"
R0009,methane yield,methane yield,outcome,enteric methane emissions,"{""id"": ""methane yield"", ""node_type"": ""outcome"", ""description"": ""enteric methane emissions""}"
R0010,Ascophyllum nodosum,Ascophyllum nodosum,plant_species,whole seaweed,"{""id"": ""Ascophyllum nodosum"", ""node_type"": ""plant_species"", ""description"": ""whole seaweed""}"
R0010,Himanthalia elongata,Himanthalia elongata,plant_species,seaweed extract,"{""id"": ""Himanthalia elongata"", ""node_type"": ""plant_species"", ""description"": ""seaweed extract""}"
R0010,methane yield,methane yield,outcome,CH4 yield (g/kg DM intake),"{""id"": ""methane yield"", ""node_type"": ""outcome"", ""description"": ""CH4 yield (g/kg DM intake)""}"
R0011,Laminaria japonica Aresch,Laminaria japonica Aresch,plant_species,cultivated brown seaweed,"{""id"": ""Laminaria japonica Aresch"", ""node_type"": ""plant_species"", ""description"": ""cultivated brown seaweed""}"
R0011,Porphyra tenera,Porphyra tenera,plant_species,cultivated red seaweed,"{""id"": ""Porphyra tenera"", ""node_type"": ""plant_species"", ""description"": ""cultivated red seaweed""}"
R0011,Laminaria japonica enzymatic hydrolysates,Laminaria japonica enzymatic hydrolysates,feed_additive,enzymatic hydrolysates derived from L. japonica,"{""id"": ""Laminaria japonica enzymatic hydrolysates"", ""node_type"": ""feed_additive"", ""description"": ""enzymatic hydrolysates derived from L. japonica""}"
R0011,methane yield,methane yield,outcome,methane production in rumen,"{""id"": ""methane yield"", ""node_type"": ""outcome"", ""description"": ""methane production in rumen""}"
R0011,prokaryotic community structure,prokaryotic community structure,metabolic_process,rumen prokaryotic community composition,"{""id"": ""prokaryotic community structure"", ""node_type"": ""metabolic_process"", ""description"": ""rumen prokaryotic community composition""}"
R0011,propionate/butyrate-producing bacteria,propionate/butyrate-producing bacteria,rumen_bacteria,bacteria producing propionate and butyrate,"{""id"": ""propionate/butyrate-producing bacteria"", ""node_type"": ""rumen_bacteria"", ""description"": ""bacteria producing propionate and butyrate""}"
R0011,narB gene,narB gene,metabolic_process,gene involved in nitrate reduction,"{""id"": ""narB gene"", ""node_type"": ""metabolic_process"", ""description"": ""gene involved in nitrate reduction""}"
R0012,Amphiroa anceps,Amphiroa anceps,plant_species,red seaweed,"{""id"": ""Amphiroa anceps"", ""node_type"": ""plant_species"", ""description"": ""red seaweed""}"
R0012,Asparagopsis taxiformis,Asparagopsis taxiformis,plant_species,"red seaweed, highest CH4 reduction","{""id"": ""Asparagopsis taxiformis"", ""node_type"": ""plant_species"", ""description"": ""red seaweed, highest CH4 reduction""}"
R0012,Chondracanthus tenellus,Chondracanthus tenellus,plant_species,red seaweed,"{""id"": ""Chondracanthus tenellus"", ""node_type"": ""plant_species"", ""description"": ""red seaweed""}"
R0012,Grateloupia elliptica,Grateloupia elliptica,plant_species,red seaweed,"{""id"": ""Grateloupia elliptica"", ""node_type"": ""plant_species"", ""description"": ""red seaweed""}"
R0012,Gracilaria parvispora,Gracilaria parvispora,plant_species,red seaweed,"{""id"": ""Gracilaria parvispora"", ""node_type"": ""plant_species"", ""description"": ""red seaweed""}"
R0012,Methanobrevibacter,Methanobrevibacter,rumen_archaea,methanogen genus reduced by seaweed extracts,"{""id"": ""Methanobrevibacter"", ""node_type"": ""rumen_archaea"", ""description"": ""methanogen genus reduced by seaweed extracts""}"
R0012,total methanogens,total methanogens,rumen_archaea,reduced by seaweed extracts,"{""id"": ""total methanogens"", ""node_type"": ""rumen_archaea"", ""description"": ""reduced by seaweed extracts""}"
R0012,Succinivibrionaceae,Succinivibrionaceae,rumen_bacteria,"increased, associated with propionate production","{""id"": ""Succinivibrionaceae"", ""node_type"": ""rumen_bacteria"", ""description"": ""increased, associated with propionate production""}"
R0012,Anaeroplasma,Anaeroplasma,rumen_bacteria,increased,"{""id"": ""Anaeroplasma"", ""node_type"": ""rumen_bacteria"", ""description"": ""increased""}"
R0012,Ruminococcaceae,Ruminococcaceae,rumen_bacteria,"increased, associated with starch degradation","{""id"": ""Ruminococcaceae"", ""node_type"": ""rumen_bacteria"", ""description"": ""increased, associated with starch degradation""}"
R0012,methane yield,methane yield,outcome,CH4 reduction,"{""id"": ""methane yield"", ""node_type"": ""outcome"", ""description"": ""CH4 reduction""}"
R0012,propionate production,propionate production,metabolic_process,increased molar proportion,"{""id"": ""propionate production"", ""node_type"": ""metabolic_process"", ""description"": ""increased molar proportion""}"
R0012,red seaweed extracts,red seaweed extracts,outcome,auto-added from edge,"{""id"": ""red seaweed extracts"", ""node_type"": ""outcome"", ""description"": ""auto-added from edge""}"
R0013,Asparagopsis,Asparagopsis,plant_species,red macroalga used as feed additive for methane mitigation,"{""id"": ""Asparagopsis"", ""node_type"": ""plant_species"", ""description"": ""red macroalga used as feed additive for methane mitigation""}"
R0013,enteric methane,enteric methane,outcome,auto-added from edge,"{""id"": ""enteric methane"", ""node_type"": ""outcome"", ""description"": ""auto-added from edge""}"
R0014,Asparagopsis taxiformis,Asparagopsis taxiformis,plant_species,"red macroalga, bromoform source","{""id"": ""Asparagopsis taxiformis"", ""node_type"": ""plant_species"", ""description"": ""red macroalga, bromoform source""}"
R0014,bromoform,bromoform,plant_metabolite,"halogenated compound, methane inhibitor","{""id"": ""bromoform"", ""node_type"": ""plant_metabolite"", ""description"": ""halogenated compound, methane inhibitor""}"
R0014,Brominata,Brominata,feed_additive,pelleted bromoform-containing seaweed product,"{""id"": ""Brominata"", ""node_type"": ""feed_additive"", ""description"": ""pelleted bromoform-containing seaweed product""}"
R0014,methane yield,methane yield,outcome,enteric methane emissions,"{""id"": ""methane yield"", ""node_type"": ""outcome"", ""description"": ""enteric methane emissions""}"
R0014,hydrogen emissions,hydrogen emissions,outcome,H2 emissions measured by GreenFeed,"{""id"": ""hydrogen emissions"", ""node_type"": ""outcome"", ""description"": ""H2 emissions measured by GreenFeed""}"
R0015,Ulva sp.,Ulva sp.,plant_species,green macroalga,"{""id"": ""Ulva sp."", ""node_type"": ""plant_species"", ""description"": ""green macroalga""}"
R0015,Sargassum horneri,Sargassum horneri,plant_species,brown macroalga,"{""id"": ""Sargassum horneri"", ""node_type"": ""plant_species"", ""description"": ""brown macroalga""}"
R0015,methane,methane,outcome,rumen methane production,"{""id"": ""methane"", ""node_type"": ""outcome"", ""description"": ""rumen methane production""}"
R0016,Asparagopsis taxiformis,Asparagopsis taxiformis,plant_species,"red macroalga, bromoform source","{""id"": ""Asparagopsis taxiformis"", ""node_type"": ""plant_species"", ""description"": ""red macroalga, bromoform source""}"
R0016,methane yield,methane yield,outcome,auto-added from edge,"{""id"": ""methane yield"", ""node_type"": ""outcome"", ""description"": ""auto-added from edge""}"
R0017,Asparagopsis armata,Asparagopsis armata,plant_species,red macroalga,"{""id"": ""Asparagopsis armata"", ""node_type"": ""plant_species"", ""description"": ""red macroalga""}"
R0017,methane,methane,outcome,enteric methane,"{""id"": ""methane"", ""node_type"": ""outcome"", ""description"": ""enteric methane""}"
R0017,Duodenibacillus sp.,Duodenibacillus sp.,rumen_bacteria,hydrogenotrophic bacterium,"{""id"": ""Duodenibacillus sp."", ""node_type"": ""rumen_bacteria"", ""description"": ""hydrogenotrophic bacterium""}"
R0017,methanogenesis pathways,methanogenesis pathways,metabolic_process,methanogenesis transcription,"{""id"": ""methanogenesis pathways"", ""node_type"": ""metabolic_process"", ""description"": ""methanogenesis transcription""}"
R0018,Himanthalia elongata,Himanthalia elongata,plant_species,"temperate seaweed, high phlorotannin content","{""id"": ""Himanthalia elongata"", ""node_type"": ""plant_species"", ""description"": ""temperate seaweed, high phlorotannin content""}"
R0018,Fucus vesiculosus,Fucus vesiculosus,plant_species,"temperate seaweed, high phlorotannin content","{""id"": ""Fucus vesiculosus"", ""node_type"": ""plant_species"", ""description"": ""temperate seaweed, high phlorotannin content""}"
R0018,Asparagopsis taxiformis,Asparagopsis taxiformis,plant_species,"red macroalga, positive control","{""id"": ""Asparagopsis taxiformis"", ""node_type"": ""plant_species"", ""description"": ""red macroalga, positive control""}"
R0018,Alaria esculenta,Alaria esculenta,plant_species,temperate seaweed,"{""id"": ""Alaria esculenta"", ""node_type"": ""plant_species"", ""description"": ""temperate seaweed""}"
R0018,Ascophyllum nodosum,Ascophyllum nodosum,plant_species,temperate seaweed,"{""id"": ""Ascophyllum nodosum"", ""node_type"": ""plant_species"", ""description"": ""temperate seaweed""}"
R0018,Chondrus crispus,Chondrus crispus,plant_species,temperate seaweed,"{""id"": ""Chondrus crispus"", ""node_type"": ""plant_species"", ""description"": ""temperate seaweed""}"
R0018,phlorotannins,phlorotannins,plant_metabolite,bioactive compound in seaweeds,"{""id"": ""phlorotannins"", ""node_type"": ""plant_metabolite"", ""description"": ""bioactive compound in seaweeds""}"
R0018,methane,methane,outcome,enteric methane production,"{""id"": ""methane"", ""node_type"": ""outcome"", ""description"": ""enteric methane production""}"
R0019,Asparagopsis taxiformis,Asparagopsis taxiformis,plant_species,red macroalga,"{""id"": ""Asparagopsis taxiformis"", ""node_type"": ""plant_species"", ""description"": ""red macroalga""}"
R0019,Ascophyllum nodosum,Ascophyllum nodosum,plant_species,brown macroalga,"{""id"": ""Ascophyllum nodosum"", ""node_type"": ""plant_species"", ""description"": ""brown macroalga""}"
R0019,methane yield,methane yield,outcome,methane production per unit DMI,"{""id"": ""methane yield"", ""node_type"": ""outcome"", ""description"": ""methane production per unit DMI""}"
R0020,Sargassum fusiforme,Sargassum fusiforme,plant_species,brown seaweed SFUS,"{""id"": ""Sargassum fusiforme"", ""node_type"": ""plant_species"", ""description"": ""brown seaweed SFUS""}"
R0020,Sargassum fulvellum,Sargassum fulvellum,plant_species,brown seaweed SFUL,"{""id"": ""Sargassum fulvellum"", ""node_type"": ""plant_species"", ""description"": ""brown seaweed SFUL""}"
R0020,Undaria pinnatifida,Undaria pinnatifida,plant_species,brown seaweed UPIN,"{""id"": ""Undaria pinnatifida"", ""node_type"": ""plant_species"", ""description"": ""brown seaweed UPIN""}"
R0020,phlorotannins,phlorotannins,plant_metabolite,total flavonoid and polyphenol,"{""id"": ""phlorotannins"", ""node_type"": ""plant_metabolite"", ""description"": ""total flavonoid and polyphenol""}"
R0020,methane yield,methane yield,outcome,CH4 yield and proportion to total gas,"{""id"": ""methane yield"", ""node_type"": ""outcome"", ""description"": ""CH4 yield and proportion to total gas""}"
R0020,propionate production,propionate production,metabolic_process,molar proportion of propionate,"{""id"": ""propionate production"", ""node_type"": ""metabolic_process"", ""description"": ""molar proportion of propionate""}"
R0020,Fibrobacter succinogenes,Fibrobacter succinogenes,rumen_bacteria,"fibrolytic bacterium, increased","{""id"": ""Fibrobacter succinogenes"", ""node_type"": ""rumen_bacteria"", ""description"": ""fibrolytic bacterium, increased""}"
R0020,Butyrivibrio fibrisolvens,Butyrivibrio fibrisolvens,rumen_bacteria,decreased with supplementation,"{""id"": ""Butyrivibrio fibrisolvens"", ""node_type"": ""rumen_bacteria"", ""description"": ""decreased with supplementation""}"
R0020,Prevotella ruminicola,Prevotella ruminicola,rumen_bacteria,decreased with supplementation,"{""id"": ""Prevotella ruminicola"", ""node_type"": ""rumen_bacteria"", ""description"": ""decreased with supplementation""}"
R0020,methanogenic archaea,methanogenic archaea,rumen_archaea,abundance measured,"{""id"": ""methanogenic archaea"", ""node_type"": ""rumen_archaea"", ""description"": ""abundance measured""}"
R0020,ciliate protozoa,ciliate protozoa,rumen_protozoa,abundance measured,"{""id"": ""ciliate protozoa"", ""node_type"": ""rumen_protozoa"", ""description"": ""abundance measured""}"
R0021,Ascophyllum nodosum,Ascophyllum nodosum,plant_species,"brown seaweed, rich in polyphenols/phlorotannins","{""id"": ""Ascophyllum nodosum"", ""node_type"": ""plant_species"", ""description"": ""brown seaweed, rich in polyphenols/phlorotannins""}"
R0021,Himanthalia elongata,Himanthalia elongata,plant_species,"brown seaweed, rich in polyphenols/phlorotannins","{""id"": ""Himanthalia elongata"", ""node_type"": ""plant_species"", ""description"": ""brown seaweed, rich in polyphenols/phlorotannins""}"
R0021,Methanococcus maripaludis,Methanococcus maripaludis,rumen_archaea,methanogen,"{""id"": ""Methanococcus maripaludis"", ""node_type"": ""rumen_archaea"", ""description"": ""methanogen""}"
R0021,Methanobrevibacter ruminantium,Methanobrevibacter ruminantium,rumen_archaea,methanogen,"{""id"": ""Methanobrevibacter ruminantium"", ""node_type"": ""rumen_archaea"", ""description"": ""methanogen""}"
R0021,phlorotannins,phlorotannins,plant_metabolite,polyphenolic compound with antimicrobial activity,"{""id"": ""phlorotannins"", ""node_type"": ""plant_metabolite"", ""description"": ""polyphenolic compound with antimicrobial activity""}"
R0021,peptide,peptide,plant_metabolite,bioactive peptides from seaweed hydrolysates,"{""id"": ""peptide"", ""node_type"": ""plant_metabolite"", ""description"": ""bioactive peptides from seaweed hydrolysates""}"
R0022,Ascophyllum nodosum,Ascophyllum nodosum,plant_species,brown seaweed,"{""id"": ""Ascophyllum nodosum"", ""node_type"": ""plant_species"", ""description"": ""brown seaweed""}"
R0022,Fucus vesiculosus,Fucus vesiculosus,plant_species,brown seaweed,"{""id"": ""Fucus vesiculosus"", ""node_type"": ""plant_species"", ""description"": ""brown seaweed""}"
R0022,methane concentration,methane concentration,outcome,methane concentration in total gas,"{""id"": ""methane concentration"", ""node_type"": ""outcome"", ""description"": ""methane concentration in total gas""}"
R0022,total gas production,total gas production,outcome,total gas production,"{""id"": ""total gas production"", ""node_type"": ""outcome"", ""description"": ""total gas production""}"
R0022,VFA production,VFA production,metabolic_process,volatile fatty acid production,"{""id"": ""VFA production"", ""node_type"": ""metabolic_process"", ""description"": ""volatile fatty acid production""}"
R0022,ammonia production,ammonia production,outcome,ammonia production,"{""id"": ""ammonia production"", ""node_type"": ""outcome"", ""description"": ""ammonia production""}"
R0022,microbiota composition,microbiota composition,outcome,microbiota composition,"{""id"": ""microbiota composition"", ""node_type"": ""outcome"", ""description"": ""microbiota composition""}"
R0023,Pelvetia canaliculata,Pelvetia canaliculata,plant_species,brown seaweed,"{""id"": ""Pelvetia canaliculata"", ""node_type"": ""plant_species"", ""description"": ""brown seaweed""}"
R0023,Cystoseira tamariscifolia,Cystoseira tamariscifolia,plant_species,brown seaweed,"{""id"": ""Cystoseira tamariscifolia"", ""node_type"": ""plant_species"", ""description"": ""brown seaweed""}"
R0023,Bifurcaria bifurcata,Bifurcaria bifurcata,plant_species,brown seaweed,"{""id"": ""Bifurcaria bifurcata"", ""node_type"": ""plant_species"", ""description"": ""brown seaweed""}"
R0023,Fucus vesiculosus,Fucus vesiculosus,plant_species,brown seaweed,"{""id"": ""Fucus vesiculosus"", ""node_type"": ""plant_species"", ""description"": ""brown seaweed""}"
R0023,Himanthalia elongata,Himanthalia elongata,plant_species,brown seaweed,"{""id"": ""Himanthalia elongata"", ""node_type"": ""plant_species"", ""description"": ""brown seaweed""}"
R0023,Ulva intestinalis,Ulva intestinalis,plant_species,green seaweed,"{""id"": ""Ulva intestinalis"", ""node_type"": ""plant_species"", ""description"": ""green seaweed""}"
R0023,Ascophyllum nodosum,Ascophyllum nodosum,plant_species,brown seaweed,"{""id"": ""Ascophyllum nodosum"", ""node_type"": ""plant_species"", ""description"": ""brown seaweed""}"
R0023,methane yield,methane yield,outcome,enteric methane production,"{""id"": ""methane yield"", ""node_type"": ""outcome"", ""description"": ""enteric methane production""}"
R0023,total VFA,total VFA,outcome,total volatile fatty acids,"{""id"": ""total VFA"", ""node_type"": ""outcome"", ""description"": ""total volatile fatty acids""}"
R0023,acetate,acetate,metabolic_process,acetate production,"{""id"": ""acetate"", ""node_type"": ""metabolic_process"", ""description"": ""acetate production""}"
R0023,propionate production,propionate production,metabolic_process,propionate production,"{""id"": ""propionate production"", ""node_type"": ""metabolic_process"", ""description"": ""propionate production""}"
R0023,acetate:propionate ratio,acetate:propionate ratio,outcome,ratio of acetate to propionate,"{""id"": ""acetate:propionate ratio"", ""node_type"": ""outcome"", ""description"": ""ratio of acetate to propionate""}"
R0023,NH3-N,NH3-N,outcome,ammonia nitrogen,"{""id"": ""NH3-N"", ""node_type"": ""outcome"", ""description"": ""ammonia nitrogen""}"
R0024,Asparagopsis taxiformis,Asparagopsis taxiformis,plant_species,"red macroalga, native to Azorean Sea","{""id"": ""Asparagopsis taxiformis"", ""node_type"": ""plant_species"", ""description"": ""red macroalga, native to Azorean Sea""}"
R0024,Asparagopsis armata,Asparagopsis armata,plant_species,"red macroalga, invasive in Azorean Sea","{""id"": ""Asparagopsis armata"", ""node_type"": ""plant_species"", ""description"": ""red macroalga, invasive in Azorean Sea""}"
R0024,methane yield,methane yield,outcome,enteric methane production in vitro,"{""id"": ""methane yield"", ""node_type"": ""outcome"", ""description"": ""enteric methane production in vitro""}"
R0025,Enteromorpha prolifera,Enteromorpha prolifera,plant_species,green macroalga,"{""id"": ""Enteromorpha prolifera"", ""node_type"": ""plant_species"", ""description"": ""green macroalga""}"
R0025,Sargassum horneri,Sargassum horneri,plant_species,brown macroalga,"{""id"": ""Sargassum horneri"", ""node_type"": ""plant_species"", ""description"": ""brown macroalga""}"
R0025,Sargassum serratum,Sargassum serratum,plant_species,brown macroalga,"{""id"": ""Sargassum serratum"", ""node_type"": ""plant_species"", ""description"": ""brown macroalga""}"
R0025,Laurencia tristicha,Laurencia tristicha,plant_species,red macroalga,"{""id"": ""Laurencia tristicha"", ""node_type"": ""plant_species"", ""description"": ""red macroalga""}"
R0025,Asparagopsis taxiformis,Asparagopsis taxiformis,plant_species,red macroalga,"{""id"": ""Asparagopsis taxiformis"", ""node_type"": ""plant_species"", ""description"": ""red macroalga""}"
R0025,methane yield,methane yield,outcome,CH4 production in rumen fermentation,"{""id"": ""methane yield"", ""node_type"": ""outcome"", ""description"": ""CH4 production in rumen fermentation""}"
R0025,Succinivibrio,Succinivibrio,rumen_bacteria,module hub regulating VFA production,"{""id"": ""Succinivibrio"", ""node_type"": ""rumen_bacteria"", ""description"": ""module hub regulating VFA production""}"
R0025,Lachnospiraceae_UCG-008,Lachnospiraceae_UCG-008,rumen_bacteria,module hub regulating VFA production,"{""id"": ""Lachnospiraceae_UCG-008"", ""node_type"": ""rumen_bacteria"", ""description"": ""module hub regulating VFA production""}"
R0025,Papillibacter,Papillibacter,rumen_bacteria,connector stabilizing interactions,"{""id"": ""Papillibacter"", ""node_type"": ""rumen_bacteria"", ""description"": ""connector stabilizing interactions""}"
R0025,UCG_004,UCG_004,rumen_bacteria,biomarker for seaweed supplementation,"{""id"": ""UCG_004"", ""node_type"": ""rumen_bacteria"", ""description"": ""biomarker for seaweed supplementation""}"
R0025,Butyrivibrio,Butyrivibrio,rumen_bacteria,biomarker for seaweed supplementation,"{""id"": ""Butyrivibrio"", ""node_type"": ""rumen_bacteria"", ""description"": ""biomarker for seaweed supplementation""}"
R0025,UCG_002,UCG_002,rumen_bacteria,biomarker for seaweed supplementation,"{""id"": ""UCG_002"", ""node_type"": ""rumen_bacteria"", ""description"": ""biomarker for seaweed supplementation""}"
R0025,Ruminobacter,Ruminobacter,rumen_bacteria,biomarker for seaweed supplementation,"{""id"": ""Ruminobacter"", ""node_type"": ""rumen_bacteria"", ""description"": ""biomarker for seaweed supplementation""}"
R0025,Anaerovibrio,Anaerovibrio,rumen_bacteria,positively correlated with CH4 production,"{""id"": ""Anaerovibrio"", ""node_type"": ""rumen_bacteria"", ""description"": ""positively correlated with CH4 production""}"
R0025,Family_XIII_AD3011,Family_XIII_AD3011,rumen_bacteria,biomarker for seaweed supplementation,"{""id"": ""Family_XIII_AD3011"", ""node_type"": ""rumen_bacteria"", ""description"": ""biomarker for seaweed supplementation""}"
R0025,Mogibacterium,Mogibacterium,rumen_bacteria,negatively correlated with CH4 production,"{""id"": ""Mogibacterium"", ""node_type"": ""rumen_bacteria"", ""description"": ""negatively correlated with CH4 production""}"
R0026,Ascophyllum nodosum,Ascophyllum nodosum,plant_species,brown macroalga,"{""id"": ""Ascophyllum nodosum"", ""node_type"": ""plant_species"", ""description"": ""brown macroalga""}"
R0026,methane yield,methane yield,outcome,g/kg DMI,"{""id"": ""methane yield"", ""node_type"": ""outcome"", ""description"": ""g/kg DMI""}"
R0026,methane intensity,methane intensity,outcome,g/kg ADG,"{""id"": ""methane intensity"", ""node_type"": ""outcome"", ""description"": ""g/kg ADG""}"
R0026,butyrate production,butyrate production,metabolic_process,volatile fatty acid,"{""id"": ""butyrate production"", ""node_type"": ""metabolic_process"", ""description"": ""volatile fatty acid""}"
R0026,ammonia-nitrogen,ammonia-nitrogen,plant_metabolite,NH3-N,"{""id"": ""ammonia-nitrogen"", ""node_type"": ""plant_metabolite"", ""description"": ""NH3-N""}"
R0027,Kappaphycus alvarezii,Kappaphycus alvarezii,plant_species,"red seaweed, contains tannins and saponins","{""id"": ""Kappaphycus alvarezii"", ""node_type"": ""plant_species"", ""description"": ""red seaweed, contains tannins and saponins""}"
R0027,Sargassum wightii,Sargassum wightii,plant_species,"brown seaweed, contains tannins and saponins","{""id"": ""Sargassum wightii"", ""node_type"": ""plant_species"", ""description"": ""brown seaweed, contains tannins and saponins""}"
R0027,Acanthophora specifera,Acanthophora specifera,plant_species,red seaweed,"{""id"": ""Acanthophora specifera"", ""node_type"": ""plant_species"", ""description"": ""red seaweed""}"
R0027,Padina gymnospora,Padina gymnospora,plant_species,brown seaweed,"{""id"": ""Padina gymnospora"", ""node_type"": ""plant_species"", ""description"": ""brown seaweed""}"
R0027,Spyridia filamentosa,Spyridia filamentosa,plant_species,red seaweed,"{""id"": ""Spyridia filamentosa"", ""node_type"": ""plant_species"", ""description"": ""red seaweed""}"
R0027,condensed tannins,condensed tannins,plant_metabolite,"secondary metabolite, anti-methanogenic potential","{""id"": ""condensed tannins"", ""node_type"": ""plant_metabolite"", ""description"": ""secondary metabolite, anti-methanogenic potential""}"
R0027,saponins,saponins,plant_metabolite,"secondary metabolite, anti-methanogenic potential","{""id"": ""saponins"", ""node_type"": ""plant_metabolite"", ""description"": ""secondary metabolite, anti-methanogenic potential""}"
R0027,methane yield,methane yield,outcome,CH4 production in mL/g OM,"{""id"": ""methane yield"", ""node_type"": ""outcome"", ""description"": ""CH4 production in mL/g OM""}"
R0027,ciliate protozoa,ciliate protozoa,rumen_protozoa,ciliate protozoa in rumen,"{""id"": ""ciliate protozoa"", ""node_type"": ""rumen_protozoa"", ""description"": ""ciliate protozoa in rumen""}"
R0027,Entodinomorphs,Entodinomorphs,rumen_protozoa,subgroup of ciliate protozoa,"{""id"": ""Entodinomorphs"", ""node_type"": ""rumen_protozoa"", ""description"": ""subgroup of ciliate protozoa""}"
R0027,sulfate-reducing microbes,sulfate-reducing microbes,rumen_bacteria,bacteria that reduce sulfate,"{""id"": ""sulfate-reducing microbes"", ""node_type"": ""rumen_bacteria"", ""description"": ""bacteria that reduce sulfate""}"
R0027,Methanobrevibacter,Methanobrevibacter,rumen_archaea,dominant archaeal genus,"{""id"": ""Methanobrevibacter"", ""node_type"": ""rumen_archaea"", ""description"": ""dominant archaeal genus""}"
R0027,feed fermentation pattern,feed fermentation pattern,metabolic_process,VFA/NH3/H2 production,"{""id"": ""feed fermentation pattern"", ""node_type"": ""metabolic_process"", ""description"": ""VFA/NH3/H2 production""}"
R0028,Laurencia snackeyi,Laurencia snackeyi,plant_species,red macroalga,"{""id"": ""Laurencia snackeyi"", ""node_type"": ""plant_species"", ""description"": ""red macroalga""}"
R0028,methane yield,methane yield,outcome,CH4 g/kg DMI,"{""id"": ""methane yield"", ""node_type"": ""outcome"", ""description"": ""CH4 g/kg DMI""}"
R0028,methane intensity,methane intensity,outcome,CH4 g/kg ECM,"{""id"": ""methane intensity"", ""node_type"": ""outcome"", ""description"": ""CH4 g/kg ECM""}"
R0028,hydrogen emission,hydrogen emission,outcome,daily H2 emission,"{""id"": ""hydrogen emission"", ""node_type"": ""outcome"", ""description"": ""daily H2 emission""}"
R0029,Ecklonia cava,Ecklonia cava,plant_species,brown macroalga,"{""id"": ""Ecklonia cava"", ""node_type"": ""plant_species"", ""description"": ""brown macroalga""}"
R0029,Ecklonia stolonifera,Ecklonia stolonifera,plant_species,brown macroalga,"{""id"": ""Ecklonia stolonifera"", ""node_type"": ""plant_species"", ""description"": ""brown macroalga""}"
R0029,Ulva pertusa,Ulva pertusa,plant_species,green macroalga,"{""id"": ""Ulva pertusa"", ""node_type"": ""plant_species"", ""description"": ""green macroalga""}"
R0029,polyphenol,polyphenol,plant_metabolite,bioactive compound in macroalgae,"{""id"": ""polyphenol"", ""node_type"": ""plant_metabolite"", ""description"": ""bioactive compound in macroalgae""}"
R0029,phloroglucinol,phloroglucinol,plant_metabolite,bioactive compound in macroalgae,"{""id"": ""phloroglucinol"", ""node_type"": ""plant_metabolite"", ""description"": ""bioactive compound in macroalgae""}"
R0029,methane yield,methane yield,outcome,enteric methane production,"{""id"": ""methane yield"", ""node_type"": ""outcome"", ""description"": ""enteric methane production""}"
R0030,Asparagopsis taxiformis,Asparagopsis taxiformis,plant_species,red macroalga,"{""id"": ""Asparagopsis taxiformis"", ""node_type"": ""plant_species"", ""description"": ""red macroalga""}"
R0030,Methanobrevibacter,Methanobrevibacter,rumen_archaea,methanogen,"{""id"": ""Methanobrevibacter"", ""node_type"": ""rumen_archaea"", ""description"": ""methanogen""}"
R0030,Prevotella,Prevotella,rumen_bacteria,propionate-producing bacterium,"{""id"": ""Prevotella"", ""node_type"": ""rumen_bacteria"", ""description"": ""propionate-producing bacterium""}"
R0030,Ruminobacter,Ruminobacter,rumen_bacteria,propionate-producing bacterium,"{""id"": ""Ruminobacter"", ""node_type"": ""rumen_bacteria"", ""description"": ""propionate-producing bacterium""}"
R0030,Succinivibrio,Succinivibrio,rumen_bacteria,propionate-producing bacterium,"{""id"": ""Succinivibrio"", ""node_type"": ""rumen_bacteria"", ""description"": ""propionate-producing bacterium""}"
R0030,Ruminococcus,Ruminococcus,rumen_bacteria,acetate-producing bacterium,"{""id"": ""Ruminococcus"", ""node_type"": ""rumen_bacteria"", ""description"": ""acetate-producing bacterium""}"
R0030,K00399,K00399,metabolic_process,methyl-coenzyme M reductase alpha subunit,"{""id"": ""K00399"", ""node_type"": ""metabolic_process"", ""description"": ""methyl-coenzyme M reductase alpha subunit""}"
R0030,methane yield,methane yield,outcome,methane production,"{""id"": ""methane yield"", ""node_type"": ""outcome"", ""description"": ""methane production""}"
R0030,propionate production,propionate production,metabolic_process,volatile fatty acid,"{""id"": ""propionate production"", ""node_type"": ""metabolic_process"", ""description"": ""volatile fatty acid""}"
R0030,H2,H2,plant_metabolite,hydrogen,"{""id"": ""H2"", ""node_type"": ""plant_metabolite"", ""description"": ""hydrogen""}"
R0030,acetate,acetate,metabolic_process,volatile fatty acid,"{""id"": ""acetate"", ""node_type"": ""metabolic_process"", ""description"": ""volatile fatty acid""}"
R0031,Gracilaria lemaneiformis,Gracilaria lemaneiformis,plant_species,"red seaweed, potential anti-methanogenic feed additive","{""id"": ""Gracilaria lemaneiformis"", ""node_type"": ""plant_species"", ""description"": ""red seaweed, potential anti-methanogenic feed additive""}"
R0031,g_norank_f_Methanomethylophilaceae,g_norank_f_Methanomethylophilaceae,rumen_archaea,methanogen responsible for CH4 generation,"{""id"": ""g_norank_f_Methanomethylophilaceae"", ""node_type"": ""rumen_archaea"", ""description"": ""methanogen responsible for CH4 generation""}"
R0031,Kandleria,Kandleria,rumen_bacteria,bacteria that competes with methanogens for substrates,"{""id"": ""Kandleria"", ""node_type"": ""rumen_bacteria"", ""description"": ""bacteria that competes with methanogens for substrates""}"
R0031,Succinivibrio,Succinivibrio,rumen_bacteria,bacteria that competes with methanogens for substrates,"{""id"": ""Succinivibrio"", ""node_type"": ""rumen_bacteria"", ""description"": ""bacteria that competes with methanogens for substrates""}"
R0031,13(S)-HOTrE,13(S)-HOTrE,plant_metabolite,polyunsaturated fatty acid that inhibits methanogenic activity,"{""id"": ""13(S)-HOTrE"", ""node_type"": ""plant_metabolite"", ""description"": ""polyunsaturated fatty acid that inhibits methanogenic activity""}"
R0031,9(S)-HOTrE,9(S)-HOTrE,plant_metabolite,polyunsaturated fatty acid that inhibits methanogenic activity,"{""id"": ""9(S)-HOTrE"", ""node_type"": ""plant_metabolite"", ""description"": ""polyunsaturated fatty acid that inhibits methanogenic activity""}"
R0031,methane yield,methane yield,outcome,CH4 production,"{""id"": ""methane yield"", ""node_type"": ""outcome"", ""description"": ""CH4 production""}"
R0031,VFA concentration,VFA concentration,outcome,volatile fatty acid concentration,"{""id"": ""VFA concentration"", ""node_type"": ""outcome"", ""description"": ""volatile fatty acid concentration""}"
R0031,NH3-N,NH3-N,outcome,ammonia nitrogen concentration,"{""id"": ""NH3-N"", ""node_type"": ""outcome"", ""description"": ""ammonia nitrogen concentration""}"
R0032,Asparagopsis taxiformis variety Brominata,Asparagopsis taxiformis variety Brominata,plant_species,"red macroalga, bromoform source","{""id"": ""Asparagopsis taxiformis variety Brominata"", ""node_type"": ""plant_species"", ""description"": ""red macroalga, bromoform source""}"
R0032,bromoform,bromoform,plant_metabolite,"halogenated compound, methane inhibitor","{""id"": ""bromoform"", ""node_type"": ""plant_metabolite"", ""description"": ""halogenated compound, methane inhibitor""}"
R0032,methane yield,methane yield,outcome,CH4 per unit DMI,"{""id"": ""methane yield"", ""node_type"": ""outcome"", ""description"": ""CH4 per unit DMI""}"
R0033,Sargassum spp.,Sargassum spp.,plant_species,"brown macroalga, source of phlorotannins","{""id"": ""Sargassum spp."", ""node_type"": ""plant_species"", ""description"": ""brown macroalga, source of phlorotannins""}"
R0033,phlorotannins,phlorotannins,plant_metabolite,polyphenolic compounds from Sargassum,"{""id"": ""phlorotannins"", ""node_type"": ""plant_metabolite"", ""description"": ""polyphenolic compounds from Sargassum""}"
R0033,Prevotella,Prevotella,rumen_bacteria,decreased by PTs,"{""id"": ""Prevotella"", ""node_type"": ""rumen_bacteria"", ""description"": ""decreased by PTs""}"
R0033,Prevotellaceae_UCG-001,Prevotellaceae_UCG-001,rumen_bacteria,increased by PTs,"{""id"": ""Prevotellaceae_UCG-001"", ""node_type"": ""rumen_bacteria"", ""description"": ""increased by PTs""}"
R0033,Ruminococcus,Ruminococcus,rumen_bacteria,increased by PTs,"{""id"": ""Ruminococcus"", ""node_type"": ""rumen_bacteria"", ""description"": ""increased by PTs""}"
R0033,Selenomonas,Selenomonas,rumen_bacteria,increased by PTs,"{""id"": ""Selenomonas"", ""node_type"": ""rumen_bacteria"", ""description"": ""increased by PTs""}"
R0033,Ruminobacter,Ruminobacter,rumen_bacteria,increased by PTs,"{""id"": ""Ruminobacter"", ""node_type"": ""rumen_bacteria"", ""description"": ""increased by PTs""}"
R0033,Fibrobacter,Fibrobacter,rumen_bacteria,increased by PTs,"{""id"": ""Fibrobacter"", ""node_type"": ""rumen_bacteria"", ""description"": ""increased by PTs""}"
R0033,rumen fermentation,rumen fermentation,metabolic_process,"dry matter digestibility, gas production, ammonia-N, pH","{""id"": ""rumen fermentation"", ""node_type"": ""metabolic_process"", ""description"": ""dry matter digestibility, gas production, ammonia-N, pH""}"
R0033,biohydrogenation,biohydrogenation,metabolic_process,rumen BH inhibited by PTs,"{""id"": ""biohydrogenation"", ""node_type"": ""metabolic_process"", ""description"": ""rumen BH inhibited by PTs""}"
R0034,Asparagopsis taxiformis,Asparagopsis taxiformis,plant_species,"red macroalga, bromoform source","{""id"": ""Asparagopsis taxiformis"", ""node_type"": ""plant_species"", ""description"": ""red macroalga, bromoform source""}"
R0034,bromoform,bromoform,plant_metabolite,"halogenated compound, anti-methanogenic","{""id"": ""bromoform"", ""node_type"": ""plant_metabolite"", ""description"": ""halogenated compound, anti-methanogenic""}"
R0034,sunflower oil,sunflower oil,feed_additive,carrier oil for bromoform,"{""id"": ""sunflower oil"", ""node_type"": ""feed_additive"", ""description"": ""carrier oil for bromoform""}"
R0034,methane production per kg BW gain,methane production per kg BW gain,outcome,enteric methane emission metric,"{""id"": ""methane production per kg BW gain"", ""node_type"": ""outcome"", ""description"": ""enteric methane emission metric""}"
R0034,dry matter intake,dry matter intake,outcome,feed intake,"{""id"": ""dry matter intake"", ""node_type"": ""outcome"", ""description"": ""feed intake""}"
R0034,average daily gain,average daily gain,outcome,animal growth rate,"{""id"": ""average daily gain"", ""node_type"": ""outcome"", ""description"": ""animal growth rate""}"
R0034,carbon footprint,carbon footprint,outcome,greenhouse gas emissions per unit product,"{""id"": ""carbon footprint"", ""node_type"": ""outcome"", ""description"": ""greenhouse gas emissions per unit product""}"
R0035,Ecklonia cava,Ecklonia cava,plant_species,"brown seaweed, source of phlorotannins","{""id"": ""Ecklonia cava"", ""node_type"": ""plant_species"", ""description"": ""brown seaweed, source of phlorotannins""}"
R0035,phlorofucofuroeckol-A,phlorofucofuroeckol-A,plant_metabolite,phlorotannin derivative from Ecklonia cava,"{""id"": ""phlorofucofuroeckol-A"", ""node_type"": ""plant_metabolite"", ""description"": ""phlorotannin derivative from Ecklonia cava""}"
R0035,dieckol,dieckol,plant_metabolite,phlorotannin derivative from Ecklonia cava,"{""id"": ""dieckol"", ""node_type"": ""plant_metabolite"", ""description"": ""phlorotannin derivative from Ecklonia cava""}"
R0035,"8,8'-bieckol","8,8'-bieckol",plant_metabolite,phlorotannin derivative from Ecklonia cava,"{""id"": ""8,8'-bieckol"", ""node_type"": ""plant_metabolite"", ""description"": ""phlorotannin derivative from Ecklonia cava""}"
R0035,methane yield,methane yield,outcome,rumen methane production,"{""id"": ""methane yield"", ""node_type"": ""outcome"", ""description"": ""rumen methane production""}"
R0035,total gas production,total gas production,outcome,total gas production in vitro,"{""id"": ""total gas production"", ""node_type"": ""outcome"", ""description"": ""total gas production in vitro""}"
R0036,Asparagopsis,Asparagopsis,plant_species,"red macroalga, bromoform source","{""id"": ""Asparagopsis"", ""node_type"": ""plant_species"", ""description"": ""red macroalga, bromoform source""}"
R0036,bromoform,bromoform,plant_metabolite,"CHBr3, bioactive compound","{""id"": ""bromoform"", ""node_type"": ""plant_metabolite"", ""description"": ""CHBr3, bioactive compound""}"
R0036,CH4 production,CH4 production,outcome,methane production in g/d,"{""id"": ""CH4 production"", ""node_type"": ""outcome"", ""description"": ""methane production in g/d""}"
R0036,CH4 yield,CH4 yield,outcome,methane yield in g/kg DMI,"{""id"": ""CH4 yield"", ""node_type"": ""outcome"", ""description"": ""methane yield in g/kg DMI""}"
R0036,CH4 intensity,CH4 intensity,outcome,methane intensity in g/kg product,"{""id"": ""CH4 intensity"", ""node_type"": ""outcome"", ""description"": ""methane intensity in g/kg product""}"
R0036,DMI,DMI,outcome,dry matter intake,"{""id"": ""DMI"", ""node_type"": ""outcome"", ""description"": ""dry matter intake""}"
R0037,Asparagopsis taxiformis,Asparagopsis taxiformis,plant_species,"red macroalga, bromoform source","{""id"": ""Asparagopsis taxiformis"", ""node_type"": ""plant_species"", ""description"": ""red macroalga, bromoform source""}"
R0037,phloroglucinol,phloroglucinol,plant_metabolite,"phenolic compound, H2 acceptor","{""id"": ""phloroglucinol"", ""node_type"": ""plant_metabolite"", ""description"": ""phenolic compound, H2 acceptor""}"
R0037,methane yield,methane yield,outcome,enteric methane emissions,"{""id"": ""methane yield"", ""node_type"": ""outcome"", ""description"": ""enteric methane emissions""}"
R0037,hydrogen emissions,hydrogen emissions,outcome,dihydrogen emissions,"{""id"": ""hydrogen emissions"", ""node_type"": ""outcome"", ""description"": ""dihydrogen emissions""}"
R0037,acetate molar proportion,acetate molar proportion,outcome,rumen fermentation parameter,"{""id"": ""acetate molar proportion"", ""node_type"": ""outcome"", ""description"": ""rumen fermentation parameter""}"
R0038,Asparagopsis taxiformis,Asparagopsis taxiformis,plant_species,"red macroalga, bromoform source","{""id"": ""Asparagopsis taxiformis"", ""node_type"": ""plant_species"", ""description"": ""red macroalga, bromoform source""}"
R0038,bromoform,bromoform,plant_metabolite,"volatile bioactive compound, CHBr3","{""id"": ""bromoform"", ""node_type"": ""plant_metabolite"", ""description"": ""volatile bioactive compound, CHBr3""}"
R0038,canola oil,canola oil,feed_additive,carrier oil for Asparagopsis bioactive compounds,"{""id"": ""canola oil"", ""node_type"": ""feed_additive"", ""description"": ""carrier oil for Asparagopsis bioactive compounds""}"
R0038,methane yield,methane yield,outcome,g CH4/kg DMI,"{""id"": ""methane yield"", ""node_type"": ""outcome"", ""description"": ""g CH4/kg DMI""}"
R0038,dissolved hydrogen,dissolved hydrogen,outcome,rumen dissolved hydrogen concentration,"{""id"": ""dissolved hydrogen"", ""node_type"": ""outcome"", ""description"": ""rumen dissolved hydrogen concentration""}"
R0039,Asparagopsis armata,Asparagopsis armata,plant_species,"red macroalga, source of bromoform","{""id"": ""Asparagopsis armata"", ""node_type"": ""plant_species"", ""description"": ""red macroalga, source of bromoform""}"
R0039,bromoform,bromoform,plant_metabolite,antimethanogenic compound,"{""id"": ""bromoform"", ""node_type"": ""plant_metabolite"", ""description"": ""antimethanogenic compound""}"
R0039,methane yield,methane yield,outcome,g CH4/kg DMI,"{""id"": ""methane yield"", ""node_type"": ""outcome"", ""description"": ""g CH4/kg DMI""}"
R0040,Rumin8 IFA,Rumin8 IFA,feed_additive,investigational feed additive containing synthetic bromoform,"{""id"": ""Rumin8 IFA"", ""node_type"": ""feed_additive"", ""description"": ""investigational feed additive containing synthetic bromoform""}"
R0040,bromoform,bromoform,plant_metabolite,"bioactive compound, synthetic bromoform","{""id"": ""bromoform"", ""node_type"": ""plant_metabolite"", ""description"": ""bioactive compound, synthetic bromoform""}"
R0040,methane yield,methane yield,outcome,methane emissions per unit feed intake,"{""id"": ""methane yield"", ""node_type"": ""outcome"", ""description"": ""methane emissions per unit feed intake""}"
R0040,methane emissions,methane emissions,outcome,absolute methane production,"{""id"": ""methane emissions"", ""node_type"": ""outcome"", ""description"": ""absolute methane production""}"
R0041,Asparagopsis armata,Asparagopsis armata,plant_species,"red macroalga, bromoform source","{""id"": ""Asparagopsis armata"", ""node_type"": ""plant_species"", ""description"": ""red macroalga, bromoform source""}"
R0041,bromoform,bromoform,plant_metabolite,primary antimethanogenic compound,"{""id"": ""bromoform"", ""node_type"": ""plant_metabolite"", ""description"": ""primary antimethanogenic compound""}"
R0041,canola oil,canola oil,feed_additive,carrier oil for seaweed extract,"{""id"": ""canola oil"", ""node_type"": ""feed_additive"", ""description"": ""carrier oil for seaweed extract""}"
R0041,ASP-Oil 1,ASP-Oil 1,feed_additive,Asparagopsis armata steeped in canola oil with seaweed biomass removed,"{""id"": ""ASP-Oil 1"", ""node_type"": ""feed_additive"", ""description"": ""Asparagopsis armata steeped in canola oil with seaweed biomass removed""}"
R0041,ASP-Oil 2,ASP-Oil 2,feed_additive,Asparagopsis armata steeped in canola oil without seaweed biomass removed,"{""id"": ""ASP-Oil 2"", ""node_type"": ""feed_additive"", ""description"": ""Asparagopsis armata steeped in canola oil without seaweed biomass removed""}"
R0041,methane yield,methane yield,outcome,enteric methane emissions in g/d,"{""id"": ""methane yield"", ""node_type"": ""outcome"", ""description"": ""enteric methane emissions in g/d""}"
R0041,methane intensity,methane intensity,outcome,methane per kg ECM,"{""id"": ""methane intensity"", ""node_type"": ""outcome"", ""description"": ""methane per kg ECM""}"
R0041,dry matter intake,dry matter intake,outcome,DMI,"{""id"": ""dry matter intake"", ""node_type"": ""outcome"", ""description"": ""DMI""}"
R0041,milk yield,milk yield,outcome,milk production,"{""id"": ""milk yield"", ""node_type"": ""outcome"", ""description"": ""milk production""}"
R0041,energy corrected milk,energy corrected milk,outcome,ECM,"{""id"": ""energy corrected milk"", ""node_type"": ""outcome"", ""description"": ""ECM""}"
R0041,bromoform concentration in milk,bromoform concentration in milk,outcome,bromoform residues in milk,"{""id"": ""bromoform concentration in milk"", ""node_type"": ""outcome"", ""description"": ""bromoform residues in milk""}"
R0042,Asparagopsis taxiformis,Asparagopsis taxiformis,plant_species,"red macroalga, bromoform source","{""id"": ""Asparagopsis taxiformis"", ""node_type"": ""plant_species"", ""description"": ""red macroalga, bromoform source""}"
R0042,Methanosphaera,Methanosphaera,rumen_archaea,methanol-utilizing methanogen,"{""id"": ""Methanosphaera"", ""node_type"": ""rumen_archaea"", ""description"": ""methanol-utilizing methanogen""}"
R0042,Butyrivibrio,Butyrivibrio,rumen_bacteria,butyrate-producing bacterium,"{""id"": ""Butyrivibrio"", ""node_type"": ""rumen_bacteria"", ""description"": ""butyrate-producing bacterium""}"
R0042,Moryella,Moryella,rumen_bacteria,butyrate-producing bacterium,"{""id"": ""Moryella"", ""node_type"": ""rumen_bacteria"", ""description"": ""butyrate-producing bacterium""}"
R0042,Eubacterium,Eubacterium,rumen_bacteria,butyrate-producing bacterium,"{""id"": ""Eubacterium"", ""node_type"": ""rumen_bacteria"", ""description"": ""butyrate-producing bacterium""}"
R0042,methane yield,methane yield,outcome,enteric methane emission,"{""id"": ""methane yield"", ""node_type"": ""outcome"", ""description"": ""enteric methane emission""}"
R0042,butyrate synthesis,butyrate synthesis,metabolic_process,fermentation pathway,"{""id"": ""butyrate synthesis"", ""node_type"": ""metabolic_process"", ""description"": ""fermentation pathway""}"
R0043,bromoform,bromoform,plant_metabolite,synthetic bromoform infused into rumen,"{""id"": ""bromoform"", ""node_type"": ""plant_metabolite"", ""description"": ""synthetic bromoform infused into rumen""}"
R0043,methane yield,methane yield,outcome,enteric CH4 production and yield,"{""id"": ""methane yield"", ""node_type"": ""outcome"", ""description"": ""enteric CH4 production and yield""}"
R0043,hydrogen,hydrogen,outcome,H2 production and yield,"{""id"": ""hydrogen"", ""node_type"": ""outcome"", ""description"": ""H2 production and yield""}"
R0043,propionate production,propionate production,metabolic_process,molar proportion of propionate,"{""id"": ""propionate production"", ""node_type"": ""metabolic_process"", ""description"": ""molar proportion of propionate""}"
R0043,acetate,acetate,metabolic_process,molar proportion of acetate,"{""id"": ""acetate"", ""node_type"": ""metabolic_process"", ""description"": ""molar proportion of acetate""}"
R0044,seaweed,seaweed,plant_species,dietary seaweed supplementation in dairy cows,"{""id"": ""seaweed"", ""node_type"": ""plant_species"", ""description"": ""dietary seaweed supplementation in dairy cows""}"
R0044,methane yield,methane yield,outcome,enteric methane emissions,"{""id"": ""methane yield"", ""node_type"": ""outcome"", ""description"": ""enteric methane emissions""}"
R0044,milk yield,milk yield,outcome,milk production,"{""id"": ""milk yield"", ""node_type"": ""outcome"", ""description"": ""milk production""}"
R0044,milk composition,milk composition,outcome,"milk fat, protein, lactose, urea nitrogen, somatic cell count, iodine","{""id"": ""milk composition"", ""node_type"": ""outcome"", ""description"": ""milk fat, protein, lactose, urea nitrogen, somatic cell count, iodine""}"
R0044,nutrient digestibility,nutrient digestibility,outcome,nutrient digestibility,"{""id"": ""nutrient digestibility"", ""node_type"": ""outcome"", ""description"": ""nutrient digestibility""}"
R0044,rumen fermentation,rumen fermentation,metabolic_process,"ruminal pH, VFA, ammonia N","{""id"": ""rumen fermentation"", ""node_type"": ""metabolic_process"", ""description"": ""ruminal pH, VFA, ammonia N""}"
R0045,Asparagopsis taxiformis,Asparagopsis taxiformis,plant_species,"red macroalga, bromoform source","{""id"": ""Asparagopsis taxiformis"", ""node_type"": ""plant_species"", ""description"": ""red macroalga, bromoform source""}"
R0045,bromoform,bromoform,plant_metabolite,"halogenated methane analogue, main bioactive","{""id"": ""bromoform"", ""node_type"": ""plant_metabolite"", ""description"": ""halogenated methane analogue, main bioactive""}"
R0045,Methanobrevibacter smithii,Methanobrevibacter smithii,rumen_archaea,methanogen strain,"{""id"": ""Methanobrevibacter smithii"", ""node_type"": ""rumen_archaea"", ""description"": ""methanogen strain""}"
R0045,Methanobrevibacter ruminantium,Methanobrevibacter ruminantium,rumen_archaea,methanogen strain,"{""id"": ""Methanobrevibacter ruminantium"", ""node_type"": ""rumen_archaea"", ""description"": ""methanogen strain""}"
R0045,Methanosphaera stadtmanae,Methanosphaera stadtmanae,rumen_archaea,methanogen strain,"{""id"": ""Methanosphaera stadtmanae"", ""node_type"": ""rumen_archaea"", ""description"": ""methanogen strain""}"
R0045,Methanosarcina barkeri,Methanosarcina barkeri,rumen_archaea,methanogen strain,"{""id"": ""Methanosarcina barkeri"", ""node_type"": ""rumen_archaea"", ""description"": ""methanogen strain""}"
R0045,Methanobrevibacter millerae,Methanobrevibacter millerae,rumen_archaea,methanogen strain,"{""id"": ""Methanobrevibacter millerae"", ""node_type"": ""rumen_archaea"", ""description"": ""methanogen strain""}"
R0045,Methanothermobacter wolfei,Methanothermobacter wolfei,rumen_archaea,methanogen strain,"{""id"": ""Methanothermobacter wolfei"", ""node_type"": ""rumen_archaea"", ""description"": ""methanogen strain""}"
R0045,Methanobacterium mobile,Methanobacterium mobile,rumen_archaea,methanogen strain,"{""id"": ""Methanobacterium mobile"", ""node_type"": ""rumen_archaea"", ""description"": ""methanogen strain""}"
R0046,Ascophyllum nodosum,Ascophyllum nodosum,plant_species,"brown macroalga, source of liquid extract","{""id"": ""Ascophyllum nodosum"", ""node_type"": ""plant_species"", ""description"": ""brown macroalga, source of liquid extract""}"
R0046,methane yield,methane yield,outcome,CH4 production measured in RUSITEC,"{""id"": ""methane yield"", ""node_type"": ""outcome"", ""description"": ""CH4 production measured in RUSITEC""}"
R0046,total gas production,total gas production,outcome,total gas production measured in RUSITEC,"{""id"": ""total gas production"", ""node_type"": ""outcome"", ""description"": ""total gas production measured in RUSITEC""}"
R0046,nutrient degradation,nutrient degradation,outcome,DM and OM degradation,"{""id"": ""nutrient degradation"", ""node_type"": ""outcome"", ""description"": ""DM and OM degradation""}"
R0046,volatile fatty acid production,volatile fatty acid production,outcome,total VFA production,"{""id"": ""volatile fatty acid production"", ""node_type"": ""outcome"", ""description"": ""total VFA production""}"
R0046,metabolic hydrogen recovery,metabolic hydrogen recovery,outcome,H2 recovery,"{""id"": ""metabolic hydrogen recovery"", ""node_type"": ""outcome"", ""description"": ""H2 recovery""}"
R0047,Asparagopsis taxiformis,Asparagopsis taxiformis,plant_species,"red macroalga, bromoform source","{""id"": ""Asparagopsis taxiformis"", ""node_type"": ""plant_species"", ""description"": ""red macroalga, bromoform source""}"
R0047,bromoform,bromoform,plant_metabolite,antimethanogenic compound,"{""id"": ""bromoform"", ""node_type"": ""plant_metabolite"", ""description"": ""antimethanogenic compound""}"
R0047,methane yield,methane yield,outcome,CH4 volume and yield per g OM degraded,"{""id"": ""methane yield"", ""node_type"": ""outcome"", ""description"": ""CH4 volume and yield per g OM degraded""}"
R0047,dry matter intake,dry matter intake,outcome,DM intake decreased by up to 28%,"{""id"": ""dry matter intake"", ""node_type"": ""outcome"", ""description"": ""DM intake decreased by up to 28%""}"
R0047,average daily gain,average daily gain,outcome,ADG reduced up to 40%,"{""id"": ""average daily gain"", ""node_type"": ""outcome"", ""description"": ""ADG reduced up to 40%""}"
R0047,rumen mucosa lesions,rumen mucosa lesions,outcome,lesions on ventral rumen mucosa,"{""id"": ""rumen mucosa lesions"", ""node_type"": ""outcome"", ""description"": ""lesions on ventral rumen mucosa""}"
R0048,Asparagopsis armata,Asparagopsis armata,plant_species,"red macroalga, bromoform source","{""id"": ""Asparagopsis armata"", ""node_type"": ""plant_species"", ""description"": ""red macroalga, bromoform source""}"
R0048,bromoform,bromoform,plant_metabolite,"halogenated compound, methane inhibitor","{""id"": ""bromoform"", ""node_type"": ""plant_metabolite"", ""description"": ""halogenated compound, methane inhibitor""}"
R0048,blood urea to creatinine ratio,blood urea to creatinine ratio,outcome,blood parameter,"{""id"": ""blood urea to creatinine ratio"", ""node_type"": ""outcome"", ""description"": ""blood parameter""}"
R0048,base excess,base excess,outcome,blood parameter,"{""id"": ""base excess"", ""node_type"": ""outcome"", ""description"": ""blood parameter""}"
R0048,total carbon dioxide,total carbon dioxide,outcome,blood parameter,"{""id"": ""total carbon dioxide"", ""node_type"": ""outcome"", ""description"": ""blood parameter""}"
R0048,glutamate dehydrogenase,glutamate dehydrogenase,outcome,blood enzyme,"{""id"": ""glutamate dehydrogenase"", ""node_type"": ""outcome"", ""description"": ""blood enzyme""}"
R0048,partial pressure of carbon dioxide,partial pressure of carbon dioxide,outcome,blood gas,"{""id"": ""partial pressure of carbon dioxide"", ""node_type"": ""outcome"", ""description"": ""blood gas""}"
R0048,bicarbonate,bicarbonate,outcome,blood parameter,"{""id"": ""bicarbonate"", ""node_type"": ""outcome"", ""description"": ""blood parameter""}"
R0048,partial pressure of oxygen,partial pressure of oxygen,outcome,blood gas,"{""id"": ""partial pressure of oxygen"", ""node_type"": ""outcome"", ""description"": ""blood gas""}"
R0048,gamma-glutamyl transferase,gamma-glutamyl transferase,outcome,blood enzyme in offspring,"{""id"": ""gamma-glutamyl transferase"", ""node_type"": ""outcome"", ""description"": ""blood enzyme in offspring""}"
R0049,Saccharina latissima,Saccharina latissima,plant_species,brown macroalgae,"{""id"": ""Saccharina latissima"", ""node_type"": ""plant_species"", ""description"": ""brown macroalgae""}"
R0049,Porphyra spp.,Porphyra spp.,plant_species,red macroalgae,"{""id"": ""Porphyra spp."", ""node_type"": ""plant_species"", ""description"": ""red macroalgae""}"
R0049,phlorotannins,phlorotannins,plant_metabolite,bioactive compound in macroalgae,"{""id"": ""phlorotannins"", ""node_type"": ""plant_metabolite"", ""description"": ""bioactive compound in macroalgae""}"
R0049,volatile fatty acids,volatile fatty acids,outcome,rumen fermentation product,"{""id"": ""volatile fatty acids"", ""node_type"": ""outcome"", ""description"": ""rumen fermentation product""}"
R0050,Asparagopsis taxiformis,Asparagopsis taxiformis,plant_species,"red macroalga, bromoform source","{""id"": ""Asparagopsis taxiformis"", ""node_type"": ""plant_species"", ""description"": ""red macroalga, bromoform source""}"
R0050,Brominata pellets,Brominata pellets,feed_additive,"high-bromoform, low-iodine Asparagopsis taxiformis product","{""id"": ""Brominata pellets"", ""node_type"": ""feed_additive"", ""description"": ""high-bromoform, low-iodine Asparagopsis taxiformis product""}"
R0050,dry matter intake,dry matter intake,outcome,DMI,"{""id"": ""dry matter intake"", ""node_type"": ""outcome"", ""description"": ""DMI""}"
R0050,milk yield,milk yield,outcome,milk production,"{""id"": ""milk yield"", ""node_type"": ""outcome"", ""description"": ""milk production""}"
R0050,feed efficiency,feed efficiency,outcome,feed efficiency,"{""id"": ""feed efficiency"", ""node_type"": ""outcome"", ""description"": ""feed efficiency""}"
R0050,fat digestibility,fat digestibility,outcome,fat digestibility,"{""id"": ""fat digestibility"", ""node_type"": ""outcome"", ""description"": ""fat digestibility""}"
R0051,Mazzaella japonica,Mazzaella japonica,plant_species,"red seaweed, alternative to Asparagopsis","{""id"": ""Mazzaella japonica"", ""node_type"": ""plant_species"", ""description"": ""red seaweed, alternative to Asparagopsis""}"
R0051,methane yield,methane yield,outcome,enteric CH4 production in g/day,"{""id"": ""methane yield"", ""node_type"": ""outcome"", ""description"": ""enteric CH4 production in g/day""}"
R0051,acetate proportion,acetate proportion,outcome,rumen acetate proportion,"{""id"": ""acetate proportion"", ""node_type"": ""outcome"", ""description"": ""rumen acetate proportion""}"
R0052,Asparagopsis armata,Asparagopsis armata,plant_species,"red macroalga, source of bromoform","{""id"": ""Asparagopsis armata"", ""node_type"": ""plant_species"", ""description"": ""red macroalga, source of bromoform""}"
R0052,bromoform,bromoform,plant_metabolite,"halogenated compound, anti-methanogenic","{""id"": ""bromoform"", ""node_type"": ""plant_metabolite"", ""description"": ""halogenated compound, anti-methanogenic""}"
R0052,methane yield,methane yield,outcome,CH4 production per gram of feed,"{""id"": ""methane yield"", ""node_type"": ""outcome"", ""description"": ""CH4 production per gram of feed""}"
R0053,Asparagopsis taxiformis,Asparagopsis taxiformis,plant_species,"red macroalga, bromoform source","{""id"": ""Asparagopsis taxiformis"", ""node_type"": ""plant_species"", ""description"": ""red macroalga, bromoform source""}"
R0053,bromoform,bromoform,plant_metabolite,"halogenated compound, antimethanogenic","{""id"": ""bromoform"", ""node_type"": ""plant_metabolite"", ""description"": ""halogenated compound, antimethanogenic""}"
R0053,dibromomethane,dibromomethane,plant_metabolite,"degradation product of bromoform, antimethanogenic","{""id"": ""dibromomethane"", ""node_type"": ""plant_metabolite"", ""description"": ""degradation product of bromoform, antimethanogenic""}"
R0053,methane yield,methane yield,outcome,enteric methane production,"{""id"": ""methane yield"", ""node_type"": ""outcome"", ""description"": ""enteric methane production""}"
R0054,Dictyota dichotoma,Dictyota dichotoma,plant_species,"brown macroalga, source of prenol lipids (diterpenoids, retinoids)","{""id"": ""Dictyota dichotoma"", ""node_type"": ""plant_species"", ""description"": ""brown macroalga, source of prenol lipids (diterpenoids, retinoids)""}"
R0054,Sargassum muticum,Sargassum muticum,plant_species,"brown macroalga, source of sulphated medium chain fatty acids","{""id"": ""Sargassum muticum"", ""node_type"": ""plant_species"", ""description"": ""brown macroalga, source of sulphated medium chain fatty acids""}"
R0054,Delesseria sanguinea,Delesseria sanguinea,plant_species,red macroalga,"{""id"": ""Delesseria sanguinea"", ""node_type"": ""plant_species"", ""description"": ""red macroalga""}"
R0054,methane,methane,outcome,methane production,"{""id"": ""methane"", ""node_type"": ""outcome"", ""description"": ""methane production""}"
R0054,total gas production,total gas production,outcome,total gas production,"{""id"": ""total gas production"", ""node_type"": ""outcome"", ""description"": ""total gas production""}"
R0054,volatile fatty acids,volatile fatty acids,outcome,VFA production,"{""id"": ""volatile fatty acids"", ""node_type"": ""outcome"", ""description"": ""VFA production""}"
R0054,dry matter degradability,dry matter degradability,outcome,DMD,"{""id"": ""dry matter degradability"", ""node_type"": ""outcome"", ""description"": ""DMD""}"
R0055,Macrocystis pyrifera,Macrocystis pyrifera,plant_species,brown macroalga,"{""id"": ""Macrocystis pyrifera"", ""node_type"": ""plant_species"", ""description"": ""brown macroalga""}"
R0055,Ulva spp.,Ulva spp.,plant_species,green macroalga,"{""id"": ""Ulva spp."", ""node_type"": ""plant_species"", ""description"": ""green macroalga""}"
R0055,Mazzaella spp.,Mazzaella spp.,plant_species,red macroalga,"{""id"": ""Mazzaella spp."", ""node_type"": ""plant_species"", ""description"": ""red macroalga""}"
R0055,Selenomonas,Selenomonas,rumen_bacteria,fibrinolytic and cellulolytic bacteria,"{""id"": ""Selenomonas"", ""node_type"": ""rumen_bacteria"", ""description"": ""fibrinolytic and cellulolytic bacteria""}"
R0055,Firmicutes,Firmicutes,rumen_bacteria,dominant phylum,"{""id"": ""Firmicutes"", ""node_type"": ""rumen_bacteria"", ""description"": ""dominant phylum""}"
R0055,Bacteroidota,Bacteroidota,rumen_bacteria,dominant phylum,"{""id"": ""Bacteroidota"", ""node_type"": ""rumen_bacteria"", ""description"": ""dominant phylum""}"
R0055,anethole,anethole,plant_metabolite,VOC with antimicrobial properties,"{""id"": ""anethole"", ""node_type"": ""plant_metabolite"", ""description"": ""VOC with antimicrobial properties""}"
R0055,beta-himachalene,beta-himachalene,plant_metabolite,VOC with antimicrobial properties,"{""id"": ""beta-himachalene"", ""node_type"": ""plant_metabolite"", ""description"": ""VOC with antimicrobial properties""}"
R0055,4-ethylphenol,4-ethylphenol,plant_metabolite,VOC with antimicrobial properties,"{""id"": ""4-ethylphenol"", ""node_type"": ""plant_metabolite"", ""description"": ""VOC with antimicrobial properties""}"
R0056,Asparagopsis armata,Asparagopsis armata,plant_species,"red macroalga, bromoform source","{""id"": ""Asparagopsis armata"", ""node_type"": ""plant_species"", ""description"": ""red macroalga, bromoform source""}"
R0056,bromoform,bromoform,plant_metabolite,antimethanogenic compound,"{""id"": ""bromoform"", ""node_type"": ""plant_metabolite"", ""description"": ""antimethanogenic compound""}"
R0056,methane yield,methane yield,outcome,enteric methane emissions,"{""id"": ""methane yield"", ""node_type"": ""outcome"", ""description"": ""enteric methane emissions""}"
R0056,methane intensity,methane intensity,outcome,g CH4/kg energy corrected milk,"{""id"": ""methane intensity"", ""node_type"": ""outcome"", ""description"": ""g CH4/kg energy corrected milk""}"
R0057,Asparagopsis armata,Asparagopsis armata,plant_species,"red macroalga, source of bromoform","{""id"": ""Asparagopsis armata"", ""node_type"": ""plant_species"", ""description"": ""red macroalga, source of bromoform""}"
R0057,bromoform,bromoform,plant_metabolite,"halogenated compound, methane inhibitor","{""id"": ""bromoform"", ""node_type"": ""plant_metabolite"", ""description"": ""halogenated compound, methane inhibitor""}"
R0057,SeaFeed,SeaFeed,feed_additive,canola oil infused with Asparagopsis armata,"{""id"": ""SeaFeed"", ""node_type"": ""feed_additive"", ""description"": ""canola oil infused with Asparagopsis armata""}"
R0057,methane yield,methane yield,outcome,methane production per animal,"{""id"": ""methane yield"", ""node_type"": ""outcome"", ""description"": ""methane production per animal""}"
R0057,methane intensity,methane intensity,outcome,methane per unit of product,"{""id"": ""methane intensity"", ""node_type"": ""outcome"", ""description"": ""methane per unit of product""}"
R0057,gain-to-feed ratio,gain-to-feed ratio,outcome,feed efficiency,"{""id"": ""gain-to-feed ratio"", ""node_type"": ""outcome"", ""description"": ""feed efficiency""}"
R0057,average daily gain,average daily gain,outcome,growth rate,"{""id"": ""average daily gain"", ""node_type"": ""outcome"", ""description"": ""growth rate""}"
R0057,live exit weight,live exit weight,outcome,final body weight,"{""id"": ""live exit weight"", ""node_type"": ""outcome"", ""description"": ""final body weight""}"
R0058,Asparagopsis taxiformis,Asparagopsis taxiformis,plant_species,"red macroalga, bromoform source","{""id"": ""Asparagopsis taxiformis"", ""node_type"": ""plant_species"", ""description"": ""red macroalga, bromoform source""}"
R0058,Asparagopsis armata,Asparagopsis armata,plant_species,"red macroalga, bromoform source","{""id"": ""Asparagopsis armata"", ""node_type"": ""plant_species"", ""description"": ""red macroalga, bromoform source""}"
R0058,bromoform,bromoform,plant_metabolite,bioactive compound in Asparagopsis,"{""id"": ""bromoform"", ""node_type"": ""plant_metabolite"", ""description"": ""bioactive compound in Asparagopsis""}"
R0058,enteric methane,enteric methane,outcome,methane emissions from ruminants,"{""id"": ""enteric methane"", ""node_type"": ""outcome"", ""description"": ""methane emissions from ruminants""}"
R0059,Asparagopsis taxiformis,Asparagopsis taxiformis,plant_species,"red macroalga, bromoform source","{""id"": ""Asparagopsis taxiformis"", ""node_type"": ""plant_species"", ""description"": ""red macroalga, bromoform source""}"
R0059,bromoform,bromoform,plant_metabolite,halogenated compound responsible for antimethanogenic effect,"{""id"": ""bromoform"", ""node_type"": ""plant_metabolite"", ""description"": ""halogenated compound responsible for antimethanogenic effect""}"
R0059,daily CH4 emission,daily CH4 emission,outcome,methane emitted per day,"{""id"": ""daily CH4 emission"", ""node_type"": ""outcome"", ""description"": ""methane emitted per day""}"
R0059,CH4 yield,CH4 yield,outcome,methane per kg DMI,"{""id"": ""CH4 yield"", ""node_type"": ""outcome"", ""description"": ""methane per kg DMI""}"
R0059,CH4 intensity,CH4 intensity,outcome,methane per kg ECM,"{""id"": ""CH4 intensity"", ""node_type"": ""outcome"", ""description"": ""methane per kg ECM""}"
R0059,dry matter intake,dry matter intake,outcome,feed intake,"{""id"": ""dry matter intake"", ""node_type"": ""outcome"", ""description"": ""feed intake""}"
R0059,milk production,milk production,outcome,milk yield and components,"{""id"": ""milk production"", ""node_type"": ""outcome"", ""description"": ""milk yield and components""}"
R0060,Asparagopsis armata,Asparagopsis armata,plant_species,"red macroalga, bromoform source","{""id"": ""Asparagopsis armata"", ""node_type"": ""plant_species"", ""description"": ""red macroalga, bromoform source""}"
R0060,Mootral,Mootral,feed_additive,commercial feed additive,"{""id"": ""Mootral"", ""node_type"": ""feed_additive"", ""description"": ""commercial feed additive""}"
R0060,methane yield,methane yield,outcome,methane emissions per dry matter intake,"{""id"": ""methane yield"", ""node_type"": ""outcome"", ""description"": ""methane emissions per dry matter intake""}"
R0060,hydrogen emissions,hydrogen emissions,outcome,hydrogen gas emissions,"{""id"": ""hydrogen emissions"", ""node_type"": ""outcome"", ""description"": ""hydrogen gas emissions""}"
R0060,Acetate/Propionate ratio,Acetate/Propionate ratio,outcome,ruminal short chain fatty acid ratio,"{""id"": ""Acetate/Propionate ratio"", ""node_type"": ""outcome"", ""description"": ""ruminal short chain fatty acid ratio""}"
R0061,Bonnemaisonia hamifera,Bonnemaisonia hamifera,plant_species,"red seaweed, potential antimethanogenic feed additive","{""id"": ""Bonnemaisonia hamifera"", ""node_type"": ""plant_species"", ""description"": ""red seaweed, potential antimethanogenic feed additive""}"
R0061,methane yield,methane yield,outcome,CH4 yield (g/kg DMI),"{""id"": ""methane yield"", ""node_type"": ""outcome"", ""description"": ""CH4 yield (g/kg DMI)""}"
R0061,methane intensity,methane intensity,outcome,CH4 intensity (g/kg ECM),"{""id"": ""methane intensity"", ""node_type"": ""outcome"", ""description"": ""CH4 intensity (g/kg ECM)""}"
R0061,hydrogen production,hydrogen production,outcome,daily H2 production (g/d),"{""id"": ""hydrogen production"", ""node_type"": ""outcome"", ""description"": ""daily H2 production (g/d)""}"
R0061,hydrogen yield,hydrogen yield,outcome,H2 yield (g/kg DMI),"{""id"": ""hydrogen yield"", ""node_type"": ""outcome"", ""description"": ""H2 yield (g/kg DMI)""}"
R0061,hydrogen intensity,hydrogen intensity,outcome,H2 intensity (g/kg ECM),"{""id"": ""hydrogen intensity"", ""node_type"": ""outcome"", ""description"": ""H2 intensity (g/kg ECM)""}"
R0062,Saccharina latissima,Saccharina latissima,plant_species,"sugar kelp, brown macroalga","{""id"": ""Saccharina latissima"", ""node_type"": ""plant_species"", ""description"": ""sugar kelp, brown macroalga""}"
R0062,Alaria esculenta,Alaria esculenta,plant_species,"winged kelp, brown macroalga","{""id"": ""Alaria esculenta"", ""node_type"": ""plant_species"", ""description"": ""winged kelp, brown macroalga""}"
R0062,Prevotella,Prevotella,rumen_bacteria,dominant genus when incubated with S. latissima,"{""id"": ""Prevotella"", ""node_type"": ""rumen_bacteria"", ""description"": ""dominant genus when incubated with S. latissima""}"
R0062,Fibrobacter succinogenes,Fibrobacter succinogenes,rumen_bacteria,"fibrolytic bacterium, higher with S. latissima","{""id"": ""Fibrobacter succinogenes"", ""node_type"": ""rumen_bacteria"", ""description"": ""fibrolytic bacterium, higher with S. latissima""}"
R0062,Ruminococcus flavefaciens,Ruminococcus flavefaciens,rumen_bacteria,"fibrolytic bacterium, higher with S. latissima","{""id"": ""Ruminococcus flavefaciens"", ""node_type"": ""rumen_bacteria"", ""description"": ""fibrolytic bacterium, higher with S. latissima""}"
R0062,Archaea,Archaea,rumen_archaea,"methanogens, gene copies decreased","{""id"": ""Archaea"", ""node_type"": ""rumen_archaea"", ""description"": ""methanogens, gene copies decreased""}"
R0062,methyl coenzyme-M reductase subunit A,methyl coenzyme-M reductase subunit A,metabolic_process,"mcrA gene, key enzyme in methanogenesis","{""id"": ""methyl coenzyme-M reductase subunit A"", ""node_type"": ""metabolic_process"", ""description"": ""mcrA gene, key enzyme in methanogenesis""}"
R0062,methane yield,methane yield,outcome,potential methane mitigation,"{""id"": ""methane yield"", ""node_type"": ""outcome"", ""description"": ""potential methane mitigation""}"
R0063,Fucus vesiculosus,Fucus vesiculosus,plant_species,"brown macroalga, polyphenol-rich","{""id"": ""Fucus vesiculosus"", ""node_type"": ""plant_species"", ""description"": ""brown macroalga, polyphenol-rich""}"
R0063,Ascophyllum nodosum,Ascophyllum nodosum,plant_species,"brown macroalga, polyphenol-rich","{""id"": ""Ascophyllum nodosum"", ""node_type"": ""plant_species"", ""description"": ""brown macroalga, polyphenol-rich""}"
R0063,Methanobrevibacter spp.,Methanobrevibacter spp.,rumen_archaea,methanogenic archaea,"{""id"": ""Methanobrevibacter spp."", ""node_type"": ""rumen_archaea"", ""description"": ""methanogenic archaea""}"
R0063,Ruminococcus spp.,Ruminococcus spp.,rumen_bacteria,cellulolytic bacteria,"{""id"": ""Ruminococcus spp."", ""node_type"": ""rumen_bacteria"", ""description"": ""cellulolytic bacteria""}"
R0063,Lachnospiraceae spp.,Lachnospiraceae spp.,rumen_bacteria,cellulolytic bacteria,"{""id"": ""Lachnospiraceae spp."", ""node_type"": ""rumen_bacteria"", ""description"": ""cellulolytic bacteria""}"
R0063,Rikenellaceae RC9 gut group,Rikenellaceae RC9 gut group,rumen_bacteria,cellulolytic bacteria,"{""id"": ""Rikenellaceae RC9 gut group"", ""node_type"": ""rumen_bacteria"", ""description"": ""cellulolytic bacteria""}"
R0063,methane yield,methane yield,outcome,enteric methane production,"{""id"": ""methane yield"", ""node_type"": ""outcome"", ""description"": ""enteric methane production""}"
R0063,organic matter degradability,organic matter degradability,outcome,feed degradability,"{""id"": ""organic matter degradability"", ""node_type"": ""outcome"", ""description"": ""feed degradability""}"
R0063,total volatile fatty acids,total volatile fatty acids,outcome,fermentation product,"{""id"": ""total volatile fatty acids"", ""node_type"": ""outcome"", ""description"": ""fermentation product""}"
R0064,Asparagopsis armata,Asparagopsis armata,plant_species,"red macroalga, bromoform source","{""id"": ""Asparagopsis armata"", ""node_type"": ""plant_species"", ""description"": ""red macroalga, bromoform source""}"
R0064,bromoform,bromoform,plant_metabolite,"halogenated compound, antimethanogenic agent","{""id"": ""bromoform"", ""node_type"": ""plant_metabolite"", ""description"": ""halogenated compound, antimethanogenic agent""}"
R0064,methane yield,methane yield,outcome,g CH4/d,"{""id"": ""methane yield"", ""node_type"": ""outcome"", ""description"": ""g CH4/d""}"
R0064,methane intensity,methane intensity,outcome,g CH4/kg ECM,"{""id"": ""methane intensity"", ""node_type"": ""outcome"", ""description"": ""g CH4/kg ECM""}"
R0065,Asparagopsis taxiformis,Asparagopsis taxiformis,plant_species,"red macroalga, source of bromoform","{""id"": ""Asparagopsis taxiformis"", ""node_type"": ""plant_species"", ""description"": ""red macroalga, source of bromoform""}"
R0065,Origanum vulgare,Origanum vulgare,plant_species,oregano leaves,"{""id"": ""Origanum vulgare"", ""node_type"": ""plant_species"", ""description"": ""oregano leaves""}"
R0065,bromoform,bromoform,plant_metabolite,"halogenated compound, CHBr3","{""id"": ""bromoform"", ""node_type"": ""plant_metabolite"", ""description"": ""halogenated compound, CHBr3""}"
R0065,methane yield,methane yield,outcome,CH4 per unit of feed or milk,"{""id"": ""methane yield"", ""node_type"": ""outcome"", ""description"": ""CH4 per unit of feed or milk""}"
R0065,daily methane emission,daily methane emission,outcome,CH4 per day,"{""id"": ""daily methane emission"", ""node_type"": ""outcome"", ""description"": ""CH4 per day""}"
R0065,hydrogen emission,hydrogen emission,outcome,H2 gas emission,"{""id"": ""hydrogen emission"", ""node_type"": ""outcome"", ""description"": ""H2 gas emission""}"
R0065,acetate proportion,acetate proportion,outcome,VFA acetate proportion,"{""id"": ""acetate proportion"", ""node_type"": ""outcome"", ""description"": ""VFA acetate proportion""}"
R0065,propionate proportion,propionate proportion,outcome,VFA propionate proportion,"{""id"": ""propionate proportion"", ""node_type"": ""outcome"", ""description"": ""VFA propionate proportion""}"
R0065,butyrate proportion,butyrate proportion,outcome,VFA butyrate proportion,"{""id"": ""butyrate proportion"", ""node_type"": ""outcome"", ""description"": ""VFA butyrate proportion""}"
R0065,dry matter intake,dry matter intake,outcome,DMI,"{""id"": ""dry matter intake"", ""node_type"": ""outcome"", ""description"": ""DMI""}"
R0065,milk yield,milk yield,outcome,milk production,"{""id"": ""milk yield"", ""node_type"": ""outcome"", ""description"": ""milk production""}"
R0066,Asparagopsis taxiformis,Asparagopsis taxiformis,plant_species,"red macroalga, bromoform source","{""id"": ""Asparagopsis taxiformis"", ""node_type"": ""plant_species"", ""description"": ""red macroalga, bromoform source""}"
R0066,Ascophyllum nodosum,Ascophyllum nodosum,plant_species,brown macroalga,"{""id"": ""Ascophyllum nodosum"", ""node_type"": ""plant_species"", ""description"": ""brown macroalga""}"
R0066,methane yield,methane yield,outcome,CH4 production,"{""id"": ""methane yield"", ""node_type"": ""outcome"", ""description"": ""CH4 production""}"
R0066,acetate,acetate,metabolic_process,acetate proportion,"{""id"": ""acetate"", ""node_type"": ""metabolic_process"", ""description"": ""acetate proportion""}"
R0066,propionate production,propionate production,metabolic_process,propionate proportion,"{""id"": ""propionate production"", ""node_type"": ""metabolic_process"", ""description"": ""propionate proportion""}"
R0066,iodine concentration,iodine concentration,outcome,iodine in milk,"{""id"": ""iodine concentration"", ""node_type"": ""outcome"", ""description"": ""iodine in milk""}"
R0067,Chondrus crispus,Chondrus crispus,plant_species,red seaweed,"{""id"": ""Chondrus crispus"", ""node_type"": ""plant_species"", ""description"": ""red seaweed""}"
R0067,Saccharina latissima,Saccharina latissima,plant_species,brown seaweed,"{""id"": ""Saccharina latissima"", ""node_type"": ""plant_species"", ""description"": ""brown seaweed""}"
R0067,Fucus serratus,Fucus serratus,plant_species,brown seaweed,"{""id"": ""Fucus serratus"", ""node_type"": ""plant_species"", ""description"": ""brown seaweed""}"
R0067,methane yield,methane yield,outcome,enteric methane production per unit of feed or milk,"{""id"": ""methane yield"", ""node_type"": ""outcome"", ""description"": ""enteric methane production per unit of feed or milk""}"
R0067,methane intensity,methane intensity,outcome,methane per unit of product,"{""id"": ""methane intensity"", ""node_type"": ""outcome"", ""description"": ""methane per unit of product""}"
R0068,Asparagopsis,Asparagopsis,plant_species,"red macroalga, source of bromoform","{""id"": ""Asparagopsis"", ""node_type"": ""plant_species"", ""description"": ""red macroalga, source of bromoform""}"
R0068,bromoform,bromoform,plant_metabolite,"halogenated compound, antimethanogenic agent","{""id"": ""bromoform"", ""node_type"": ""plant_metabolite"", ""description"": ""halogenated compound, antimethanogenic agent""}"
R0068,methane yield,methane yield,outcome,enteric methane emissions in g/day,"{""id"": ""methane yield"", ""node_type"": ""outcome"", ""description"": ""enteric methane emissions in g/day""}"
R0068,methane intensity,methane intensity,outcome,enteric methane emissions in g/kg ADG,"{""id"": ""methane intensity"", ""node_type"": ""outcome"", ""description"": ""enteric methane emissions in g/kg ADG""}"
R0069,Ascophyllum nodosum,Ascophyllum nodosum,plant_species,brown macroalga,"{""id"": ""Ascophyllum nodosum"", ""node_type"": ""plant_species"", ""description"": ""brown macroalga""}"
R0069,Fucus vesiculosus,Fucus vesiculosus,plant_species,brown macroalga,"{""id"": ""Fucus vesiculosus"", ""node_type"": ""plant_species"", ""description"": ""brown macroalga""}"
R0069,Asparagopsis taxiformis,Asparagopsis taxiformis,plant_species,"red macroalga, bromoform source","{""id"": ""Asparagopsis taxiformis"", ""node_type"": ""plant_species"", ""description"": ""red macroalga, bromoform source""}"
R0069,methane yield,methane yield,outcome,methane production in g/d,"{""id"": ""methane yield"", ""node_type"": ""outcome"", ""description"": ""methane production in g/d""}"
R0069,milk iodine concentration,milk iodine concentration,outcome,iodine in milk,"{""id"": ""milk iodine concentration"", ""node_type"": ""outcome"", ""description"": ""iodine in milk""}"
R0069,milk urea concentration,milk urea concentration,outcome,urea in milk,"{""id"": ""milk urea concentration"", ""node_type"": ""outcome"", ""description"": ""urea in milk""}"
R0070,Asparagopsis taxiformis,Asparagopsis taxiformis,plant_species,"red macroalga, bromoform source","{""id"": ""Asparagopsis taxiformis"", ""node_type"": ""plant_species"", ""description"": ""red macroalga, bromoform source""}"
R0070,Asparagopsis armata,Asparagopsis armata,plant_species,"red macroalga, bromoform source","{""id"": ""Asparagopsis armata"", ""node_type"": ""plant_species"", ""description"": ""red macroalga, bromoform source""}"
R0070,bromoform,bromoform,plant_metabolite,"natural constituent of Asparagopsis spp., inhibits methanogenesis","{""id"": ""bromoform"", ""node_type"": ""plant_metabolite"", ""description"": ""natural constituent of Asparagopsis spp., inhibits methanogenesis""}"
R0070,methane yield,methane yield,outcome,rumen methanogenesis,"{""id"": ""methane yield"", ""node_type"": ""outcome"", ""description"": ""rumen methanogenesis""}"
R0071,Padina gymnospora,Padina gymnospora,plant_species,"brown macroalga, biowaste","{""id"": ""Padina gymnospora"", ""node_type"": ""plant_species"", ""description"": ""brown macroalga, biowaste""}"
R0071,ciliate protozoa,ciliate protozoa,rumen_protozoa,rumen ciliate protozoa,"{""id"": ""ciliate protozoa"", ""node_type"": ""rumen_protozoa"", ""description"": ""rumen ciliate protozoa""}"
R0071,holotrichs,holotrichs,rumen_protozoa,holotrich protozoa subgroup,"{""id"": ""holotrichs"", ""node_type"": ""rumen_protozoa"", ""description"": ""holotrich protozoa subgroup""}"
R0071,Desulfovibrio,Desulfovibrio,rumen_bacteria,sulfate-reducing bacteria,"{""id"": ""Desulfovibrio"", ""node_type"": ""rumen_bacteria"", ""description"": ""sulfate-reducing bacteria""}"
R0071,daily enteric CH4 emission,daily enteric CH4 emission,outcome,methane emitted per day,"{""id"": ""daily enteric CH4 emission"", ""node_type"": ""outcome"", ""description"": ""methane emitted per day""}"
R0071,CH4 energy loss,CH4 energy loss,outcome,methane energy as percentage of gross energy,"{""id"": ""CH4 energy loss"", ""node_type"": ""outcome"", ""description"": ""methane energy as percentage of gross energy""}"
R0072,Saccharina latissima,Saccharina latissima,plant_species,brown macroalga,"{""id"": ""Saccharina latissima"", ""node_type"": ""plant_species"", ""description"": ""brown macroalga""}"
R0072,Ascophyllum nodosum,Ascophyllum nodosum,plant_species,brown macroalga,"{""id"": ""Ascophyllum nodosum"", ""node_type"": ""plant_species"", ""description"": ""brown macroalga""}"
R0072,Sargassum muticum,Sargassum muticum,plant_species,brown macroalga,"{""id"": ""Sargassum muticum"", ""node_type"": ""plant_species"", ""description"": ""brown macroalga""}"
R0072,methane yield,methane yield,outcome,enteric methane emission,"{""id"": ""methane yield"", ""node_type"": ""outcome"", ""description"": ""enteric methane emission""}"
R0073,Rugulopteryx okamurae,Rugulopteryx okamurae,plant_species,invasive brown macroalga,"{""id"": ""Rugulopteryx okamurae"", ""node_type"": ""plant_species"", ""description"": ""invasive brown macroalga""}"
R0073,methane yield,methane yield,outcome,enteric methane production,"{""id"": ""methane yield"", ""node_type"": ""outcome"", ""description"": ""enteric methane production""}"
R0074,marine seaweed polysaccharides,marine seaweed polysaccharides,feed_additive,"polysaccharides from marine seaweeds, including alginate, laminaran, and fucoidan","{""id"": ""marine seaweed polysaccharides"", ""node_type"": ""feed_additive"", ""description"": ""polysaccharides from marine seaweeds, including alginate, laminaran, and fucoidan""}"
R0074,methane emissions,methane emissions,outcome,methane production in ruminants,"{""id"": ""methane emissions"", ""node_type"": ""outcome"", ""description"": ""methane production in ruminants""}"
R0075,Ascophyllum nodosum,Ascophyllum nodosum,plant_species,brown seaweed containing phlorotannins,"{""id"": ""Ascophyllum nodosum"", ""node_type"": ""plant_species"", ""description"": ""brown seaweed containing phlorotannins""}"
R0075,Linseed oil,Linseed oil,feed_additive,oil high in PUFA,"{""id"": ""Linseed oil"", ""node_type"": ""feed_additive"", ""description"": ""oil high in PUFA""}"
R0075,methane yield,methane yield,outcome,daily methane emission in g/d,"{""id"": ""methane yield"", ""node_type"": ""outcome"", ""description"": ""daily methane emission in g/d""}"
R0075,ruminal fermentation,ruminal fermentation,metabolic_process,VFA profile changes,"{""id"": ""ruminal fermentation"", ""node_type"": ""metabolic_process"", ""description"": ""VFA profile changes""}"
R0075,microbial community,microbial community,metabolic_process,rumen microbiota composition,"{""id"": ""microbial community"", ""node_type"": ""metabolic_process"", ""description"": ""rumen microbiota composition""}"
R0075,Ascophyllum nodosum extract,Ascophyllum nodosum extract,outcome,auto-added from edge,"{""id"": ""Ascophyllum nodosum extract"", ""node_type"": ""outcome"", ""description"": ""auto-added from edge""}"
R0076,Padina gymnospora,Padina gymnospora,plant_species,"brown macroalga, biowaste used as feed additive","{""id"": ""Padina gymnospora"", ""node_type"": ""plant_species"", ""description"": ""brown macroalga, biowaste used as feed additive""}"
R0076,Methanobrevibacter,Methanobrevibacter,rumen_archaea,"dominant archaeal genus, target of modulation","{""id"": ""Methanobrevibacter"", ""node_type"": ""rumen_archaea"", ""description"": ""dominant archaeal genus, target of modulation""}"
R0076,Euryarchaeota,Euryarchaeota,rumen_archaea,dominant archaeal phylum,"{""id"": ""Euryarchaeota"", ""node_type"": ""rumen_archaea"", ""description"": ""dominant archaeal phylum""}"
R0076,Entodinomorphs,Entodinomorphs,rumen_protozoa,"ciliate protozoa, decreased in numbers","{""id"": ""Entodinomorphs"", ""node_type"": ""rumen_protozoa"", ""description"": ""ciliate protozoa, decreased in numbers""}"
R0076,Holotrichs,Holotrichs,rumen_protozoa,"ciliate protozoa, decreased in numbers","{""id"": ""Holotrichs"", ""node_type"": ""rumen_protozoa"", ""description"": ""ciliate protozoa, decreased in numbers""}"
R0076,methane yield,methane yield,outcome,in vitro methane yield,"{""id"": ""methane yield"", ""node_type"": ""outcome"", ""description"": ""in vitro methane yield""}"
R0076,dry matter digestibility,dry matter digestibility,outcome,DM digestibility decreased,"{""id"": ""dry matter digestibility"", ""node_type"": ""outcome"", ""description"": ""DM digestibility decreased""}"
R0076,organic matter digestibility,organic matter digestibility,outcome,OM digestibility decreased,"{""id"": ""organic matter digestibility"", ""node_type"": ""outcome"", ""description"": ""OM digestibility decreased""}"
R0077,Asparagopsis taxiformis,Asparagopsis taxiformis,plant_species,red macroalga,"{""id"": ""Asparagopsis taxiformis"", ""node_type"": ""plant_species"", ""description"": ""red macroalga""}"
R0077,Colpomenia peregrina,Colpomenia peregrina,plant_species,brown macroalga,"{""id"": ""Colpomenia peregrina"", ""node_type"": ""plant_species"", ""description"": ""brown macroalga""}"
R0077,Sargassum horneri,Sargassum horneri,plant_species,brown macroalga,"{""id"": ""Sargassum horneri"", ""node_type"": ""plant_species"", ""description"": ""brown macroalga""}"
R0077,Vertebrata lanosa,Vertebrata lanosa,plant_species,red macroalga,"{""id"": ""Vertebrata lanosa"", ""node_type"": ""plant_species"", ""description"": ""red macroalga""}"
R0077,Methanobacteriaceae,Methanobacteriaceae,rumen_archaea,methanogen family,"{""id"": ""Methanobacteriaceae"", ""node_type"": ""rumen_archaea"", ""description"": ""methanogen family""}"
R0077,Methanosphaera stadtmane,Methanosphaera stadtmane,rumen_archaea,methanogen species,"{""id"": ""Methanosphaera stadtmane"", ""node_type"": ""rumen_archaea"", ""description"": ""methanogen species""}"
R0077,Methanobrevibacter ruminantium,Methanobrevibacter ruminantium,rumen_archaea,methanogen species,"{""id"": ""Methanobrevibacter ruminantium"", ""node_type"": ""rumen_archaea"", ""description"": ""methanogen species""}"
R0077,Methanobrevibacter,Methanobrevibacter,rumen_archaea,methanogen genus,"{""id"": ""Methanobrevibacter"", ""node_type"": ""rumen_archaea"", ""description"": ""methanogen genus""}"
R0077,Prevotella,Prevotella,rumen_bacteria,bacterial genus,"{""id"": ""Prevotella"", ""node_type"": ""rumen_bacteria"", ""description"": ""bacterial genus""}"
R0077,Bacteroidales,Bacteroidales,rumen_bacteria,bacterial order,"{""id"": ""Bacteroidales"", ""node_type"": ""rumen_bacteria"", ""description"": ""bacterial order""}"
R0077,Firmicutes,Firmicutes,rumen_bacteria,bacterial phylum,"{""id"": ""Firmicutes"", ""node_type"": ""rumen_bacteria"", ""description"": ""bacterial phylum""}"
R0077,Clostridium,Clostridium,rumen_bacteria,bacterial genus,"{""id"": ""Clostridium"", ""node_type"": ""rumen_bacteria"", ""description"": ""bacterial genus""}"
R0077,Anaerovibrio,Anaerovibrio,rumen_bacteria,bacterial genus,"{""id"": ""Anaerovibrio"", ""node_type"": ""rumen_bacteria"", ""description"": ""bacterial genus""}"
R0077,methane yield,methane yield,outcome,enteric methane production,"{""id"": ""methane yield"", ""node_type"": ""outcome"", ""description"": ""enteric methane production""}"
R0077,total gas production,total gas production,outcome,gas volume,"{""id"": ""total gas production"", ""node_type"": ""outcome"", ""description"": ""gas volume""}"
R0077,total VFA,total VFA,outcome,volatile fatty acids,"{""id"": ""total VFA"", ""node_type"": ""outcome"", ""description"": ""volatile fatty acids""}"
R0077,acetate,acetate,metabolic_process,VFA molar proportion,"{""id"": ""acetate"", ""node_type"": ""metabolic_process"", ""description"": ""VFA molar proportion""}"
R0077,propionate production,propionate production,metabolic_process,VFA molar proportion,"{""id"": ""propionate production"", ""node_type"": ""metabolic_process"", ""description"": ""VFA molar proportion""}"
R0077,butyrate production,butyrate production,metabolic_process,VFA molar proportion,"{""id"": ""butyrate production"", ""node_type"": ""metabolic_process"", ""description"": ""VFA molar proportion""}"
R0077,valerate,valerate,outcome,VFA molar proportion,"{""id"": ""valerate"", ""node_type"": ""outcome"", ""description"": ""VFA molar proportion""}"
R0077,ammonia,ammonia,outcome,NH3 concentration,"{""id"": ""ammonia"", ""node_type"": ""outcome"", ""description"": ""NH3 concentration""}"
R0078,Asparagopsis taxiformis,Asparagopsis taxiformis,plant_species,red macroalga,"{""id"": ""Asparagopsis taxiformis"", ""node_type"": ""plant_species"", ""description"": ""red macroalga""}"
R0078,methane,methane,outcome,enteric methane production,"{""id"": ""methane"", ""node_type"": ""outcome"", ""description"": ""enteric methane production""}"
R0078,rumen microbiome,rumen microbiome,metabolic_process,rumen microbial community,"{""id"": ""rumen microbiome"", ""node_type"": ""metabolic_process"", ""description"": ""rumen microbial community""}"
R0078,methanogens,methanogens,rumen_archaea,methane-producing archaea,"{""id"": ""methanogens"", ""node_type"": ""rumen_archaea"", ""description"": ""methane-producing archaea""}"
R0079,Sargassum horneri,Sargassum horneri,plant_species,"brown macroalga, blanched to improve nutritional value","{""id"": ""Sargassum horneri"", ""node_type"": ""plant_species"", ""description"": ""brown macroalga, blanched to improve nutritional value""}"
R0079,methane yield,methane yield,outcome,greenhouse gas emission from rumen fermentation,"{""id"": ""methane yield"", ""node_type"": ""outcome"", ""description"": ""greenhouse gas emission from rumen fermentation""}"
R0080,Sargassum binderi,Sargassum binderi,plant_species,tropical brown seaweed,"{""id"": ""Sargassum binderi"", ""node_type"": ""plant_species"", ""description"": ""tropical brown seaweed""}"
R0080,Kappaphycus striatum,Kappaphycus striatum,plant_species,tropical green seaweed,"{""id"": ""Kappaphycus striatum"", ""node_type"": ""plant_species"", ""description"": ""tropical green seaweed""}"
R0080,VFA production,VFA production,metabolic_process,volatile fatty acid production,"{""id"": ""VFA production"", ""node_type"": ""metabolic_process"", ""description"": ""volatile fatty acid production""}"
R0080,ammonia concentration,ammonia concentration,metabolic_process,rumen ammonia concentration,"{""id"": ""ammonia concentration"", ""node_type"": ""metabolic_process"", ""description"": ""rumen ammonia concentration""}"
R0080,rumen pH,rumen pH,metabolic_process,rumen pH,"{""id"": ""rumen pH"", ""node_type"": ""metabolic_process"", ""description"": ""rumen pH""}"
R0081,Chlamydomonas reinhardtii,Chlamydomonas reinhardtii,plant_species,"green algae, used as extract with nanoparticles","{""id"": ""Chlamydomonas reinhardtii"", ""node_type"": ""plant_species"", ""description"": ""green algae, used as extract with nanoparticles""}"
R0081,MgO nanoparticle,MgO nanoparticle,feed_additive,magnesium oxide nanoparticle,"{""id"": ""MgO nanoparticle"", ""node_type"": ""feed_additive"", ""description"": ""magnesium oxide nanoparticle""}"
R0081,MgS nanoparticle,MgS nanoparticle,feed_additive,magnesium sulfide nanoparticle,"{""id"": ""MgS nanoparticle"", ""node_type"": ""feed_additive"", ""description"": ""magnesium sulfide nanoparticle""}"
R0081,in vitro gas production,in vitro gas production,outcome,net gas production,"{""id"": ""in vitro gas production"", ""node_type"": ""outcome"", ""description"": ""net gas production""}"
R0081,methane yield,methane yield,outcome,not directly measured,"{""id"": ""methane yield"", ""node_type"": ""outcome"", ""description"": ""not directly measured""}"
R0082,Gracilaria sp.,Gracilaria sp.,plant_species,"red macroalga, seaweed meal","{""id"": ""Gracilaria sp."", ""node_type"": ""plant_species"", ""description"": ""red macroalga, seaweed meal""}"
R0082,Uncaria gambir,Uncaria gambir,plant_species,gambir leaf extract,"{""id"": ""Uncaria gambir"", ""node_type"": ""plant_species"", ""description"": ""gambir leaf extract""}"
R0082,ciliate protozoa,ciliate protozoa,rumen_protozoa,rumen ciliate protozoa,"{""id"": ""ciliate protozoa"", ""node_type"": ""rumen_protozoa"", ""description"": ""rumen ciliate protozoa""}"
R0082,methane,methane,outcome,methane production,"{""id"": ""methane"", ""node_type"": ""outcome"", ""description"": ""methane production""}"
R0082,VFA,VFA,outcome,volatile fatty acids,"{""id"": ""VFA"", ""node_type"": ""outcome"", ""description"": ""volatile fatty acids""}"
R0082,dry matter digestibility,dry matter digestibility,outcome,dry matter digestibility,"{""id"": ""dry matter digestibility"", ""node_type"": ""outcome"", ""description"": ""dry matter digestibility""}"
R0082,organic matter digestibility,organic matter digestibility,outcome,organic matter digestibility,"{""id"": ""organic matter digestibility"", ""node_type"": ""outcome"", ""description"": ""organic matter digestibility""}"
R0083,Asparagopsis taxiformis,Asparagopsis taxiformis,plant_species,"red macroalga, bromoform source","{""id"": ""Asparagopsis taxiformis"", ""node_type"": ""plant_species"", ""description"": ""red macroalga, bromoform source""}"
R0083,garlic oil,garlic oil,feed_additive,essential oil from garlic,"{""id"": ""garlic oil"", ""node_type"": ""feed_additive"", ""description"": ""essential oil from garlic""}"
R0083,garlic powder,garlic powder,feed_additive,dried garlic,"{""id"": ""garlic powder"", ""node_type"": ""feed_additive"", ""description"": ""dried garlic""}"
R0083,allicin,allicin,feed_additive,bioactive compound from garlic,"{""id"": ""allicin"", ""node_type"": ""feed_additive"", ""description"": ""bioactive compound from garlic""}"
R0083,yucca schidigera plant extract,yucca schidigera plant extract,feed_additive,plant extract,"{""id"": ""yucca schidigera plant extract"", ""node_type"": ""feed_additive"", ""description"": ""plant extract""}"
R0083,essential oil blend,essential oil blend,feed_additive,blend of essential oils,"{""id"": ""essential oil blend"", ""node_type"": ""feed_additive"", ""description"": ""blend of essential oils""}"
R0083,calcareous marine algae rumen buffer,calcareous marine algae rumen buffer,feed_additive,marine algae buffer,"{""id"": ""calcareous marine algae rumen buffer"", ""node_type"": ""feed_additive"", ""description"": ""marine algae buffer""}"
R0083,calcareous marine algae rumen buffer with MgO,calcareous marine algae rumen buffer with MgO,feed_additive,fortified with magnesium oxide,"{""id"": ""calcareous marine algae rumen buffer with MgO"", ""node_type"": ""feed_additive"", ""description"": ""fortified with magnesium oxide""}"
R0083,methane,methane,outcome,enteric methane,"{""id"": ""methane"", ""node_type"": ""outcome"", ""description"": ""enteric methane""}"
R0083,total VFA,total VFA,outcome,total volatile fatty acids,"{""id"": ""total VFA"", ""node_type"": ""outcome"", ""description"": ""total volatile fatty acids""}"
R0083,total gas,total gas,outcome,total gas production,"{""id"": ""total gas"", ""node_type"": ""outcome"", ""description"": ""total gas production""}"
R0084,Asparagopsis taxiformis,Asparagopsis taxiformis,plant_species,"red macroalga, bromoform source","{""id"": ""Asparagopsis taxiformis"", ""node_type"": ""plant_species"", ""description"": ""red macroalga, bromoform source""}"
R0084,bromoform,bromoform,plant_metabolite,"halogenated compound, methane inhibitor","{""id"": ""bromoform"", ""node_type"": ""plant_metabolite"", ""description"": ""halogenated compound, methane inhibitor""}"
R0085,macroalgae (unspecified),macroalgae (unspecified),plant_species,unspecified macroalgae used for biorefinery,"{""id"": ""macroalgae (unspecified)"", ""node_type"": ""plant_species"", ""description"": ""unspecified macroalgae used for biorefinery""}"
R0085,methane yield,methane yield,outcome,methane production from anaerobic digestion,"{""id"": ""methane yield"", ""node_type"": ""outcome"", ""description"": ""methane production from anaerobic digestion""}"
R0085,volatile fatty acids,volatile fatty acids,outcome,VFA production from anaerobic digestion,"{""id"": ""volatile fatty acids"", ""node_type"": ""outcome"", ""description"": ""VFA production from anaerobic digestion""}"
R0086,Sargassum cristaefolium,Sargassum cristaefolium,plant_species,"brown macroalga, contains tannins, flavonoids, saponins","{""id"": ""Sargassum cristaefolium"", ""node_type"": ""plant_species"", ""description"": ""brown macroalga, contains tannins, flavonoids, saponins""}"
R0086,Sargassum crassifolium,Sargassum crassifolium,plant_species,"brown macroalga, contains tannins, flavonoids, saponins","{""id"": ""Sargassum crassifolium"", ""node_type"": ""plant_species"", ""description"": ""brown macroalga, contains tannins, flavonoids, saponins""}"
R0086,Enhalus acoroides,Enhalus acoroides,plant_species,"seagrass, contains tannins, flavonoids, saponins","{""id"": ""Enhalus acoroides"", ""node_type"": ""plant_species"", ""description"": ""seagrass, contains tannins, flavonoids, saponins""}"
R0086,methane yield,methane yield,outcome,enteric methane production in vitro,"{""id"": ""methane yield"", ""node_type"": ""outcome"", ""description"": ""enteric methane production in vitro""}"
R0086,dry matter degradation,dry matter degradation,outcome,DMD,"{""id"": ""dry matter degradation"", ""node_type"": ""outcome"", ""description"": ""DMD""}"
R0086,organic matter degradation,organic matter degradation,outcome,OMD,"{""id"": ""organic matter degradation"", ""node_type"": ""outcome"", ""description"": ""OMD""}"
R0086,ammonia nitrogen,ammonia nitrogen,outcome,NH3,"{""id"": ""ammonia nitrogen"", ""node_type"": ""outcome"", ""description"": ""NH3""}"
R0086,volatile fatty acids,volatile fatty acids,outcome,VFA,"{""id"": ""volatile fatty acids"", ""node_type"": ""outcome"", ""description"": ""VFA""}"
R0086,microbial protein synthesis,microbial protein synthesis,outcome,microbial protein,"{""id"": ""microbial protein synthesis"", ""node_type"": ""outcome"", ""description"": ""microbial protein""}"
R0087,Bonnemaisonia hamifera,Bonnemaisonia hamifera,plant_species,"red macroalga, harvested from west coast of Sweden","{""id"": ""Bonnemaisonia hamifera"", ""node_type"": ""plant_species"", ""description"": ""red macroalga, harvested from west coast of Sweden""}"
R0087,predicted in vivo CH4,predicted in vivo CH4,outcome,predicted methane production from in vitro data,"{""id"": ""predicted in vivo CH4"", ""node_type"": ""outcome"", ""description"": ""predicted methane production from in vitro data""}"
R0088,Asparagopsis taxiformis,Asparagopsis taxiformis,plant_species,"red macroalga, bromoform source","{""id"": ""Asparagopsis taxiformis"", ""node_type"": ""plant_species"", ""description"": ""red macroalga, bromoform source""}"
R0088,bromoform,bromoform,plant_metabolite,"CHBr3, bioactive compound","{""id"": ""bromoform"", ""node_type"": ""plant_metabolite"", ""description"": ""CHBr3, bioactive compound""}"
R0088,sunflower oil,sunflower oil,feed_additive,carrier oil for bromoform extraction,"{""id"": ""sunflower oil"", ""node_type"": ""feed_additive"", ""description"": ""carrier oil for bromoform extraction""}"
R0088,methane,methane,outcome,ruminal methane production,"{""id"": ""methane"", ""node_type"": ""outcome"", ""description"": ""ruminal methane production""}"
R0088,VFA,VFA,outcome,volatile fatty acids,"{""id"": ""VFA"", ""node_type"": ""outcome"", ""description"": ""volatile fatty acids""}"
R0088,biohydrogenation,biohydrogenation,metabolic_process,biohydrogenation of polyunsaturated fatty acids,"{""id"": ""biohydrogenation"", ""node_type"": ""metabolic_process"", ""description"": ""biohydrogenation of polyunsaturated fatty acids""}"
R0089,Saccharina latissima,Saccharina latissima,plant_species,brown seaweed,"{""id"": ""Saccharina latissima"", ""node_type"": ""plant_species"", ""description"": ""brown seaweed""}"
R0089,methane yield,methane yield,outcome,in vitro methane production,"{""id"": ""methane yield"", ""node_type"": ""outcome"", ""description"": ""in vitro methane production""}"
R0089,volatile fatty acids,volatile fatty acids,outcome,total VFA and profile,"{""id"": ""volatile fatty acids"", ""node_type"": ""outcome"", ""description"": ""total VFA and profile""}"
R0090,Thallus laminariae,Thallus laminariae,plant_species,kelp powder,"{""id"": ""Thallus laminariae"", ""node_type"": ""plant_species"", ""description"": ""kelp powder""}"
R0090,Firmicutes,Firmicutes,rumen_bacteria,phylum of bacteria,"{""id"": ""Firmicutes"", ""node_type"": ""rumen_bacteria"", ""description"": ""phylum of bacteria""}"
R0090,Proteobacteria,Proteobacteria,rumen_bacteria,phylum of bacteria,"{""id"": ""Proteobacteria"", ""node_type"": ""rumen_bacteria"", ""description"": ""phylum of bacteria""}"
R0090,Bacteroidetes,Bacteroidetes,rumen_bacteria,phylum of bacteria,"{""id"": ""Bacteroidetes"", ""node_type"": ""rumen_bacteria"", ""description"": ""phylum of bacteria""}"
R0090,total volatile fatty acids,total volatile fatty acids,outcome,TVFA,"{""id"": ""total volatile fatty acids"", ""node_type"": ""outcome"", ""description"": ""TVFA""}"
R0090,ammonia-N,ammonia-N,outcome,ammonia nitrogen,"{""id"": ""ammonia-N"", ""node_type"": ""outcome"", ""description"": ""ammonia nitrogen""}"
R0091,Halymenia sp.,Halymenia sp.,plant_species,red macroalga,"{""id"": ""Halymenia sp."", ""node_type"": ""plant_species"", ""description"": ""red macroalga""}"
R0091,Caulerpa racemosa,Caulerpa racemosa,plant_species,green macroalga,"{""id"": ""Caulerpa racemosa"", ""node_type"": ""plant_species"", ""description"": ""green macroalga""}"
R0091,Gracilaria coronopifolia,Gracilaria coronopifolia,plant_species,red macroalga,"{""id"": ""Gracilaria coronopifolia"", ""node_type"": ""plant_species"", ""description"": ""red macroalga""}"
R0091,Ulva lactuca,Ulva lactuca,plant_species,green macroalga,"{""id"": ""Ulva lactuca"", ""node_type"": ""plant_species"", ""description"": ""green macroalga""}"
R0091,methane yield,methane yield,outcome,in vitro methane yield,"{""id"": ""methane yield"", ""node_type"": ""outcome"", ""description"": ""in vitro methane yield""}"
R0092,Colaconema spp.,Colaconema spp.,plant_species,red macroalga from Baltic Sea region,"{""id"": ""Colaconema spp."", ""node_type"": ""plant_species"", ""description"": ""red macroalga from Baltic Sea region""}"
R0092,Ulva intestinalis,Ulva intestinalis,plant_species,green macroalga from Baltic Sea region,"{""id"": ""Ulva intestinalis"", ""node_type"": ""plant_species"", ""description"": ""green macroalga from Baltic Sea region""}"
R0092,Ceramium spp.,Ceramium spp.,plant_species,red macroalga from Baltic Sea region,"{""id"": ""Ceramium spp."", ""node_type"": ""plant_species"", ""description"": ""red macroalga from Baltic Sea region""}"
R0092,Pylaiella litoralis,Pylaiella litoralis,plant_species,brown macroalga from Baltic Sea region,"{""id"": ""Pylaiella litoralis"", ""node_type"": ""plant_species"", ""description"": ""brown macroalga from Baltic Sea region""}"
R0092,Haematococcus pluvialis,Haematococcus pluvialis,plant_species,microalga from Baltic Sea region,"{""id"": ""Haematococcus pluvialis"", ""node_type"": ""plant_species"", ""description"": ""microalga from Baltic Sea region""}"
R0092,Porphyridium purpureum,Porphyridium purpureum,plant_species,microalga from Baltic Sea region,"{""id"": ""Porphyridium purpureum"", ""node_type"": ""plant_species"", ""description"": ""microalga from Baltic Sea region""}"
R0092,methane yield,methane yield,outcome,methane production in vitro,"{""id"": ""methane yield"", ""node_type"": ""outcome"", ""description"": ""methane production in vitro""}"
R0092,propionate concentration,propionate concentration,outcome,propionate concentration in SCFA profile,"{""id"": ""propionate concentration"", ""node_type"": ""outcome"", ""description"": ""propionate concentration in SCFA profile""}"
R0093,Asparagopsis taxiformis,Asparagopsis taxiformis,plant_species,"red macroalga, bromoform source","{""id"": ""Asparagopsis taxiformis"", ""node_type"": ""plant_species"", ""description"": ""red macroalga, bromoform source""}"
R0093,Asparagopsis armata,Asparagopsis armata,plant_species,"red macroalga, bromoform source","{""id"": ""Asparagopsis armata"", ""node_type"": ""plant_species"", ""description"": ""red macroalga, bromoform source""}"
R0093,bromoform,bromoform,plant_metabolite,major active ingredient for inhibition of methanogenesis,"{""id"": ""bromoform"", ""node_type"": ""plant_metabolite"", ""description"": ""major active ingredient for inhibition of methanogenesis""}"
R0093,methane,methane,outcome,greenhouse gas produced by ruminants,"{""id"": ""methane"", ""node_type"": ""outcome"", ""description"": ""greenhouse gas produced by ruminants""}"
R0094,Asparagopsis taxiformis,Asparagopsis taxiformis,plant_species,"red macroalga, source of halogenated compounds and phlorotannins","{""id"": ""Asparagopsis taxiformis"", ""node_type"": ""plant_species"", ""description"": ""red macroalga, source of halogenated compounds and phlorotannins""}"
R0094,Asparagopsis armata,Asparagopsis armata,plant_species,"red macroalga, source of halogenated compounds and phlorotannins","{""id"": ""Asparagopsis armata"", ""node_type"": ""plant_species"", ""description"": ""red macroalga, source of halogenated compounds and phlorotannins""}"
R0094,enteric methane emission,enteric methane emission,outcome,methane produced by ruminants,"{""id"": ""enteric methane emission"", ""node_type"": ""outcome"", ""description"": ""methane produced by ruminants""}"
R0095,Sargassum mcclurei,Sargassum mcclurei,plant_species,brown macroalga,"{""id"": ""Sargassum mcclurei"", ""node_type"": ""plant_species"", ""description"": ""brown macroalga""}"
R0095,Methanomicrobium,Methanomicrobium,rumen_archaea,"methanogen, reduced in abundance","{""id"": ""Methanomicrobium"", ""node_type"": ""rumen_archaea"", ""description"": ""methanogen, reduced in abundance""}"
R0095,Lachnospiraceae_NK3A20_group,Lachnospiraceae_NK3A20_group,rumen_bacteria,decreased in abundance,"{""id"": ""Lachnospiraceae_NK3A20_group"", ""node_type"": ""rumen_bacteria"", ""description"": ""decreased in abundance""}"
R0095,Ruminococcus,Ruminococcus,rumen_bacteria,decreased in abundance,"{""id"": ""Ruminococcus"", ""node_type"": ""rumen_bacteria"", ""description"": ""decreased in abundance""}"
R0095,Selenomonas,Selenomonas,rumen_bacteria,increased in abundance,"{""id"": ""Selenomonas"", ""node_type"": ""rumen_bacteria"", ""description"": ""increased in abundance""}"
R0095,Succinivibrio,Succinivibrio,rumen_bacteria,increased in abundance,"{""id"": ""Succinivibrio"", ""node_type"": ""rumen_bacteria"", ""description"": ""increased in abundance""}"
R0095,Saccharofermentans,Saccharofermentans,rumen_bacteria,increased in abundance,"{""id"": ""Saccharofermentans"", ""node_type"": ""rumen_bacteria"", ""description"": ""increased in abundance""}"
R0095,methane yield,methane yield,outcome,CH4 emissions,"{""id"": ""methane yield"", ""node_type"": ""outcome"", ""description"": ""CH4 emissions""}"
R0095,propionate production,propionate production,metabolic_process,promoted,"{""id"": ""propionate production"", ""node_type"": ""metabolic_process"", ""description"": ""promoted""}"
R0096,Sargassum sp.,Sargassum sp.,plant_species,brown macroalga,"{""id"": ""Sargassum sp."", ""node_type"": ""plant_species"", ""description"": ""brown macroalga""}"
R0096,Padina sp.,Padina sp.,plant_species,brown macroalga,"{""id"": ""Padina sp."", ""node_type"": ""plant_species"", ""description"": ""brown macroalga""}"
R0096,Turbinaria ornata,Turbinaria ornata,plant_species,brown macroalga,"{""id"": ""Turbinaria ornata"", ""node_type"": ""plant_species"", ""description"": ""brown macroalga""}"
R0096,Boergesenia forbesii,Boergesenia forbesii,plant_species,green macroalga,"{""id"": ""Boergesenia forbesii"", ""node_type"": ""plant_species"", ""description"": ""green macroalga""}"
R0096,Caulerpa racemosa,Caulerpa racemosa,plant_species,green macroalga,"{""id"": ""Caulerpa racemosa"", ""node_type"": ""plant_species"", ""description"": ""green macroalga""}"
R0096,Ulva lactuca,Ulva lactuca,plant_species,green macroalga,"{""id"": ""Ulva lactuca"", ""node_type"": ""plant_species"", ""description"": ""green macroalga""}"
R0096,Palmaria palmata,Palmaria palmata,plant_species,red macroalga,"{""id"": ""Palmaria palmata"", ""node_type"": ""plant_species"", ""description"": ""red macroalga""}"
R0096,Gelidium sp.,Gelidium sp.,plant_species,red macroalga,"{""id"": ""Gelidium sp."", ""node_type"": ""plant_species"", ""description"": ""red macroalga""}"
R0096,Halymenia durvillei,Halymenia durvillei,plant_species,red macroalga,"{""id"": ""Halymenia durvillei"", ""node_type"": ""plant_species"", ""description"": ""red macroalga""}"
R0096,Gracilaria verrucosa,Gracilaria verrucosa,plant_species,red macroalga,"{""id"": ""Gracilaria verrucosa"", ""node_type"": ""plant_species"", ""description"": ""red macroalga""}"
R0096,Eucheuma cottonii,Eucheuma cottonii,plant_species,red macroalga,"{""id"": ""Eucheuma cottonii"", ""node_type"": ""plant_species"", ""description"": ""red macroalga""}"
R0096,Gracilaria gigas,Gracilaria gigas,plant_species,red macroalga,"{""id"": ""Gracilaria gigas"", ""node_type"": ""plant_species"", ""description"": ""red macroalga""}"
R0096,Eucheuma spinosum,Eucheuma spinosum,plant_species,red macroalga,"{""id"": ""Eucheuma spinosum"", ""node_type"": ""plant_species"", ""description"": ""red macroalga""}"
R0096,Gracilaria coronopifolia,Gracilaria coronopifolia,plant_species,red macroalga,"{""id"": ""Gracilaria coronopifolia"", ""node_type"": ""plant_species"", ""description"": ""red macroalga""}"
R0096,methane yield,methane yield,outcome,enteric methane production,"{""id"": ""methane yield"", ""node_type"": ""outcome"", ""description"": ""enteric methane production""}"
R0096,total VFA,total VFA,outcome,total volatile fatty acids,"{""id"": ""total VFA"", ""node_type"": ""outcome"", ""description"": ""total volatile fatty acids""}"
R0096,propionate production,propionate production,metabolic_process,propionate concentration,"{""id"": ""propionate production"", ""node_type"": ""metabolic_process"", ""description"": ""propionate concentration""}"
R0096,acetate:propionate ratio,acetate:propionate ratio,outcome,acetate to propionate ratio,"{""id"": ""acetate:propionate ratio"", ""node_type"": ""outcome"", ""description"": ""acetate to propionate ratio""}"
R0096,IVDMD,IVDMD,outcome,in vitro dry matter digestibility,"{""id"": ""IVDMD"", ""node_type"": ""outcome"", ""description"": ""in vitro dry matter digestibility""}"
R0096,IVOMD,IVOMD,outcome,in vitro organic matter digestibility,"{""id"": ""IVOMD"", ""node_type"": ""outcome"", ""description"": ""in vitro organic matter digestibility""}"
R0097,Palisada perforate (Bory) K.W.Nam,Palisada perforate (Bory) K.W.Nam,plant_species,red macroalgae,"{""id"": ""Palisada perforate (Bory) K.W.Nam"", ""node_type"": ""plant_species"", ""description"": ""red macroalgae""}"
R0097,methane yield,methane yield,outcome,calculated methane production,"{""id"": ""methane yield"", ""node_type"": ""outcome"", ""description"": ""calculated methane production""}"
R0097,total VFA,total VFA,outcome,total volatile fatty acids,"{""id"": ""total VFA"", ""node_type"": ""outcome"", ""description"": ""total volatile fatty acids""}"
R0097,propionate production,propionate production,metabolic_process,propionate proportion,"{""id"": ""propionate production"", ""node_type"": ""metabolic_process"", ""description"": ""propionate proportion""}"
R0097,acetate,acetate,metabolic_process,acetate proportion,"{""id"": ""acetate"", ""node_type"": ""metabolic_process"", ""description"": ""acetate proportion""}"
R0097,acetate:propionate ratio,acetate:propionate ratio,outcome,acetate to propionate ratio,"{""id"": ""acetate:propionate ratio"", ""node_type"": ""outcome"", ""description"": ""acetate to propionate ratio""}"
R0097,NH3,NH3,outcome,ammonia concentration,"{""id"": ""NH3"", ""node_type"": ""outcome"", ""description"": ""ammonia concentration""}"
R0098,Asparagopsis spp.,Asparagopsis spp.,plant_species,"red macroalga, rich in halogenated compounds and bromoform","{""id"": ""Asparagopsis spp."", ""node_type"": ""plant_species"", ""description"": ""red macroalga, rich in halogenated compounds and bromoform""}"
R0098,brown seaweeds,brown seaweeds,plant_species,"contain phlorotannins, potential anti-methanogenic effects","{""id"": ""brown seaweeds"", ""node_type"": ""plant_species"", ""description"": ""contain phlorotannins, potential anti-methanogenic effects""}"
R0098,red seaweeds,red seaweeds,plant_species,rich in crude protein and halogenated compounds,"{""id"": ""red seaweeds"", ""node_type"": ""plant_species"", ""description"": ""rich in crude protein and halogenated compounds""}"
R0098,green seaweeds,green seaweeds,plant_species,mentioned as type of seaweed,"{""id"": ""green seaweeds"", ""node_type"": ""plant_species"", ""description"": ""mentioned as type of seaweed""}"
R0098,bromoform,bromoform,plant_metabolite,"halogenated compound, indicator of anti-methanogenic properties","{""id"": ""bromoform"", ""node_type"": ""plant_metabolite"", ""description"": ""halogenated compound, indicator of anti-methanogenic properties""}"
R0098,phlorotannins,phlorotannins,plant_metabolite,"secondary compound in brown seaweeds, potential to decrease CH4","{""id"": ""phlorotannins"", ""node_type"": ""plant_metabolite"", ""description"": ""secondary compound in brown seaweeds, potential to decrease CH4""}"
R0098,enteric methane,enteric methane,outcome,greenhouse gas emitted by ruminants,"{""id"": ""enteric methane"", ""node_type"": ""outcome"", ""description"": ""greenhouse gas emitted by ruminants""}"
R0099,Red seaweeds,Red seaweeds,plant_species,"red macroalgae, source of bromoform","{""id"": ""Red seaweeds"", ""node_type"": ""plant_species"", ""description"": ""red macroalgae, source of bromoform""}"
R0099,Brown seaweeds,Brown seaweeds,plant_species,brown macroalgae,"{""id"": ""Brown seaweeds"", ""node_type"": ""plant_species"", ""description"": ""brown macroalgae""}"
R0099,Green seaweeds,Green seaweeds,plant_species,green macroalgae,"{""id"": ""Green seaweeds"", ""node_type"": ""plant_species"", ""description"": ""green macroalgae""}"
R0099,bromoform,bromoform,plant_metabolite,active compound responsible for methane reduction,"{""id"": ""bromoform"", ""node_type"": ""plant_metabolite"", ""description"": ""active compound responsible for methane reduction""}"
R0099,methane yield,methane yield,outcome,auto-added from edge,"{""id"": ""methane yield"", ""node_type"": ""outcome"", ""description"": ""auto-added from edge""}"
R0100,Asparagopsis taxiformis,Asparagopsis taxiformis,plant_species,"red macroalga, bromoform source","{""id"": ""Asparagopsis taxiformis"", ""node_type"": ""plant_species"", ""description"": ""red macroalga, bromoform source""}"
R0100,Methanobrevibacter,Methanobrevibacter,rumen_archaea,"methanogenic archaea, decreased relative abundance","{""id"": ""Methanobrevibacter"", ""node_type"": ""rumen_archaea"", ""description"": ""methanogenic archaea, decreased relative abundance""}"
R0100,Methanomethylophilaceae,Methanomethylophilaceae,rumen_archaea,"methanogenic archaea, increased relative abundance","{""id"": ""Methanomethylophilaceae"", ""node_type"": ""rumen_archaea"", ""description"": ""methanogenic archaea, increased relative abundance""}"
R0100,Prevotella,Prevotella,rumen_bacteria,"bacterial genus, decreased relative abundance","{""id"": ""Prevotella"", ""node_type"": ""rumen_bacteria"", ""description"": ""bacterial genus, decreased relative abundance""}"
R0100,methane yield,methane yield,outcome,CH4 per unit feed intake,"{""id"": ""methane yield"", ""node_type"": ""outcome"", ""description"": ""CH4 per unit feed intake""}"
R0100,methane intensity,methane intensity,outcome,CH4 per unit milk yield,"{""id"": ""methane intensity"", ""node_type"": ""outcome"", ""description"": ""CH4 per unit milk yield""}"
R0100,hydrogen gas,hydrogen gas,outcome,"H2 emitted, increased >5 times","{""id"": ""hydrogen gas"", ""node_type"": ""outcome"", ""description"": ""H2 emitted, increased >5 times""}"
R0100,propionate production,propionate production,metabolic_process,"VFA, increased","{""id"": ""propionate production"", ""node_type"": ""metabolic_process"", ""description"": ""VFA, increased""}"
R0100,acetate,acetate,metabolic_process,"VFA, decreased","{""id"": ""acetate"", ""node_type"": ""metabolic_process"", ""description"": ""VFA, decreased""}"
R0100,butyrate production,butyrate production,metabolic_process,"VFA, decreased","{""id"": ""butyrate production"", ""node_type"": ""metabolic_process"", ""description"": ""VFA, decreased""}"
R0101,Asparagopsis taxiformis,Asparagopsis taxiformis,plant_species,"red macroalga, bromoform source","{""id"": ""Asparagopsis taxiformis"", ""node_type"": ""plant_species"", ""description"": ""red macroalga, bromoform source""}"
R0101,methane,methane,outcome,enteric methane production,"{""id"": ""methane"", ""node_type"": ""outcome"", ""description"": ""enteric methane production""}"
R0102,Asparagopsis armata,Asparagopsis armata,plant_species,"red macroalga, bromoform source","{""id"": ""Asparagopsis armata"", ""node_type"": ""plant_species"", ""description"": ""red macroalga, bromoform source""}"
R0102,methane yield,methane yield,outcome,enteric methane emission,"{""id"": ""methane yield"", ""node_type"": ""outcome"", ""description"": ""enteric methane emission""}"
R0102,methane intensity,methane intensity,outcome,methane per milk yield,"{""id"": ""methane intensity"", ""node_type"": ""outcome"", ""description"": ""methane per milk yield""}"
R0103,Asparagopsis taxiformis,Asparagopsis taxiformis,plant_species,"red macroalga, bromoform source","{""id"": ""Asparagopsis taxiformis"", ""node_type"": ""plant_species"", ""description"": ""red macroalga, bromoform source""}"
R0103,methane yield,methane yield,outcome,auto-added from edge,"{""id"": ""methane yield"", ""node_type"": ""outcome"", ""description"": ""auto-added from edge""}"
R0104,Asparagopsis taxiformis,Asparagopsis taxiformis,plant_species,"red macroalga, bromoform source","{""id"": ""Asparagopsis taxiformis"", ""node_type"": ""plant_species"", ""description"": ""red macroalga, bromoform source""}"
R0104,bromoform,bromoform,plant_metabolite,bioactive compound in Asparagopsis taxiformis,"{""id"": ""bromoform"", ""node_type"": ""plant_metabolite"", ""description"": ""bioactive compound in Asparagopsis taxiformis""}"
R0104,methane yield,methane yield,outcome,enteric methane from grazing cattle,"{""id"": ""methane yield"", ""node_type"": ""outcome"", ""description"": ""enteric methane from grazing cattle""}"
R0105,Bonnemaisonia hamifera,Bonnemaisonia hamifera,plant_species,New Zealand red seaweed,"{""id"": ""Bonnemaisonia hamifera"", ""node_type"": ""plant_species"", ""description"": ""New Zealand red seaweed""}"
R0105,Euptilota formisissima,Euptilota formisissima,plant_species,New Zealand red seaweed,"{""id"": ""Euptilota formisissima"", ""node_type"": ""plant_species"", ""description"": ""New Zealand red seaweed""}"
R0105,Plocamium cirrhosum,Plocamium cirrhosum,plant_species,New Zealand red seaweed,"{""id"": ""Plocamium cirrhosum"", ""node_type"": ""plant_species"", ""description"": ""New Zealand red seaweed""}"
R0105,Vidalia colensoi,Vidalia colensoi,plant_species,New Zealand red seaweed,"{""id"": ""Vidalia colensoi"", ""node_type"": ""plant_species"", ""description"": ""New Zealand red seaweed""}"
R0105,Ecklonia radiata,Ecklonia radiata,plant_species,brown seaweed aquaculture target,"{""id"": ""Ecklonia radiata"", ""node_type"": ""plant_species"", ""description"": ""brown seaweed aquaculture target""}"
R0105,Ulva sp. B,Ulva sp. B,plant_species,green seaweed aquaculture target,"{""id"": ""Ulva sp. B"", ""node_type"": ""plant_species"", ""description"": ""green seaweed aquaculture target""}"
R0105,methane,methane,outcome,enteric methane production,"{""id"": ""methane"", ""node_type"": ""outcome"", ""description"": ""enteric methane production""}"
R0105,hydrogen,hydrogen,outcome,hydrogen production,"{""id"": ""hydrogen"", ""node_type"": ""outcome"", ""description"": ""hydrogen production""}"
R0106,Laminaria digitata,Laminaria digitata,plant_species,"brown macroalga, source of phlorotannins","{""id"": ""Laminaria digitata"", ""node_type"": ""plant_species"", ""description"": ""brown macroalga, source of phlorotannins""}"
R0106,phlorotannins,phlorotannins,plant_metabolite,marine tannins with protein binding properties,"{""id"": ""phlorotannins"", ""node_type"": ""plant_metabolite"", ""description"": ""marine tannins with protein binding properties""}"
R0106,methane yield,methane yield,outcome,CH4 production per g OM,"{""id"": ""methane yield"", ""node_type"": ""outcome"", ""description"": ""CH4 production per g OM""}"
R0106,protein degradation,protein degradation,metabolic_process,ruminal protein hydrolysis,"{""id"": ""protein degradation"", ""node_type"": ""metabolic_process"", ""description"": ""ruminal protein hydrolysis""}"
R0107,Ecklonia stolonifera,Ecklonia stolonifera,plant_species,brown alga,"{""id"": ""Ecklonia stolonifera"", ""node_type"": ""plant_species"", ""description"": ""brown alga""}"
R0107,Eisenia bicyclis,Eisenia bicyclis,plant_species,brown alga,"{""id"": ""Eisenia bicyclis"", ""node_type"": ""plant_species"", ""description"": ""brown alga""}"
R0107,Sargassum fulvellum,Sargassum fulvellum,plant_species,brown alga,"{""id"": ""Sargassum fulvellum"", ""node_type"": ""plant_species"", ""description"": ""brown alga""}"
R0107,Undaria pinnatifida,Undaria pinnatifida,plant_species,brown alga,"{""id"": ""Undaria pinnatifida"", ""node_type"": ""plant_species"", ""description"": ""brown alga""}"
R0107,Sargassum fusiforme,Sargassum fusiforme,plant_species,brown alga,"{""id"": ""Sargassum fusiforme"", ""node_type"": ""plant_species"", ""description"": ""brown alga""}"
R0107,methane yield,methane yield,outcome,methane yield,"{""id"": ""methane yield"", ""node_type"": ""outcome"", ""description"": ""methane yield""}"
R0107,Ruminococcus albus,Ruminococcus albus,rumen_bacteria,cellulolytic bacterium,"{""id"": ""Ruminococcus albus"", ""node_type"": ""rumen_bacteria"", ""description"": ""cellulolytic bacterium""}"
R0107,Fibrobacter succinogenes,Fibrobacter succinogenes,rumen_bacteria,cellulolytic bacterium,"{""id"": ""Fibrobacter succinogenes"", ""node_type"": ""rumen_bacteria"", ""description"": ""cellulolytic bacterium""}"
R0107,Ruminococcus flavefaciens,Ruminococcus flavefaciens,rumen_bacteria,cellulolytic bacterium,"{""id"": ""Ruminococcus flavefaciens"", ""node_type"": ""rumen_bacteria"", ""description"": ""cellulolytic bacterium""}"
R0107,methanogenic archaea,methanogenic archaea,rumen_archaea,methanogens,"{""id"": ""methanogenic archaea"", ""node_type"": ""rumen_archaea"", ""description"": ""methanogens""}"
R0107,ciliate-associated methanogens,ciliate-associated methanogens,rumen_archaea,methanogens associated with ciliates,"{""id"": ""ciliate-associated methanogens"", ""node_type"": ""rumen_archaea"", ""description"": ""methanogens associated with ciliates""}"
R0108,Halidrys siliquosa,Halidrys siliquosa,plant_species,"brown seaweed, phylum Phaeophyta","{""id"": ""Halidrys siliquosa"", ""node_type"": ""plant_species"", ""description"": ""brown seaweed, phylum Phaeophyta""}"
R0108,Ascophyllum nodosum,Ascophyllum nodosum,plant_species,"brown seaweed, phylum Phaeophyta","{""id"": ""Ascophyllum nodosum"", ""node_type"": ""plant_species"", ""description"": ""brown seaweed, phylum Phaeophyta""}"
R0108,Chaetomorpha filum,Chaetomorpha filum,plant_species,green seaweed,"{""id"": ""Chaetomorpha filum"", ""node_type"": ""plant_species"", ""description"": ""green seaweed""}"
R0108,Laminaria digitata,Laminaria digitata,plant_species,brown seaweed,"{""id"": ""Laminaria digitata"", ""node_type"": ""plant_species"", ""description"": ""brown seaweed""}"
R0108,Dumontia carnosa,Dumontia carnosa,plant_species,"red seaweed, phylum Rhodophyta","{""id"": ""Dumontia carnosa"", ""node_type"": ""plant_species"", ""description"": ""red seaweed, phylum Rhodophyta""}"
R0108,Ceramium tenuicorne,Ceramium tenuicorne,plant_species,"red seaweed, phylum Rhodophyta","{""id"": ""Ceramium tenuicorne"", ""node_type"": ""plant_species"", ""description"": ""red seaweed, phylum Rhodophyta""}"
R0108,Ulva lactuca,Ulva lactuca,plant_species,"green seaweed, phylum Chlorophyta","{""id"": ""Ulva lactuca"", ""node_type"": ""plant_species"", ""description"": ""green seaweed, phylum Chlorophyta""}"
R0108,Asparagopsis taxiformis,Asparagopsis taxiformis,plant_species,"red macroalga, positive control","{""id"": ""Asparagopsis taxiformis"", ""node_type"": ""plant_species"", ""description"": ""red macroalga, positive control""}"
R0108,phlorotannins,phlorotannins,plant_metabolite,bioactive compound with antioxidant activity,"{""id"": ""phlorotannins"", ""node_type"": ""plant_metabolite"", ""description"": ""bioactive compound with antioxidant activity""}"
R0108,methane yield,methane yield,outcome,in vitro methane production,"{""id"": ""methane yield"", ""node_type"": ""outcome"", ""description"": ""in vitro methane production""}"
R0109,Asparagopsis taxiformis,Asparagopsis taxiformis,plant_species,"red macroalga, bromoform source","{""id"": ""Asparagopsis taxiformis"", ""node_type"": ""plant_species"", ""description"": ""red macroalga, bromoform source""}"
R0109,bromoform,bromoform,plant_metabolite,anti-methanogenic compound,"{""id"": ""bromoform"", ""node_type"": ""plant_metabolite"", ""description"": ""anti-methanogenic compound""}"
R0109,methanogens,methanogens,rumen_archaea,methane-producing archaea,"{""id"": ""methanogens"", ""node_type"": ""rumen_archaea"", ""description"": ""methane-producing archaea""}"
R0109,methane,methane,outcome,methane production,"{""id"": ""methane"", ""node_type"": ""outcome"", ""description"": ""methane production""}"
R0110,Saccharina latissima,Saccharina latissima,plant_species,brown seaweed,"{""id"": ""Saccharina latissima"", ""node_type"": ""plant_species"", ""description"": ""brown seaweed""}"
R0110,Alaria esculenta,Alaria esculenta,plant_species,brown seaweed,"{""id"": ""Alaria esculenta"", ""node_type"": ""plant_species"", ""description"": ""brown seaweed""}"
R0110,Palmaria palmata,Palmaria palmata,plant_species,red seaweed,"{""id"": ""Palmaria palmata"", ""node_type"": ""plant_species"", ""description"": ""red seaweed""}"
R0110,methane yield,methane yield,outcome,CH4 production per g organic matter,"{""id"": ""methane yield"", ""node_type"": ""outcome"", ""description"": ""CH4 production per g organic matter""}"
R0110,total volatile fatty acids,total volatile fatty acids,outcome,VFA concentration,"{""id"": ""total volatile fatty acids"", ""node_type"": ""outcome"", ""description"": ""VFA concentration""}"
R0110,true organic matter digestibility,true organic matter digestibility,outcome,OMD,"{""id"": ""true organic matter digestibility"", ""node_type"": ""outcome"", ""description"": ""OMD""}"
R0111,Ecklonia radiata,Ecklonia radiata,plant_species,brown seaweed,"{""id"": ""Ecklonia radiata"", ""node_type"": ""plant_species"", ""description"": ""brown seaweed""}"
R0111,Schinopsis quebracho-colorado,Schinopsis quebracho-colorado,plant_species,"quebracho tree, source of condensed tannins","{""id"": ""Schinopsis quebracho-colorado"", ""node_type"": ""plant_species"", ""description"": ""quebracho tree, source of condensed tannins""}"
R0111,ammonia,ammonia,outcome,ruminal NH3 concentration,"{""id"": ""ammonia"", ""node_type"": ""outcome"", ""description"": ""ruminal NH3 concentration""}"
R0111,total VFA,total VFA,outcome,total volatile fatty acids,"{""id"": ""total VFA"", ""node_type"": ""outcome"", ""description"": ""total volatile fatty acids""}"
R0112,Ascophyllum nodosum,Ascophyllum nodosum,plant_species,brown seaweed,"{""id"": ""Ascophyllum nodosum"", ""node_type"": ""plant_species"", ""description"": ""brown seaweed""}"
R0112,E. coli,E. coli,rumen_bacteria,enteric bacterium,"{""id"": ""E. coli"", ""node_type"": ""rumen_bacteria"", ""description"": ""enteric bacterium""}"
R0113,Asparagopsis taxiformis,Asparagopsis taxiformis,plant_species,"red macroalga, anti-greenhouse seaweed","{""id"": ""Asparagopsis taxiformis"", ""node_type"": ""plant_species"", ""description"": ""red macroalga, anti-greenhouse seaweed""}"
R0114,Ulva fasciata,Ulva fasciata,plant_species,marine macroalga,"{""id"": ""Ulva fasciata"", ""node_type"": ""plant_species"", ""description"": ""marine macroalga""}"
R0115,Asparagopsis taxiformis,Asparagopsis taxiformis,plant_species,"red macroalga, bromoform source","{""id"": ""Asparagopsis taxiformis"", ""node_type"": ""plant_species"", ""description"": ""red macroalga, bromoform source""}"
R0115,methane yield,methane yield,outcome,enteric methane production,"{""id"": ""methane yield"", ""node_type"": ""outcome"", ""description"": ""enteric methane production""}"
R0115,total VFA,total VFA,outcome,total volatile fatty acids,"{""id"": ""total VFA"", ""node_type"": ""outcome"", ""description"": ""total volatile fatty acids""}"
R0115,acetate,acetate,metabolic_process,acetate concentration,"{""id"": ""acetate"", ""node_type"": ""metabolic_process"", ""description"": ""acetate concentration""}"
R0115,propionate production,propionate production,metabolic_process,propionate concentration,"{""id"": ""propionate production"", ""node_type"": ""metabolic_process"", ""description"": ""propionate concentration""}"
R0116,Asparagopsis taxiformis,Asparagopsis taxiformis,plant_species,"red macroalga, bromoform source","{""id"": ""Asparagopsis taxiformis"", ""node_type"": ""plant_species"", ""description"": ""red macroalga, bromoform source""}"
R0116,bromoform,bromoform,plant_metabolite,"volatile halogenated compound, primary bioactive","{""id"": ""bromoform"", ""node_type"": ""plant_metabolite"", ""description"": ""volatile halogenated compound, primary bioactive""}"
R0116,enteric methane,enteric methane,outcome,methane emission from ruminants,"{""id"": ""enteric methane"", ""node_type"": ""outcome"", ""description"": ""methane emission from ruminants""}"
R0117,Alaria esculenta,Alaria esculenta,plant_species,brown seaweed,"{""id"": ""Alaria esculenta"", ""node_type"": ""plant_species"", ""description"": ""brown seaweed""}"
R0117,Laminaria digitata,Laminaria digitata,plant_species,brown seaweed,"{""id"": ""Laminaria digitata"", ""node_type"": ""plant_species"", ""description"": ""brown seaweed""}"
R0117,Pelvetia canaliculata,Pelvetia canaliculata,plant_species,brown seaweed,"{""id"": ""Pelvetia canaliculata"", ""node_type"": ""plant_species"", ""description"": ""brown seaweed""}"
R0117,Saccharina latissima,Saccharina latissima,plant_species,brown seaweed,"{""id"": ""Saccharina latissima"", ""node_type"": ""plant_species"", ""description"": ""brown seaweed""}"
R0117,Mastocarpus stellatus,Mastocarpus stellatus,plant_species,red seaweed,"{""id"": ""Mastocarpus stellatus"", ""node_type"": ""plant_species"", ""description"": ""red seaweed""}"
R0117,Palmaria palmata,Palmaria palmata,plant_species,red seaweed,"{""id"": ""Palmaria palmata"", ""node_type"": ""plant_species"", ""description"": ""red seaweed""}"
R0117,Porphyra sp.,Porphyra sp.,plant_species,red seaweed,"{""id"": ""Porphyra sp."", ""node_type"": ""plant_species"", ""description"": ""red seaweed""}"
R0117,Cladophora rupestris,Cladophora rupestris,plant_species,green seaweed,"{""id"": ""Cladophora rupestris"", ""node_type"": ""plant_species"", ""description"": ""green seaweed""}"
R0117,ruminal fermentation,ruminal fermentation,metabolic_process,in vitro rumen fermentation,"{""id"": ""ruminal fermentation"", ""node_type"": ""metabolic_process"", ""description"": ""in vitro rumen fermentation""}"
R0118,Asparagopsis taxiformis,Asparagopsis taxiformis,plant_species,"red macroalga, bromoform source","{""id"": ""Asparagopsis taxiformis"", ""node_type"": ""plant_species"", ""description"": ""red macroalga, bromoform source""}"
R0118,methane yield,methane yield,outcome,enteric methane production,"{""id"": ""methane yield"", ""node_type"": ""outcome"", ""description"": ""enteric methane production""}"
R0118,weight gain,weight gain,outcome,livestock production performance,"{""id"": ""weight gain"", ""node_type"": ""outcome"", ""description"": ""livestock production performance""}"
R0119,Asparagopsis taxiformis,Asparagopsis taxiformis,plant_species,"red macroalga, bromoform source","{""id"": ""Asparagopsis taxiformis"", ""node_type"": ""plant_species"", ""description"": ""red macroalga, bromoform source""}"
R0119,bromoform,bromoform,plant_metabolite,"halogenated compound, antimethanogenic","{""id"": ""bromoform"", ""node_type"": ""plant_metabolite"", ""description"": ""halogenated compound, antimethanogenic""}"
R0119,methane yield,methane yield,outcome,in vitro methane production,"{""id"": ""methane yield"", ""node_type"": ""outcome"", ""description"": ""in vitro methane production""}"
R0120,Asparagopsis taxiformis,Asparagopsis taxiformis,plant_species,"red macroalga, bromoform source","{""id"": ""Asparagopsis taxiformis"", ""node_type"": ""plant_species"", ""description"": ""red macroalga, bromoform source""}"
R0120,enteric methane production,enteric methane production,outcome,auto-added from edge,"{""id"": ""enteric methane production"", ""node_type"": ""outcome"", ""description"": ""auto-added from edge""}"
R0121,Asparagopsis taxiformis,Asparagopsis taxiformis,plant_species,"red macroalga, bromoform source","{""id"": ""Asparagopsis taxiformis"", ""node_type"": ""plant_species"", ""description"": ""red macroalga, bromoform source""}"
R0121,bromoform,bromoform,plant_metabolite,halogenated methane analogue,"{""id"": ""bromoform"", ""node_type"": ""plant_metabolite"", ""description"": ""halogenated methane analogue""}"
R0121,methanogens,methanogens,rumen_archaea,"rumen methanogens including Methanobacteriales, Methanomassiliicoccales, Methanomicrobiales","{""id"": ""methanogens"", ""node_type"": ""rumen_archaea"", ""description"": ""rumen methanogens including Methanobacteriales, Methanomassiliicoccales, Methanomicrobiales""}"
R0121,methane yield,methane yield,outcome,enteric methane production,"{""id"": ""methane yield"", ""node_type"": ""outcome"", ""description"": ""enteric methane production""}"
R0121,hydrogen concentration,hydrogen concentration,outcome,headspace hydrogen concentration,"{""id"": ""hydrogen concentration"", ""node_type"": ""outcome"", ""description"": ""headspace hydrogen concentration""}"
R0122,Asparagopsis taxiformis,Asparagopsis taxiformis,plant_species,"red macroalga, bromoform source","{""id"": ""Asparagopsis taxiformis"", ""node_type"": ""plant_species"", ""description"": ""red macroalga, bromoform source""}"
R0122,bromoform,bromoform,plant_metabolite,"halogenated compound, main bioactive","{""id"": ""bromoform"", ""node_type"": ""plant_metabolite"", ""description"": ""halogenated compound, main bioactive""}"
R0122,dibromochloromethane,dibromochloromethane,plant_metabolite,halogenated compound,"{""id"": ""dibromochloromethane"", ""node_type"": ""plant_metabolite"", ""description"": ""halogenated compound""}"
R0122,methane,methane,outcome,methane production,"{""id"": ""methane"", ""node_type"": ""outcome"", ""description"": ""methane production""}"
R0123,Ascophyllum nodosum,Ascophyllum nodosum,plant_species,brown seaweed,"{""id"": ""Ascophyllum nodosum"", ""node_type"": ""plant_species"", ""description"": ""brown seaweed""}"
R0123,Laminaria digitata,Laminaria digitata,plant_species,brown seaweed,"{""id"": ""Laminaria digitata"", ""node_type"": ""plant_species"", ""description"": ""brown seaweed""}"
R0123,chitosan,chitosan,feed_additive,soluble chitosan from crustaceans,"{""id"": ""chitosan"", ""node_type"": ""feed_additive"", ""description"": ""soluble chitosan from crustaceans""}"
R0123,ivy fruit extract,ivy fruit extract,feed_additive,rich in saponins,"{""id"": ""ivy fruit extract"", ""node_type"": ""feed_additive"", ""description"": ""rich in saponins""}"
R0123,methane,methane,outcome,methane production,"{""id"": ""methane"", ""node_type"": ""outcome"", ""description"": ""methane production""}"
R0123,ciliate protozoa,ciliate protozoa,rumen_protozoa,protozoal activity measured by 14C-labelled bacteria,"{""id"": ""ciliate protozoa"", ""node_type"": ""rumen_protozoa"", ""description"": ""protozoal activity measured by 14C-labelled bacteria""}"
R0123,VFA,VFA,outcome,volatile fatty acids,"{""id"": ""VFA"", ""node_type"": ""outcome"", ""description"": ""volatile fatty acids""}"
R0124,Mastocarpus stellatus,Mastocarpus stellatus,plant_species,red seaweed,"{""id"": ""Mastocarpus stellatus"", ""node_type"": ""plant_species"", ""description"": ""red seaweed""}"
R0124,Palmaria palmata,Palmaria palmata,plant_species,red seaweed,"{""id"": ""Palmaria palmata"", ""node_type"": ""plant_species"", ""description"": ""red seaweed""}"
R0124,Porphyra sp.,Porphyra sp.,plant_species,red seaweed,"{""id"": ""Porphyra sp."", ""node_type"": ""plant_species"", ""description"": ""red seaweed""}"
R0124,Alaria esculenta,Alaria esculenta,plant_species,brown seaweed,"{""id"": ""Alaria esculenta"", ""node_type"": ""plant_species"", ""description"": ""brown seaweed""}"
R0124,Laminaria digitata,Laminaria digitata,plant_species,brown seaweed,"{""id"": ""Laminaria digitata"", ""node_type"": ""plant_species"", ""description"": ""brown seaweed""}"
R0124,Pelvetia canaliculata,Pelvetia canaliculata,plant_species,brown seaweed,"{""id"": ""Pelvetia canaliculata"", ""node_type"": ""plant_species"", ""description"": ""brown seaweed""}"
R0124,Acrosiphonia sp.,Acrosiphonia sp.,plant_species,green seaweed,"{""id"": ""Acrosiphonia sp."", ""node_type"": ""plant_species"", ""description"": ""green seaweed""}"
R0124,methane,methane,outcome,methane production,"{""id"": ""methane"", ""node_type"": ""outcome"", ""description"": ""methane production""}"
R0124,volatile fatty acids,volatile fatty acids,outcome,total VFA production,"{""id"": ""volatile fatty acids"", ""node_type"": ""outcome"", ""description"": ""total VFA production""}"
R0124,ammonia-N,ammonia-N,outcome,ammonia nitrogen concentration,"{""id"": ""ammonia-N"", ""node_type"": ""outcome"", ""description"": ""ammonia nitrogen concentration""}"
R0125,Chondrus crispus,Chondrus crispus,plant_species,"red macroalga, Irish moss","{""id"": ""Chondrus crispus"", ""node_type"": ""plant_species"", ""description"": ""red macroalga, Irish moss""}"
R0125,Laminaria longicruris,Laminaria longicruris,plant_species,brown macroalga,"{""id"": ""Laminaria longicruris"", ""node_type"": ""plant_species"", ""description"": ""brown macroalga""}"
R0125,Fucus vesiculosus,Fucus vesiculosus,plant_species,brown macroalga,"{""id"": ""Fucus vesiculosus"", ""node_type"": ""plant_species"", ""description"": ""brown macroalga""}"
R0125,Furcellaria spp.,Furcellaria spp.,plant_species,red macroalga,"{""id"": ""Furcellaria spp."", ""node_type"": ""plant_species"", ""description"": ""red macroalga""}"
R0125,stormtoss shoreweed,stormtoss shoreweed,plant_species,mixture of seaweeds,"{""id"": ""stormtoss shoreweed"", ""node_type"": ""plant_species"", ""description"": ""mixture of seaweeds""}"
R0125,methane,methane,outcome,enteric methane emission,"{""id"": ""methane"", ""node_type"": ""outcome"", ""description"": ""enteric methane emission""}"
R0125,NH3-N,NH3-N,outcome,ammonia nitrogen,"{""id"": ""NH3-N"", ""node_type"": ""outcome"", ""description"": ""ammonia nitrogen""}"
R0126,Gelidium amansii,Gelidium amansii,plant_species,"red alga, Gelidaceae family","{""id"": ""Gelidium amansii"", ""node_type"": ""plant_species"", ""description"": ""red alga, Gelidaceae family""}"
R0126,methanogenic archaea,methanogenic archaea,rumen_archaea,methane-producing archaea in rumen,"{""id"": ""methanogenic archaea"", ""node_type"": ""rumen_archaea"", ""description"": ""methane-producing archaea in rumen""}"
R0126,Fibrobacter succinogenes,Fibrobacter succinogenes,rumen_bacteria,cellulolytic bacterium,"{""id"": ""Fibrobacter succinogenes"", ""node_type"": ""rumen_bacteria"", ""description"": ""cellulolytic bacterium""}"
R0126,Ruminococcus flavefaciens,Ruminococcus flavefaciens,rumen_bacteria,cellulolytic bacterium,"{""id"": ""Ruminococcus flavefaciens"", ""node_type"": ""rumen_bacteria"", ""description"": ""cellulolytic bacterium""}"
R0126,methane yield,methane yield,outcome,methane yield in rumen fermentation,"{""id"": ""methane yield"", ""node_type"": ""outcome"", ""description"": ""methane yield in rumen fermentation""}"
